-- MariaDB dump 10.19  Distrib 10.4.27-MariaDB, for Win64 (AMD64)
--
-- Host: 127.0.0.1    Database: it_nassargroup
-- ------------------------------------------------------
-- Server version	10.4.27-MariaDB

/*!40101 SET @OLD_CHARACTER_SET_CLIENT=@@CHARACTER_SET_CLIENT */;
/*!40101 SET @OLD_CHARACTER_SET_RESULTS=@@CHARACTER_SET_RESULTS */;
/*!40101 SET @OLD_COLLATION_CONNECTION=@@COLLATION_CONNECTION */;
/*!40101 SET NAMES utf8 */;
/*!40103 SET @OLD_TIME_ZONE=@@TIME_ZONE */;
/*!40103 SET TIME_ZONE='+00:00' */;
/*!40014 SET @OLD_UNIQUE_CHECKS=@@UNIQUE_CHECKS, UNIQUE_CHECKS=0 */;
/*!40014 SET @OLD_FOREIGN_KEY_CHECKS=@@FOREIGN_KEY_CHECKS, FOREIGN_KEY_CHECKS=0 */;
/*!40101 SET @OLD_SQL_MODE=@@SQL_MODE, SQL_MODE='NO_AUTO_VALUE_ON_ZERO' */;
/*!40111 SET @OLD_SQL_NOTES=@@SQL_NOTES, SQL_NOTES=0 */;

--
-- Table structure for table `access_points_inventory`
--

DROP TABLE IF EXISTS `access_points_inventory`;
/*!40101 SET @saved_cs_client     = @@character_set_client */;
/*!40101 SET character_set_client = utf8 */;
CREATE TABLE `access_points_inventory` (
  `id` int(10) unsigned NOT NULL AUTO_INCREMENT,
  `serial_number` varchar(50) NOT NULL,
  `model_id` int(10) unsigned NOT NULL,
  `site_activity_id` int(10) unsigned NOT NULL,
  `flag_id` int(10) unsigned NOT NULL,
  `employee_id` int(10) unsigned DEFAULT NULL,
  `created_by` bigint(20) unsigned NOT NULL,
  `created_at` timestamp NULL DEFAULT NULL,
  `updated_at` timestamp NULL DEFAULT NULL,
  `deleted_at` timestamp NULL DEFAULT NULL,
  PRIMARY KEY (`id`),
  UNIQUE KEY `serial_number` (`serial_number`),
  KEY `access_points_created_by_fk` (`created_by`),
  KEY `access_points_site_activity_id_fk` (`site_activity_id`),
  KEY `access_points_flag_id_fk` (`flag_id`),
  KEY `access_points_model_id_fk` (`model_id`),
  KEY `access_points_employee_id_fk` (`employee_id`),
  CONSTRAINT `access_points_created_by_fk` FOREIGN KEY (`created_by`) REFERENCES `users` (`id`),
  CONSTRAINT `access_points_employee_id_fk` FOREIGN KEY (`employee_id`) REFERENCES `employees` (`id`) ON DELETE NO ACTION ON UPDATE NO ACTION,
  CONSTRAINT `access_points_flag_id_fk` FOREIGN KEY (`flag_id`) REFERENCES `flags` (`id`),
  CONSTRAINT `access_points_model_id_fk` FOREIGN KEY (`model_id`) REFERENCES `inventory_models` (`id`) ON DELETE NO ACTION ON UPDATE NO ACTION,
  CONSTRAINT `access_points_site_activity_id_fk` FOREIGN KEY (`site_activity_id`) REFERENCES `sites_activities` (`id`)
) ENGINE=InnoDB AUTO_INCREMENT=24 DEFAULT CHARSET=utf8 COLLATE=utf8_unicode_ci;
/*!40101 SET character_set_client = @saved_cs_client */;

--
-- Dumping data for table `access_points_inventory`
--

LOCK TABLES `access_points_inventory` WRITE;
/*!40000 ALTER TABLE `access_points_inventory` DISABLE KEYS */;
INSERT INTO `access_points_inventory` VALUES (1,'13894008812',143,22,3,NULL,2,'2023-05-30 09:48:25','2023-12-25 15:16:40',NULL),(2,'139C3500719',143,22,3,NULL,2,'2023-05-30 09:51:02','2023-12-25 15:16:24',NULL),(3,'13L10GH8B01780',149,22,1,NULL,12,'2023-05-30 10:27:41','2023-05-30 10:27:41',NULL),(4,'13L10GH8B01782',149,22,1,NULL,12,'2023-05-30 10:28:14','2023-05-30 10:28:14',NULL),(5,'13667401774',151,22,1,NULL,12,'2023-05-30 11:04:46','2023-05-30 11:04:46',NULL),(6,'13667401775',151,22,1,NULL,12,'2023-05-30 12:41:10','2023-05-30 12:41:10',NULL),(7,'CNFZK9T9MG',154,1,1,NULL,7,'2023-05-30 13:13:47','2023-05-30 13:13:47',NULL),(8,'CNFZK9T9M9',154,1,1,NULL,7,'2023-05-30 13:14:50','2023-05-30 13:14:50',NULL),(9,'2196570010465',174,13,1,NULL,2,'2023-05-31 09:14:47','2023-05-31 09:14:47',NULL),(10,'218C821016212',172,13,1,NULL,2,'2023-05-31 09:49:07','2023-05-31 09:49:07',NULL),(11,'218C821016215',172,13,1,NULL,2,'2023-05-31 09:50:27','2023-05-31 09:50:27',NULL),(12,'220A469009694',172,13,1,NULL,2,'2023-05-31 09:51:18','2023-05-31 09:51:18',NULL),(13,'220C1B6017462',175,31,1,NULL,2,'2023-05-31 09:52:43','2023-05-31 09:52:43',NULL),(14,'21530314897S22009351',176,13,1,NULL,2,'2023-05-31 09:58:29','2023-05-31 09:58:29',NULL),(16,'13997401799',151,22,1,NULL,12,'2023-06-01 10:09:50','2023-06-01 10:10:19',NULL),(17,'13L10GH8B02822',149,6,1,NULL,5,'2023-06-03 13:59:31','2023-06-03 13:59:31',NULL),(18,'13L10GH8B01798',149,5,1,NULL,5,'2023-06-03 14:00:27','2023-06-03 14:00:27',NULL),(19,'13L10GH8B01914',149,5,1,NULL,5,'2023-06-03 14:01:25','2023-06-03 14:01:25',NULL),(20,'13L10GH1C02421',149,5,1,NULL,5,'2023-06-03 14:03:30','2023-06-03 14:03:30',NULL),(21,'13L10GH8B01799',149,5,1,NULL,5,'2023-06-03 14:05:41','2023-06-03 14:05:41',NULL),(22,'218B336006267',230,7,1,NULL,5,'2023-06-04 11:01:09','2023-06-04 11:01:09',NULL),(23,'13667401765',151,22,1,NULL,2,'2023-12-25 14:52:58','2023-12-25 14:52:58',NULL);
/*!40000 ALTER TABLE `access_points_inventory` ENABLE KEYS */;
UNLOCK TABLES;

--
-- Table structure for table `activities`
--

DROP TABLE IF EXISTS `activities`;
/*!40101 SET @saved_cs_client     = @@character_set_client */;
/*!40101 SET character_set_client = utf8 */;
CREATE TABLE `activities` (
  `id` int(10) unsigned NOT NULL AUTO_INCREMENT,
  `activity_name` varchar(50) CHARACTER SET utf8 COLLATE utf8_general_ci NOT NULL,
  `created_by` bigint(20) unsigned NOT NULL,
  `created_at` timestamp NULL DEFAULT NULL,
  `updated_at` timestamp NULL DEFAULT NULL,
  `deleted_at` timestamp NULL DEFAULT NULL,
  PRIMARY KEY (`id`),
  UNIQUE KEY `activity_name` (`activity_name`),
  KEY `activities_created_by_fk` (`created_by`),
  CONSTRAINT `activities_created_by_fk` FOREIGN KEY (`created_by`) REFERENCES `users` (`id`)
) ENGINE=InnoDB AUTO_INCREMENT=13 DEFAULT CHARSET=utf8 COLLATE=utf8_unicode_ci;
/*!40101 SET character_set_client = @saved_cs_client */;

--
-- Dumping data for table `activities`
--

LOCK TABLES `activities` WRITE;
/*!40000 ALTER TABLE `activities` DISABLE KEYS */;
INSERT INTO `activities` VALUES (1,'BTC',1,'2023-02-09 13:51:44','2023-02-09 13:51:44',NULL),(2,'IRAM',1,'2023-02-12 13:53:00','2023-02-12 13:53:00',NULL),(3,'SIRAN',1,'2023-02-12 13:53:11','2023-02-12 13:53:11',NULL),(4,'EG-DIAMOND',1,'2023-02-12 13:53:30','2023-02-12 13:53:30',NULL),(5,'JEWELRY-HOUSE',1,'2023-02-12 13:53:46','2023-02-12 13:53:46',NULL),(6,'ODESSEY',1,'2023-02-12 13:53:57','2023-02-12 13:53:57',NULL),(7,'EG-SILVER',1,'2023-02-12 13:54:12','2023-02-12 13:54:12',NULL),(8,'CONCEPT',1,'2023-02-12 13:59:19','2023-02-12 13:59:19',NULL),(9,'TRAVEL-BOUTIQUE',1,'2023-02-12 14:00:07','2023-02-12 14:00:07',NULL),(10,'SCHOOL',1,'2023-02-12 14:07:26','2023-02-12 14:07:26',NULL),(11,'NOOR-ELDEEN',1,'2023-02-12 15:24:04','2023-02-12 15:24:04',NULL),(12,'Central Department',1,'2023-05-28 09:29:50','2023-05-28 09:29:50',NULL);
/*!40000 ALTER TABLE `activities` ENABLE KEYS */;
UNLOCK TABLES;

--
-- Table structure for table `barcodes_inventory`
--

DROP TABLE IF EXISTS `barcodes_inventory`;
/*!40101 SET @saved_cs_client     = @@character_set_client */;
/*!40101 SET character_set_client = utf8 */;
CREATE TABLE `barcodes_inventory` (
  `id` int(10) unsigned NOT NULL AUTO_INCREMENT,
  `serial_number` varchar(50) NOT NULL,
  `model_id` int(10) unsigned NOT NULL,
  `site_activity_id` int(10) unsigned NOT NULL,
  `flag_id` int(10) unsigned NOT NULL,
  `employee_id` int(10) unsigned DEFAULT NULL,
  `created_by` bigint(20) unsigned NOT NULL,
  `created_at` timestamp NULL DEFAULT NULL,
  `updated_at` timestamp NULL DEFAULT NULL,
  `deleted_at` timestamp NULL DEFAULT NULL,
  PRIMARY KEY (`id`),
  UNIQUE KEY `serial_number` (`serial_number`),
  KEY `barcodes_created_by_fk` (`created_by`),
  KEY `barcodes_site_activity_id_fk` (`site_activity_id`),
  KEY `barcodes_flag_id_fk` (`flag_id`),
  KEY `barcodes_model_id_fk` (`model_id`),
  KEY `barcodes_emplyee_id_fk` (`employee_id`),
  CONSTRAINT `barcodes_created_by_fk` FOREIGN KEY (`created_by`) REFERENCES `users` (`id`),
  CONSTRAINT `barcodes_emplyee_id_fk` FOREIGN KEY (`employee_id`) REFERENCES `employees` (`id`) ON DELETE NO ACTION ON UPDATE NO ACTION,
  CONSTRAINT `barcodes_flag_id_fk` FOREIGN KEY (`flag_id`) REFERENCES `flags` (`id`),
  CONSTRAINT `barcodes_model_id_fk` FOREIGN KEY (`model_id`) REFERENCES `inventory_models` (`id`) ON DELETE NO ACTION ON UPDATE NO ACTION,
  CONSTRAINT `barcodes_site_activity_id_fk` FOREIGN KEY (`site_activity_id`) REFERENCES `sites_activities` (`id`)
) ENGINE=InnoDB AUTO_INCREMENT=2 DEFAULT CHARSET=utf8 COLLATE=utf8_unicode_ci;
/*!40101 SET character_set_client = @saved_cs_client */;

--
-- Dumping data for table `barcodes_inventory`
--

LOCK TABLES `barcodes_inventory` WRITE;
/*!40000 ALTER TABLE `barcodes_inventory` DISABLE KEYS */;
/*!40000 ALTER TABLE `barcodes_inventory` ENABLE KEYS */;
UNLOCK TABLES;

--
-- Table structure for table `brands`
--

DROP TABLE IF EXISTS `brands`;
/*!40101 SET @saved_cs_client     = @@character_set_client */;
/*!40101 SET character_set_client = utf8 */;
CREATE TABLE `brands` (
  `id` int(11) unsigned NOT NULL AUTO_INCREMENT,
  `brand_name` varchar(255) CHARACTER SET utf8 COLLATE utf8_general_ci NOT NULL,
  `created_by` bigint(20) unsigned NOT NULL,
  `created_at` timestamp NULL DEFAULT NULL,
  `updated_at` timestamp NULL DEFAULT NULL,
  `deleted_at` timestamp NULL DEFAULT NULL,
  PRIMARY KEY (`id`),
  UNIQUE KEY `brand_name` (`brand_name`),
  KEY `brands_created_by_fk` (`created_by`),
  CONSTRAINT `brands_created_by_fk` FOREIGN KEY (`created_by`) REFERENCES `users` (`id`)
) ENGINE=InnoDB AUTO_INCREMENT=31 DEFAULT CHARSET=utf8 COLLATE=utf8_unicode_ci;
/*!40101 SET character_set_client = @saved_cs_client */;

--
-- Dumping data for table `brands`
--

LOCK TABLES `brands` WRITE;
/*!40000 ALTER TABLE `brands` DISABLE KEYS */;
INSERT INTO `brands` VALUES (1,'HP',7,'2023-03-12 12:46:48','2023-03-12 12:46:48',NULL),(2,'Lenovo',7,'2023-03-12 13:08:36','2023-03-12 13:08:36',NULL),(3,'Dell',7,'2023-03-12 13:45:24','2023-03-12 13:45:24',NULL),(4,'SAMSUNG',7,'2023-03-12 13:51:31','2023-03-12 13:51:31',NULL),(5,'Canon',7,'2023-03-12 15:09:46','2023-03-12 15:09:46',NULL),(6,'ASUS',7,'2023-03-13 14:04:37','2023-03-13 14:04:37',NULL),(7,'ACER',7,'2023-03-13 14:06:36','2023-03-13 14:06:36',NULL),(8,'ZEBRA',7,'2023-03-14 09:40:55','2023-03-14 09:40:55',NULL),(9,'PLANAR',7,'2023-03-14 14:35:19','2023-03-14 14:35:19',NULL),(10,'Apple',7,'2023-03-14 15:16:41','2023-03-14 15:16:41',NULL),(11,'Epson',7,'2023-03-15 14:07:16','2023-03-15 14:07:16',NULL),(12,'Cisco',12,'2023-05-30 09:04:10','2023-05-30 09:04:10',NULL),(13,'Huawei',12,'2023-05-30 09:06:20','2023-05-30 09:06:20',NULL),(14,'NETGEAR',12,'2023-05-30 09:16:04','2023-05-30 09:16:04',NULL),(15,'TP-LINK',12,'2023-05-30 09:47:29','2023-05-30 09:47:29',NULL),(16,'Netis',12,'2023-05-30 09:57:04','2023-05-30 09:57:04',NULL),(17,'LINKSYS',12,'2023-05-30 10:27:06','2023-05-30 10:27:06',NULL),(18,'ARUBA',7,'2023-05-30 13:13:03','2023-05-30 13:13:03',NULL),(19,'D-Link',2,'2023-05-31 11:37:03','2023-05-31 11:37:03',NULL),(20,'Aethra',2,'2023-05-31 11:41:45','2023-05-31 11:41:45',NULL),(21,'ViewSonic',12,'2023-06-01 08:42:12','2023-06-01 08:42:12',NULL),(22,'ZTE',5,'2023-06-03 14:20:06','2023-06-03 14:20:06',NULL),(23,'Vodafone',5,'2023-06-03 14:24:17','2023-06-03 14:24:17',NULL),(25,'Point man',5,'2023-06-04 09:00:03','2023-06-04 09:00:03',NULL),(26,'TOSHIBA',5,'2023-06-10 15:09:12','2023-06-10 15:09:12',NULL),(27,'DATALOGIC',7,'2023-06-17 14:41:14','2023-06-17 14:41:14',NULL),(28,'ORANGE',7,'2023-06-17 14:49:11','2023-06-17 14:49:11',NULL),(29,'lenovo legion 5 pro',16,'2023-10-17 13:35:03','2023-10-17 13:35:03',NULL),(30,'Richo',2,'2023-12-25 14:47:53','2023-12-25 14:47:53',NULL);
/*!40000 ALTER TABLE `brands` ENABLE KEYS */;
UNLOCK TABLES;

--
-- Table structure for table `cpu_tb`
--

DROP TABLE IF EXISTS `cpu_tb`;
/*!40101 SET @saved_cs_client     = @@character_set_client */;
/*!40101 SET character_set_client = utf8 */;
CREATE TABLE `cpu_tb` (
  `id` int(10) unsigned NOT NULL AUTO_INCREMENT,
  `cpu_name` varchar(50) NOT NULL,
  `created_by` bigint(20) unsigned NOT NULL,
  `created_at` timestamp NULL DEFAULT NULL,
  `updated_at` timestamp NULL DEFAULT NULL,
  `deleted_at` timestamp NULL DEFAULT NULL,
  PRIMARY KEY (`id`),
  UNIQUE KEY `cpu_name` (`cpu_name`),
  KEY `cpu_created_by_fk` (`created_by`),
  CONSTRAINT `cpu_created_by_fk` FOREIGN KEY (`created_by`) REFERENCES `users` (`id`)
) ENGINE=InnoDB AUTO_INCREMENT=63 DEFAULT CHARSET=utf8 COLLATE=utf8_unicode_ci;
/*!40101 SET character_set_client = @saved_cs_client */;

--
-- Dumping data for table `cpu_tb`
--

LOCK TABLES `cpu_tb` WRITE;
/*!40000 ALTER TABLE `cpu_tb` DISABLE KEYS */;
INSERT INTO `cpu_tb` VALUES (1,'Intel Core i5-8th Gen',7,'2023-03-12 12:53:55','2023-03-12 12:53:55',NULL),(2,'Intel Core i5-10th Gen',7,'2023-03-12 13:06:19','2023-03-12 13:06:19',NULL),(3,'Intel Core i3-7th Gen',7,'2023-03-12 13:12:52','2023-03-12 13:12:52',NULL),(4,'Intel Core i7-10th Gen',7,'2023-03-12 13:38:35','2023-03-12 13:38:35',NULL),(5,'Intel Xeon E5-4640',7,'2023-03-12 13:46:38','2023-03-12 13:46:38',NULL),(6,'Intel Core i5-11th Gen',7,'2023-03-12 14:02:58','2023-03-12 14:02:58',NULL),(7,'Intel XEON E5-2650L',7,'2023-03-12 14:10:13','2023-03-12 14:10:13',NULL),(8,'Intel Core i5-9th Gen',7,'2023-03-12 14:23:43','2023-03-12 14:23:43',NULL),(9,'Intel Core i3-10th Gen',7,'2023-03-12 14:39:27','2023-03-12 14:39:27',NULL),(10,'Intel Core i5-6th Gen',7,'2023-03-12 14:43:01','2023-03-12 14:43:01',NULL),(11,'Intel Core i3-6th Gen',7,'2023-03-12 14:43:41','2023-03-12 14:43:41',NULL),(12,'Intel Core i7-6th Gen',7,'2023-03-12 14:47:12','2023-03-12 14:47:12',NULL),(13,'Intel Xeon 5160',7,'2023-03-12 14:58:16','2023-03-12 14:58:16',NULL),(14,'Intel Core 2 Quad Q9550',7,'2023-03-12 16:21:25','2023-03-12 16:21:25',NULL),(15,'Intel Core i5-4th Gen',7,'2023-03-12 16:25:31','2023-03-12 16:25:31',NULL),(16,'Intel Core i3-4th Gen',7,'2023-03-12 16:41:47','2023-03-12 16:41:47',NULL),(17,'Intel Core i7-3th Gen',7,'2023-03-13 09:13:32','2023-03-13 09:13:32',NULL),(18,'Intel Core i3-5th Gen',7,'2023-03-13 10:01:04','2023-03-13 10:01:04',NULL),(19,'Intel Xeon E5-2658',7,'2023-03-13 11:29:23','2023-03-13 11:29:23',NULL),(20,'Intel Xeon E5-2650 V3',7,'2023-03-13 11:45:02','2023-03-13 11:45:02',NULL),(21,'Intel Core i5-7th Gen',7,'2023-03-13 12:15:59','2023-03-13 12:15:59',NULL),(22,'Intel Core i7-8th Gen',7,'2023-03-13 13:03:30','2023-03-13 13:03:30',NULL),(23,'Intel Core Duo - E6750',7,'2023-03-13 13:30:27','2023-03-13 13:30:27',NULL),(24,'Intel Celeron - G1610',7,'2023-03-13 14:19:49','2023-03-13 14:19:49',NULL),(25,'Intel Core i7-11th Gen',7,'2023-03-14 08:58:47','2023-03-14 08:58:47',NULL),(26,'Intel Core i7-9th Gen',7,'2023-03-14 10:13:33','2023-03-14 10:13:33',NULL),(27,'Intel Core Xeon E5-2670',7,'2023-03-14 11:34:44','2023-03-14 11:34:44',NULL),(28,'Intel Xeon E5-1607',7,'2023-03-14 11:44:52','2023-03-14 11:44:52',NULL),(29,'Intel Core i3-3th Gen',7,'2023-03-14 14:41:19','2023-03-14 14:41:19',NULL),(30,'M1 chip with 8-core',7,'2023-03-14 15:19:02','2023-03-14 15:19:02',NULL),(31,'Intel Core 2 Duo - E6750',7,'2023-03-15 13:22:34','2023-03-15 13:22:34',NULL),(32,'Intel Core 2 Duo - E8400',7,'2023-03-15 13:26:49','2023-03-15 13:26:49',NULL),(33,'Intel Xeon E5-2660 V3',7,'2023-03-15 15:47:30','2023-03-15 15:47:30',NULL),(34,'Intel Core i7-7th Gen',7,'2023-03-22 14:55:18','2023-03-22 14:55:18',NULL),(35,'Intel Core I5-5th Gen',7,'2023-03-25 12:48:14','2023-03-25 12:48:14',NULL),(36,'Intel Pentium G2020',7,'2023-03-28 12:30:17','2023-03-28 12:30:17',NULL),(37,'AMD E1-6010 APU',7,'2023-03-28 12:56:29','2023-03-28 12:56:29',NULL),(38,'Intel Core 2 Duo E6550',7,'2023-05-09 09:07:30','2023-05-09 09:07:30',NULL),(39,'Intel Xeon E5-2660 V4',7,'2023-05-20 08:17:24','2023-05-20 08:17:24',NULL),(40,'Intel Xeon E7540',8,'2023-05-28 13:54:51','2023-05-28 13:54:51',NULL),(41,'Xeon E5440',12,'2023-05-29 15:00:15','2023-05-29 15:00:15',NULL),(42,'Xeon E3120',12,'2023-05-29 15:01:29','2023-05-29 15:01:29',NULL),(43,'Xeon L5420',12,'2023-05-29 15:18:46','2023-05-29 15:18:46',NULL),(44,'Intel xeon x5650',5,'2023-05-29 15:27:22','2023-05-29 15:27:22',NULL),(45,'E5 -2658',5,'2023-05-29 15:41:49','2023-05-29 15:41:49',NULL),(46,'Intel Xeon E5-1650',2,'2023-05-30 17:06:10','2023-05-30 17:06:10',NULL),(47,'Intel Xeon E7- 8837',2,'2023-05-30 17:55:48','2023-05-30 17:55:48',NULL),(48,'intel Xeon E5-2697',11,'2023-06-01 06:11:12','2023-06-01 06:11:12',NULL),(49,'intel Xeon E5-2679',11,'2023-06-01 06:22:32','2023-06-01 06:22:32',NULL),(50,'intel Xeon E5-2620',11,'2023-06-01 09:11:37','2023-06-01 09:11:37',NULL),(51,'intel Xeon E5-1620',11,'2023-06-01 10:20:02','2023-06-01 10:20:02',NULL),(52,'N/A',12,'2023-06-01 10:29:46','2023-06-01 10:29:46',NULL),(53,'2 * Intel Xeon E5620',2,'2023-06-01 14:32:07','2023-06-01 14:32:07',NULL),(54,'AMD PHENOM X4B95',5,'2023-06-04 16:03:34','2023-06-04 16:03:34',NULL),(55,'AMD ATHLON300U',5,'2023-06-10 16:13:00','2023-06-10 16:13:00',NULL),(56,'4 * Intel Xeon E7- 8837',2,'2023-06-12 21:16:53','2023-06-12 21:16:53',NULL),(57,'intel®xeon®cpuE5-2650vz',14,'2023-06-17 08:30:34','2023-06-17 08:30:34',NULL),(58,'opteron™4386 .',14,'2023-06-17 10:29:15','2023-06-17 10:29:15',NULL),(59,'intel i5 evo processor',16,'2023-08-27 12:15:11','2023-08-27 12:15:11',NULL),(60,'i7-11800H',16,'2023-10-17 13:35:40','2023-10-17 13:35:40',NULL),(61,'Intel Pentium D',2,'2023-12-25 14:05:37','2023-12-25 14:05:37',NULL),(62,'Core i5-12th',16,'2024-01-30 16:34:47','2024-01-30 16:34:47',NULL);
/*!40000 ALTER TABLE `cpu_tb` ENABLE KEYS */;
UNLOCK TABLES;

--
-- Table structure for table `delivered_access_points_inventory`
--

DROP TABLE IF EXISTS `delivered_access_points_inventory`;
/*!40101 SET @saved_cs_client     = @@character_set_client */;
/*!40101 SET character_set_client = utf8 */;
CREATE TABLE `delivered_access_points_inventory` (
  `id` int(10) unsigned NOT NULL AUTO_INCREMENT,
  `access_point_id` int(10) unsigned NOT NULL,
  `employee_id` int(10) unsigned NOT NULL,
  `created_by` bigint(20) unsigned NOT NULL,
  `backed_by` bigint(20) unsigned DEFAULT NULL,
  `created_at` timestamp NULL DEFAULT NULL,
  `updated_at` timestamp NULL DEFAULT NULL,
  `deleted_at` timestamp NULL DEFAULT NULL,
  PRIMARY KEY (`id`),
  KEY `delivered_access_points_created_by_fk` (`created_by`),
  KEY `delivered_access_points_employee_id_fk` (`employee_id`),
  KEY `delivered_access_points_access_point_fk` (`access_point_id`),
  KEY `delivered_access_points_backed_by_fk` (`backed_by`),
  CONSTRAINT `delivered_access_points_access_point_fk` FOREIGN KEY (`access_point_id`) REFERENCES `access_points_inventory` (`id`) ON DELETE NO ACTION ON UPDATE NO ACTION,
  CONSTRAINT `delivered_access_points_backed_by_fk` FOREIGN KEY (`backed_by`) REFERENCES `users` (`id`) ON DELETE NO ACTION ON UPDATE NO ACTION,
  CONSTRAINT `delivered_access_points_created_by_fk` FOREIGN KEY (`created_by`) REFERENCES `users` (`id`) ON DELETE NO ACTION ON UPDATE NO ACTION,
  CONSTRAINT `delivered_access_points_employee_id_fk` FOREIGN KEY (`employee_id`) REFERENCES `employees` (`id`) ON DELETE NO ACTION ON UPDATE NO ACTION
) ENGINE=InnoDB DEFAULT CHARSET=utf8 COLLATE=utf8_unicode_ci;
/*!40101 SET character_set_client = @saved_cs_client */;

--
-- Dumping data for table `delivered_access_points_inventory`
--

LOCK TABLES `delivered_access_points_inventory` WRITE;
/*!40000 ALTER TABLE `delivered_access_points_inventory` DISABLE KEYS */;
/*!40000 ALTER TABLE `delivered_access_points_inventory` ENABLE KEYS */;
UNLOCK TABLES;

--
-- Table structure for table `delivered_barcodes_inventory`
--

DROP TABLE IF EXISTS `delivered_barcodes_inventory`;
/*!40101 SET @saved_cs_client     = @@character_set_client */;
/*!40101 SET character_set_client = utf8 */;
CREATE TABLE `delivered_barcodes_inventory` (
  `id` int(10) unsigned NOT NULL AUTO_INCREMENT,
  `barcode_id` int(10) unsigned NOT NULL,
  `employee_id` int(10) unsigned NOT NULL,
  `created_by` bigint(20) unsigned NOT NULL,
  `backed_by` bigint(20) unsigned DEFAULT NULL,
  `created_at` timestamp NULL DEFAULT NULL,
  `updated_at` timestamp NULL DEFAULT NULL,
  `deleted_at` timestamp NULL DEFAULT NULL,
  PRIMARY KEY (`id`),
  KEY `delivered_barcodes_created_by_fk` (`created_by`),
  KEY `delivered_barcodes_employee_id_fk` (`employee_id`),
  KEY `delivered_barcodes_barcode_id_fk` (`barcode_id`),
  KEY `delivered_barcodes_backed_by_fk_idx` (`backed_by`),
  CONSTRAINT `delivered_barcodes_backed_by_fk` FOREIGN KEY (`backed_by`) REFERENCES `users` (`id`) ON DELETE NO ACTION ON UPDATE NO ACTION,
  CONSTRAINT `delivered_barcodes_barcode_id_fk` FOREIGN KEY (`barcode_id`) REFERENCES `barcodes_inventory` (`id`) ON DELETE NO ACTION ON UPDATE NO ACTION,
  CONSTRAINT `delivered_barcodes_created_by_fk` FOREIGN KEY (`created_by`) REFERENCES `users` (`id`) ON DELETE NO ACTION ON UPDATE NO ACTION,
  CONSTRAINT `delivered_barcodes_employee_id_fk` FOREIGN KEY (`employee_id`) REFERENCES `employees` (`id`) ON DELETE NO ACTION ON UPDATE NO ACTION
) ENGINE=InnoDB DEFAULT CHARSET=utf8 COLLATE=utf8_unicode_ci;
/*!40101 SET character_set_client = @saved_cs_client */;

--
-- Dumping data for table `delivered_barcodes_inventory`
--

LOCK TABLES `delivered_barcodes_inventory` WRITE;
/*!40000 ALTER TABLE `delivered_barcodes_inventory` DISABLE KEYS */;
/*!40000 ALTER TABLE `delivered_barcodes_inventory` ENABLE KEYS */;
UNLOCK TABLES;

--
-- Table structure for table `delivered_laptops_inventory`
--

DROP TABLE IF EXISTS `delivered_laptops_inventory`;
/*!40101 SET @saved_cs_client     = @@character_set_client */;
/*!40101 SET character_set_client = utf8 */;
CREATE TABLE `delivered_laptops_inventory` (
  `id` int(10) unsigned NOT NULL AUTO_INCREMENT,
  `laptop_id` int(10) unsigned NOT NULL,
  `employee_id` int(10) unsigned NOT NULL,
  `created_by` bigint(20) unsigned NOT NULL,
  `backed_by` bigint(20) unsigned DEFAULT NULL,
  `created_at` timestamp NULL DEFAULT NULL,
  `updated_at` timestamp NULL DEFAULT NULL,
  `deleted_at` timestamp NULL DEFAULT NULL,
  PRIMARY KEY (`id`),
  KEY `delivered_laptop_created_by_fk` (`created_by`),
  KEY `delivered_laptop_laptop_id_fk` (`laptop_id`),
  KEY `delivered_laptop_employee_id_fk` (`employee_id`),
  KEY `delivered_laptop_backed_by_fk` (`backed_by`),
  CONSTRAINT `delivered_laptop_backed_by_fk` FOREIGN KEY (`backed_by`) REFERENCES `users` (`id`) ON DELETE NO ACTION ON UPDATE NO ACTION,
  CONSTRAINT `delivered_laptop_created_by_fk` FOREIGN KEY (`created_by`) REFERENCES `users` (`id`) ON DELETE NO ACTION ON UPDATE NO ACTION,
  CONSTRAINT `delivered_laptop_employee_id_fk` FOREIGN KEY (`employee_id`) REFERENCES `employees` (`id`) ON DELETE NO ACTION ON UPDATE NO ACTION,
  CONSTRAINT `delivered_laptop_laptop_id_fk` FOREIGN KEY (`laptop_id`) REFERENCES `laptops_inventory` (`id`) ON DELETE NO ACTION ON UPDATE NO ACTION
) ENGINE=InnoDB AUTO_INCREMENT=223 DEFAULT CHARSET=utf8 COLLATE=utf8_unicode_ci;
/*!40101 SET character_set_client = @saved_cs_client */;

--
-- Dumping data for table `delivered_laptops_inventory`
--

LOCK TABLES `delivered_laptops_inventory` WRITE;
/*!40000 ALTER TABLE `delivered_laptops_inventory` DISABLE KEYS */;
INSERT INTO `delivered_laptops_inventory` VALUES (1,1,1011,7,7,'2023-03-12 12:56:02','2023-05-17 11:47:14',NULL),(3,53,1697,2,NULL,'2023-03-13 16:09:31',NULL,NULL),(4,54,1696,2,NULL,'2023-03-13 16:13:38',NULL,NULL),(5,56,1698,2,NULL,'2023-03-13 17:17:35',NULL,NULL),(6,55,1699,2,NULL,'2023-03-13 18:28:26',NULL,NULL),(7,57,1700,2,7,'2023-03-13 18:42:34','2023-05-02 12:37:01',NULL),(8,58,1701,2,NULL,'2023-03-13 18:58:56',NULL,NULL),(9,59,1702,2,7,'2023-03-13 19:30:19','2023-03-29 11:04:58',NULL),(10,93,1703,2,NULL,'2023-03-15 12:39:04',NULL,NULL),(11,114,1704,2,NULL,'2023-03-16 12:46:07',NULL,NULL),(12,126,1426,7,15,'2023-03-25 11:01:11','2023-08-13 13:28:24',NULL),(13,75,1705,7,NULL,'2023-03-25 11:44:32',NULL,NULL),(14,127,592,7,16,'2023-03-25 12:40:19','2023-12-26 14:45:52',NULL),(15,128,140,7,NULL,'2023-03-25 12:50:39',NULL,NULL),(16,19,765,7,NULL,'2023-03-25 12:54:44',NULL,NULL),(17,17,1201,7,1,'2023-03-25 12:59:45','2023-03-27 14:14:33',NULL),(18,17,1201,1,NULL,'2023-03-27 14:17:53',NULL,NULL),(19,130,431,7,7,'2023-03-28 11:47:54','2023-05-17 11:44:40',NULL),(20,132,1702,7,NULL,'2023-03-29 11:10:33',NULL,NULL),(21,133,1707,7,NULL,'2023-04-08 10:51:35',NULL,NULL),(22,134,288,7,NULL,'2023-04-08 11:18:55',NULL,NULL),(23,120,661,7,NULL,'2023-04-12 10:16:35',NULL,NULL),(24,135,1298,7,NULL,'2023-04-12 10:50:07',NULL,NULL),(25,12,812,7,NULL,'2023-04-18 11:24:50',NULL,NULL),(26,136,758,7,NULL,'2023-05-02 09:10:50',NULL,NULL),(27,137,938,7,7,'2023-05-02 09:18:36','2023-06-17 09:42:26',NULL),(28,8,873,7,7,'2023-05-02 09:23:31','2023-06-17 09:46:49',NULL),(29,7,63,7,7,'2023-05-02 09:29:02','2023-06-18 10:56:44',NULL),(30,138,1300,7,NULL,'2023-05-02 09:37:04',NULL,NULL),(31,13,961,7,NULL,'2023-05-02 09:48:54',NULL,NULL),(32,139,61,7,7,'2023-05-02 12:21:50','2023-06-17 09:53:42',NULL),(33,4,133,7,9,'2023-05-02 12:45:32','2023-07-18 18:03:07',NULL),(34,140,1708,7,7,'2023-05-02 13:26:00','2023-05-02 14:50:27',NULL),(35,57,1696,7,NULL,'2023-05-02 14:52:26',NULL,NULL),(36,5,1313,7,NULL,'2023-05-02 15:00:01',NULL,NULL),(37,141,1043,7,NULL,'2023-05-03 08:13:41',NULL,NULL),(38,131,1709,7,NULL,'2023-05-03 08:28:14',NULL,NULL),(39,106,1715,7,NULL,'2023-05-03 08:34:57',NULL,NULL),(40,142,624,7,NULL,'2023-05-03 08:42:35',NULL,NULL),(41,46,425,7,NULL,'2023-05-03 08:54:34',NULL,NULL),(42,143,1216,7,NULL,'2023-05-03 10:36:49',NULL,NULL),(43,33,872,7,15,'2023-05-03 10:53:21','2023-07-19 14:12:05',NULL),(44,26,361,7,16,'2023-05-03 10:56:49','2024-01-30 16:30:29',NULL),(45,27,1236,7,NULL,'2023-05-03 10:59:58',NULL,NULL),(46,124,988,7,NULL,'2023-05-03 11:32:10',NULL,NULL),(47,144,1249,7,NULL,'2023-05-03 12:57:04',NULL,NULL),(48,25,1268,7,NULL,'2023-05-03 13:02:25',NULL,NULL),(49,51,1081,7,NULL,'2023-05-03 13:06:15',NULL,NULL),(50,24,965,7,NULL,'2023-05-03 13:09:58',NULL,NULL),(51,145,1222,7,7,'2023-05-03 14:33:20','2023-06-14 12:51:47',NULL),(52,38,579,7,7,'2023-05-03 14:40:16','2023-06-14 14:44:11',NULL),(53,37,527,7,19,'2023-05-03 14:44:42','2023-09-18 11:43:10',NULL),(54,35,262,7,7,'2023-05-03 14:49:35','2023-06-14 14:34:09',NULL),(55,34,1614,7,NULL,'2023-05-03 14:52:46',NULL,NULL),(56,146,106,7,NULL,'2023-05-03 14:58:27',NULL,NULL),(57,68,475,7,NULL,'2023-05-07 12:09:11',NULL,NULL),(58,45,340,7,NULL,'2023-05-07 12:12:37',NULL,NULL),(59,43,536,7,NULL,'2023-05-07 14:24:23',NULL,NULL),(60,39,98,7,NULL,'2023-05-08 08:13:49',NULL,NULL),(61,147,46,7,NULL,'2023-05-08 09:04:14',NULL,NULL),(62,65,908,7,NULL,'2023-05-08 09:15:39',NULL,NULL),(63,70,1140,7,NULL,'2023-05-08 11:31:26',NULL,NULL),(64,148,1367,7,NULL,'2023-05-08 12:15:35',NULL,NULL),(65,18,178,7,16,'2023-05-08 12:34:52','2024-01-09 13:52:42',NULL),(66,149,154,7,NULL,'2023-05-08 14:29:39',NULL,NULL),(67,10,949,7,15,'2023-05-08 14:33:52','2023-07-19 14:09:56',NULL),(68,78,1718,7,NULL,'2023-05-08 15:14:06',NULL,NULL),(69,150,1722,7,NULL,'2023-05-08 15:45:40',NULL,NULL),(70,101,597,7,NULL,'2023-05-09 07:49:37',NULL,NULL),(71,151,1725,7,NULL,'2023-05-09 08:05:14',NULL,NULL),(72,89,593,7,NULL,'2023-05-09 08:52:41',NULL,NULL),(73,91,1728,7,NULL,'2023-05-09 09:00:33',NULL,NULL),(74,85,936,7,NULL,'2023-05-09 13:30:44',NULL,NULL),(75,61,97,7,NULL,'2023-05-09 13:37:06',NULL,NULL),(76,86,934,7,NULL,'2023-05-09 14:08:10',NULL,NULL),(77,95,1736,7,NULL,'2023-05-09 14:23:31',NULL,NULL),(78,92,1239,7,NULL,'2023-05-09 14:29:39',NULL,NULL),(79,99,113,7,NULL,'2023-05-09 14:34:34',NULL,NULL),(80,96,1737,7,NULL,'2023-05-09 14:40:50',NULL,NULL),(81,152,132,7,NULL,'2023-05-09 14:46:56',NULL,NULL),(82,129,257,7,NULL,'2023-05-13 13:36:19',NULL,NULL),(83,153,904,7,NULL,'2023-05-13 14:00:54',NULL,NULL),(84,84,1738,7,NULL,'2023-05-14 10:36:33',NULL,NULL),(85,100,1289,7,NULL,'2023-05-14 10:54:00',NULL,NULL),(86,154,23,7,NULL,'2023-05-14 11:01:59',NULL,NULL),(87,155,858,7,NULL,'2023-05-14 14:03:27',NULL,NULL),(88,42,1740,7,15,'2023-05-16 08:33:14','2023-07-19 14:12:47',NULL),(89,130,1011,7,7,'2023-05-17 11:45:32','2023-05-17 11:47:28',NULL),(90,130,1011,7,7,'2023-05-17 11:49:11','2023-05-17 11:52:18',NULL),(91,130,1011,7,7,'2023-05-17 11:52:58','2023-05-17 11:53:47',NULL),(92,130,1011,7,15,'2023-05-17 11:55:18','2023-09-06 12:14:09',NULL),(93,156,1706,7,9,'2023-05-20 08:08:29','2023-08-10 12:30:22',NULL),(94,158,1741,7,15,'2023-05-22 14:03:31','2023-07-19 13:49:54',NULL),(95,157,1742,7,NULL,'2023-05-23 12:01:22',NULL,NULL),(96,82,1743,7,NULL,'2023-05-23 12:15:19',NULL,NULL),(97,161,1840,7,7,'2023-05-29 08:31:34','2023-05-29 08:33:41',NULL),(98,161,1840,7,NULL,'2023-05-29 08:34:29',NULL,NULL),(99,159,1876,7,15,'2023-05-29 11:08:49','2023-07-19 13:38:47',NULL),(100,64,1251,7,NULL,'2023-05-29 11:15:58',NULL,NULL),(101,23,1294,7,15,'2023-05-29 14:37:36','2023-12-12 13:54:38',NULL),(102,162,1894,12,NULL,'2023-05-29 14:49:19',NULL,NULL),(103,163,1891,12,12,'2023-05-29 14:50:49','2023-05-30 09:32:24',NULL),(104,164,1889,12,NULL,'2023-05-29 14:52:20',NULL,NULL),(105,165,1890,12,NULL,'2023-05-29 14:56:57',NULL,NULL),(106,163,1891,12,NULL,'2023-05-30 09:33:19',NULL,NULL),(107,83,145,7,NULL,'2023-05-30 10:52:40',NULL,NULL),(108,29,65,7,7,'2023-05-30 11:52:17','2023-05-31 08:27:36',NULL),(109,167,1744,11,NULL,'2023-05-30 11:56:56',NULL,NULL),(110,168,1750,11,NULL,'2023-05-30 12:07:43',NULL,NULL),(111,169,1757,11,NULL,'2023-05-30 12:22:24',NULL,NULL),(112,170,1752,11,NULL,'2023-05-30 12:33:44',NULL,NULL),(113,29,361,7,NULL,'2023-05-31 08:28:13',NULL,NULL),(114,123,943,7,NULL,'2023-05-31 11:28:56',NULL,NULL),(115,160,65,7,7,'2023-05-31 13:52:49','2023-05-31 14:28:33',NULL),(116,160,65,7,7,'2023-05-31 14:28:52','2023-06-05 08:03:12',NULL),(117,173,1828,11,NULL,'2023-06-01 10:40:45',NULL,NULL),(118,174,1830,11,NULL,'2023-06-03 08:50:48',NULL,NULL),(119,175,1833,11,NULL,'2023-06-03 08:59:33',NULL,NULL),(120,176,1832,11,11,'2023-06-03 09:03:55','2023-06-03 09:56:54',NULL),(121,177,1827,11,NULL,'2023-06-03 09:26:33',NULL,NULL),(122,178,1829,11,NULL,'2023-06-03 09:28:41',NULL,NULL),(123,179,1831,11,NULL,'2023-06-03 09:31:10',NULL,NULL),(124,180,1834,11,NULL,'2023-06-03 09:34:51',NULL,NULL),(125,181,1825,11,NULL,'2023-06-03 09:48:35',NULL,NULL),(126,176,1832,11,NULL,'2023-06-03 10:52:49',NULL,NULL),(127,90,1915,7,7,'2023-06-05 07:53:17','2023-06-05 07:58:43',NULL),(128,182,1916,7,7,'2023-06-05 07:56:16','2023-06-05 07:58:31',NULL),(129,90,1915,7,NULL,'2023-06-05 07:59:36',NULL,NULL),(130,182,1916,7,NULL,'2023-06-05 08:00:36',NULL,NULL),(131,183,65,7,NULL,'2023-06-05 08:09:27',NULL,NULL),(132,184,812,7,NULL,'2023-06-07 08:18:40',NULL,NULL),(133,171,1918,2,NULL,'2023-06-07 19:03:02',NULL,NULL),(134,172,1928,2,2,'2023-06-12 10:05:01','2023-06-12 20:00:40',NULL),(135,69,353,7,NULL,'2023-06-13 11:57:41',NULL,NULL),(136,204,1222,7,NULL,'2023-06-14 12:56:10',NULL,NULL),(137,194,262,7,NULL,'2023-06-14 14:36:23',NULL,NULL),(138,35,579,7,NULL,'2023-06-14 14:45:07',NULL,NULL),(139,137,938,7,NULL,'2023-06-17 09:43:21',NULL,NULL),(140,203,873,7,NULL,'2023-06-17 09:47:52',NULL,NULL),(141,59,61,7,NULL,'2023-06-17 09:54:30',NULL,NULL),(142,195,791,7,NULL,'2023-06-17 11:46:05',NULL,NULL),(143,207,1930,7,NULL,'2023-06-17 13:18:31',NULL,NULL),(144,199,63,7,NULL,'2023-06-18 10:55:41',NULL,NULL),(145,172,1932,2,2,'2023-06-18 11:28:55','2023-06-18 18:25:49',NULL),(146,197,667,7,NULL,'2023-06-18 11:50:52',NULL,NULL),(147,172,1934,2,4,'2023-06-18 18:26:13','2023-12-06 12:56:04',NULL),(148,198,1343,7,15,'2023-06-24 09:07:11','2023-07-24 15:12:49',NULL),(149,208,1936,7,1,'2023-06-26 12:44:56','2023-08-08 13:25:53',NULL),(150,209,1937,15,NULL,'2023-07-04 11:34:26',NULL,NULL),(151,200,133,15,NULL,'2023-07-04 14:05:42',NULL,NULL),(152,145,1938,9,9,'2023-07-05 13:26:33','2023-07-08 20:25:31',NULL),(153,139,1939,9,NULL,'2023-07-06 18:08:23',NULL,NULL),(154,38,1940,9,NULL,'2023-07-08 20:09:24',NULL,NULL),(155,32,1941,9,9,'2023-07-08 20:15:48','2023-07-11 11:37:01',NULL),(156,7,1942,9,9,'2023-07-08 20:22:54','2023-07-11 11:36:41',NULL),(157,145,1938,9,1,'2023-07-08 20:26:10','2023-07-11 13:03:11',NULL),(158,8,1943,9,NULL,'2023-07-08 20:29:57',NULL,NULL),(159,7,1941,9,NULL,'2023-07-11 11:38:33',NULL,NULL),(160,32,1942,9,NULL,'2023-07-11 11:40:20',NULL,NULL),(161,145,1944,9,NULL,'2023-07-11 13:05:13',NULL,NULL),(162,210,1945,9,NULL,'2023-07-12 12:10:58',NULL,NULL),(163,4,1938,9,NULL,'2023-07-18 18:05:03',NULL,NULL),(164,159,1949,15,NULL,'2023-07-19 13:46:12',NULL,NULL),(165,201,1950,9,NULL,'2023-07-19 13:50:18',NULL,NULL),(166,158,1948,15,NULL,'2023-07-19 13:50:25',NULL,NULL),(167,196,1951,9,NULL,'2023-07-19 14:08:47',NULL,NULL),(168,10,872,15,NULL,'2023-07-19 14:11:12',NULL,NULL),(169,42,1426,15,NULL,'2023-07-19 14:16:02',NULL,NULL),(170,28,1952,15,16,'2023-07-19 14:19:56','2023-09-06 11:32:43',NULL),(171,198,1343,15,NULL,'2023-07-24 15:13:39',NULL,NULL),(172,211,1359,15,15,'2023-07-24 16:04:59','2023-07-24 16:06:53',NULL),(173,211,1953,15,NULL,'2023-07-24 16:08:02',NULL,NULL),(174,212,1954,15,15,'2023-07-25 13:13:36','2023-07-25 13:36:11',NULL),(175,212,1954,15,NULL,'2023-07-25 13:37:15',NULL,NULL),(176,213,65,15,NULL,'2023-07-31 11:20:43',NULL,NULL),(177,214,982,15,NULL,'2023-08-01 11:17:29',NULL,NULL),(178,208,1955,2,NULL,'2023-08-08 13:36:10',NULL,NULL),(179,216,130,9,NULL,'2023-08-10 11:49:05',NULL,NULL),(180,156,1706,9,NULL,'2023-08-10 12:32:24',NULL,NULL),(181,126,67,15,16,'2023-08-13 13:29:07','2024-01-31 14:31:13',NULL),(182,217,1956,16,16,'2023-08-27 12:19:17','2023-11-22 14:25:08',NULL),(183,67,1957,9,NULL,'2023-08-31 14:49:09',NULL,NULL),(184,218,1958,16,16,'2023-09-06 11:16:11','2023-09-06 11:32:09',NULL),(185,28,1959,16,NULL,'2023-09-06 11:34:22',NULL,NULL),(186,218,1952,16,9,'2023-09-06 11:35:00','2023-10-01 01:09:19',NULL),(187,219,1960,16,NULL,'2023-09-06 11:47:20',NULL,NULL),(188,220,1958,16,NULL,'2023-09-06 11:53:49',NULL,NULL),(189,130,1962,15,NULL,'2023-09-06 12:19:12',NULL,NULL),(190,119,1963,9,NULL,'2023-09-06 15:00:03',NULL,NULL),(191,33,1964,16,16,'2023-09-12 14:02:48','2023-09-12 14:15:37',NULL),(192,33,1964,16,NULL,'2023-09-12 14:16:47',NULL,NULL),(193,37,1965,19,19,'2023-09-18 11:51:42','2023-09-18 11:52:29',NULL),(194,37,1965,19,NULL,'2023-09-18 11:53:30',NULL,NULL),(195,221,1966,9,NULL,'2023-10-01 01:01:16',NULL,NULL),(196,218,1967,9,NULL,'2023-10-01 01:10:53',NULL,NULL),(197,222,1968,9,NULL,'2023-10-01 01:25:17',NULL,NULL),(198,223,1970,19,NULL,'2023-10-12 10:10:59',NULL,NULL),(199,224,1971,19,NULL,'2023-10-12 10:12:49',NULL,NULL),(200,225,1972,19,NULL,'2023-10-12 10:25:15',NULL,NULL),(201,226,1878,16,NULL,'2023-10-17 11:44:29',NULL,NULL),(202,227,1977,9,NULL,'2023-11-07 12:39:25',NULL,NULL),(203,228,1981,9,NULL,'2023-11-11 18:15:51',NULL,NULL),(204,217,1985,16,NULL,'2023-11-22 14:26:16',NULL,NULL),(205,172,1986,4,NULL,'2023-12-06 13:02:58',NULL,NULL),(206,229,1987,4,NULL,'2023-12-11 12:04:01',NULL,NULL),(207,23,1988,15,NULL,'2023-12-12 13:56:07',NULL,NULL),(208,1,1989,1,NULL,'2023-12-21 12:23:51',NULL,NULL),(209,166,1991,2,NULL,'2023-12-25 14:24:22',NULL,NULL),(210,18,107,16,NULL,'2024-01-09 13:53:26',NULL,NULL),(211,230,1992,16,NULL,'2024-01-09 14:36:29',NULL,NULL),(212,231,1994,19,16,'2024-01-29 13:16:59','2024-01-30 11:31:51',NULL),(213,233,1994,16,NULL,'2024-01-30 11:32:21',NULL,NULL),(214,231,1995,16,NULL,'2024-01-30 11:33:35',NULL,NULL),(215,232,1996,16,16,'2024-01-30 14:14:09','2024-01-30 14:38:24',NULL),(216,232,1996,16,NULL,'2024-01-30 14:38:57',NULL,NULL),(217,234,361,16,NULL,'2024-01-30 16:36:52',NULL,NULL),(218,26,159,16,16,'2024-01-30 16:50:58','2024-01-30 16:52:12',NULL),(219,26,1120,16,NULL,'2024-01-30 16:53:15',NULL,NULL),(220,235,159,16,NULL,'2024-01-30 17:00:38',NULL,NULL),(221,236,67,16,NULL,'2024-01-31 14:24:36',NULL,NULL),(222,126,1997,16,NULL,'2024-01-31 14:39:03',NULL,NULL);
/*!40000 ALTER TABLE `delivered_laptops_inventory` ENABLE KEYS */;
UNLOCK TABLES;

--
-- Table structure for table `delivered_modems_inventory`
--

DROP TABLE IF EXISTS `delivered_modems_inventory`;
/*!40101 SET @saved_cs_client     = @@character_set_client */;
/*!40101 SET character_set_client = utf8 */;
CREATE TABLE `delivered_modems_inventory` (
  `id` int(10) unsigned NOT NULL AUTO_INCREMENT,
  `modem_id` int(10) unsigned NOT NULL,
  `employee_id` int(10) unsigned NOT NULL,
  `created_by` bigint(20) unsigned NOT NULL,
  `backed_by` bigint(20) unsigned DEFAULT NULL,
  `created_at` timestamp NULL DEFAULT NULL,
  `updated_at` timestamp NULL DEFAULT NULL,
  `deleted_at` timestamp NULL DEFAULT NULL,
  PRIMARY KEY (`id`),
  KEY `delivered_modems_created_by_fk` (`created_by`),
  KEY `delivered_modems_employee_id_fk` (`employee_id`),
  KEY `delivered_modems_modem_id_fk` (`modem_id`),
  KEY `delivered_modems_backed_by_fk` (`backed_by`),
  CONSTRAINT `delivered_modems_backed_by_fk` FOREIGN KEY (`backed_by`) REFERENCES `users` (`id`) ON DELETE NO ACTION ON UPDATE NO ACTION,
  CONSTRAINT `delivered_modems_created_by_fk` FOREIGN KEY (`created_by`) REFERENCES `users` (`id`) ON DELETE NO ACTION ON UPDATE NO ACTION,
  CONSTRAINT `delivered_modems_employee_id_fk` FOREIGN KEY (`employee_id`) REFERENCES `employees` (`id`) ON DELETE NO ACTION ON UPDATE NO ACTION,
  CONSTRAINT `delivered_modems_modem_id_fk` FOREIGN KEY (`modem_id`) REFERENCES `modems_inventory` (`id`) ON DELETE NO ACTION ON UPDATE NO ACTION
) ENGINE=InnoDB AUTO_INCREMENT=2 DEFAULT CHARSET=utf8 COLLATE=utf8_unicode_ci;
/*!40101 SET character_set_client = @saved_cs_client */;

--
-- Dumping data for table `delivered_modems_inventory`
--

LOCK TABLES `delivered_modems_inventory` WRITE;
/*!40000 ALTER TABLE `delivered_modems_inventory` DISABLE KEYS */;
INSERT INTO `delivered_modems_inventory` VALUES (1,11,1930,7,NULL,'2023-06-17 14:50:45',NULL,NULL);
/*!40000 ALTER TABLE `delivered_modems_inventory` ENABLE KEYS */;
UNLOCK TABLES;

--
-- Table structure for table `delivered_pc_inventory`
--

DROP TABLE IF EXISTS `delivered_pc_inventory`;
/*!40101 SET @saved_cs_client     = @@character_set_client */;
/*!40101 SET character_set_client = utf8 */;
CREATE TABLE `delivered_pc_inventory` (
  `id` int(10) unsigned NOT NULL AUTO_INCREMENT,
  `pc_id` int(10) unsigned NOT NULL,
  `employee_id` int(10) unsigned NOT NULL,
  `created_by` bigint(20) unsigned NOT NULL,
  `backed_by` bigint(20) unsigned DEFAULT NULL,
  `created_at` timestamp NULL DEFAULT NULL,
  `updated_at` timestamp NULL DEFAULT NULL,
  `deleted_at` timestamp NULL DEFAULT NULL,
  PRIMARY KEY (`id`),
  KEY `delivered_pc_created_by_fk` (`created_by`),
  KEY `delivered_pc_pc_id_fk` (`pc_id`),
  KEY `delivered_pc_employee_id_fk` (`employee_id`),
  KEY `delivered_pc_backed_by_fk` (`backed_by`),
  CONSTRAINT `delivered_pc_backed_by_fk` FOREIGN KEY (`backed_by`) REFERENCES `users` (`id`) ON DELETE NO ACTION ON UPDATE NO ACTION,
  CONSTRAINT `delivered_pc_created_by_fk` FOREIGN KEY (`created_by`) REFERENCES `users` (`id`) ON DELETE NO ACTION ON UPDATE NO ACTION,
  CONSTRAINT `delivered_pc_employee_id_fk` FOREIGN KEY (`employee_id`) REFERENCES `employees` (`id`) ON DELETE NO ACTION ON UPDATE NO ACTION,
  CONSTRAINT `delivered_pc_pc_id_fk` FOREIGN KEY (`pc_id`) REFERENCES `pc_inventory` (`id`) ON DELETE NO ACTION ON UPDATE NO ACTION
) ENGINE=InnoDB AUTO_INCREMENT=170 DEFAULT CHARSET=utf8 COLLATE=utf8_unicode_ci;
/*!40101 SET character_set_client = @saved_cs_client */;

--
-- Dumping data for table `delivered_pc_inventory`
--

LOCK TABLES `delivered_pc_inventory` WRITE;
/*!40000 ALTER TABLE `delivered_pc_inventory` DISABLE KEYS */;
INSERT INTO `delivered_pc_inventory` VALUES (1,43,135,7,NULL,'2023-03-25 11:10:00',NULL,NULL),(2,22,569,7,NULL,'2023-03-25 11:22:10',NULL,NULL),(3,24,672,7,NULL,'2023-03-25 11:36:47',NULL,NULL),(4,23,801,7,NULL,'2023-03-25 11:54:05',NULL,NULL),(5,66,667,7,7,'2023-03-25 12:11:57','2023-05-09 12:52:32',NULL),(6,34,1237,7,NULL,'2023-03-25 12:21:59',NULL,NULL),(7,67,812,7,NULL,'2023-03-26 10:45:16',NULL,NULL),(8,68,1706,7,7,'2023-03-28 12:10:23','2023-06-04 08:56:27',NULL),(9,71,992,7,NULL,'2023-05-02 10:03:26',NULL,NULL),(10,1,152,7,NULL,'2023-05-02 10:20:18',NULL,NULL),(11,69,1714,7,NULL,'2023-05-03 08:32:55',NULL,NULL),(12,70,1711,7,NULL,'2023-05-03 08:45:01',NULL,NULL),(13,72,67,7,NULL,'2023-05-03 11:04:57',NULL,NULL),(14,13,159,7,16,'2023-05-03 11:21:44','2024-01-30 16:49:32',NULL),(15,15,1120,7,NULL,'2023-05-03 11:38:08',NULL,NULL),(16,10,107,7,NULL,'2023-05-03 11:48:20',NULL,NULL),(17,9,1114,7,7,'2023-05-03 11:57:51','2023-05-03 11:58:32',NULL),(18,9,1114,7,NULL,'2023-05-03 12:00:28',NULL,NULL),(19,12,1716,7,NULL,'2023-05-03 12:09:59',NULL,NULL),(20,8,573,7,NULL,'2023-05-03 12:28:19',NULL,NULL),(21,73,1393,7,NULL,'2023-05-03 12:41:48',NULL,NULL),(22,11,788,7,NULL,'2023-05-03 12:49:23',NULL,NULL),(23,16,982,7,NULL,'2023-05-07 13:09:18',NULL,NULL),(24,74,1717,7,NULL,'2023-05-07 13:20:56',NULL,NULL),(25,14,65,7,NULL,'2023-05-07 13:24:02',NULL,NULL),(26,17,217,7,7,'2023-05-07 13:30:06','2023-05-09 12:46:29',NULL),(27,29,1153,7,NULL,'2023-05-07 13:39:11',NULL,NULL),(28,30,188,7,NULL,'2023-05-07 13:43:49',NULL,NULL),(29,20,1421,7,7,'2023-05-07 14:52:57','2023-05-07 14:59:16',NULL),(30,20,1421,7,NULL,'2023-05-07 15:00:14',NULL,NULL),(31,19,665,7,NULL,'2023-05-07 15:08:20',NULL,NULL),(32,75,810,7,NULL,'2023-05-07 15:18:02',NULL,NULL),(33,76,1138,7,NULL,'2023-05-07 15:24:41',NULL,NULL),(34,46,1283,7,NULL,'2023-05-08 09:20:27',NULL,NULL),(35,77,1139,7,NULL,'2023-05-08 09:32:21',NULL,NULL),(36,45,1353,7,7,'2023-05-08 09:43:36','2023-05-29 11:50:47',NULL),(37,40,1140,7,NULL,'2023-05-08 11:36:20',NULL,NULL),(38,78,1367,7,NULL,'2023-05-08 12:09:07',NULL,NULL),(39,79,1718,7,NULL,'2023-05-08 14:56:46',NULL,NULL),(40,57,1270,7,NULL,'2023-05-08 15:00:04',NULL,NULL),(41,56,1719,7,NULL,'2023-05-08 15:08:20',NULL,NULL),(42,54,442,7,NULL,'2023-05-08 15:17:27',NULL,NULL),(43,47,1720,7,NULL,'2023-05-08 15:31:28',NULL,NULL),(44,55,1721,7,NULL,'2023-05-08 15:36:14',NULL,NULL),(45,80,1723,7,NULL,'2023-05-08 15:52:49',NULL,NULL),(46,21,1724,7,NULL,'2023-05-09 07:30:16',NULL,NULL),(47,81,1654,7,NULL,'2023-05-09 08:10:43',NULL,NULL),(48,82,1727,7,NULL,'2023-05-09 08:44:55',NULL,NULL),(49,83,1729,7,NULL,'2023-05-09 09:10:49',NULL,NULL),(50,2,812,7,NULL,'2023-05-09 10:23:38',NULL,NULL),(51,61,1730,7,NULL,'2023-05-09 10:50:20',NULL,NULL),(52,25,1237,7,NULL,'2023-05-09 12:39:13',NULL,NULL),(53,17,217,7,NULL,'2023-05-09 12:50:00',NULL,NULL),(54,66,791,7,7,'2023-05-09 12:53:06','2023-06-17 11:45:12',NULL),(55,33,449,7,NULL,'2023-05-09 12:58:48',NULL,NULL),(56,32,1439,7,NULL,'2023-05-09 13:11:23',NULL,NULL),(57,52,1211,7,NULL,'2023-05-09 13:23:07',NULL,NULL),(58,84,1399,7,NULL,'2023-05-13 12:52:29',NULL,NULL),(59,85,208,7,NULL,'2023-05-13 13:12:57',NULL,NULL),(60,58,90,7,NULL,'2023-05-13 13:20:27',NULL,NULL),(61,86,490,7,NULL,'2023-05-13 13:29:17',NULL,NULL),(62,3,190,7,NULL,'2023-05-17 07:24:12',NULL,NULL),(63,45,1353,7,NULL,'2023-05-29 11:51:14',NULL,NULL),(64,88,1887,12,NULL,'2023-05-29 14:22:19',NULL,NULL),(65,89,1886,12,NULL,'2023-05-29 14:25:59',NULL,NULL),(66,90,1888,12,NULL,'2023-05-29 14:27:25',NULL,NULL),(67,91,1892,12,2,'2023-05-29 14:30:54','2023-12-25 14:04:56',NULL),(68,92,1884,12,12,'2023-05-29 14:33:35','2023-05-30 11:47:23',NULL),(69,93,1885,12,12,'2023-05-29 14:42:38','2023-06-01 11:20:18',NULL),(70,94,1744,11,NULL,'2023-05-30 11:09:41',NULL,NULL),(71,95,1747,11,NULL,'2023-05-30 11:15:36',NULL,NULL),(72,96,1748,11,NULL,'2023-05-30 11:42:08',NULL,NULL),(73,97,1745,11,NULL,'2023-05-30 11:44:38',NULL,NULL),(74,92,1884,12,2,'2023-05-30 11:48:41','2023-12-25 14:08:10',NULL),(75,98,1746,11,NULL,'2023-05-30 11:50:47',NULL,NULL),(76,99,1749,11,NULL,'2023-05-30 11:54:05',NULL,NULL),(77,100,1901,11,NULL,'2023-05-30 12:03:27',NULL,NULL),(78,102,1753,11,NULL,'2023-05-30 12:15:23',NULL,NULL),(79,104,1756,11,NULL,'2023-05-30 12:19:45',NULL,NULL),(80,105,1758,11,NULL,'2023-05-30 12:24:49',NULL,NULL),(81,106,1754,11,NULL,'2023-05-30 12:26:58',NULL,NULL),(82,107,1755,11,NULL,'2023-05-30 12:28:54',NULL,NULL),(83,109,1759,11,NULL,'2023-05-30 12:30:44',NULL,NULL),(84,110,1751,11,NULL,'2023-05-30 12:36:19',NULL,NULL),(85,112,1902,11,NULL,'2023-05-30 12:39:29',NULL,NULL),(86,115,1763,11,NULL,'2023-05-30 13:03:51',NULL,NULL),(87,116,1762,11,NULL,'2023-05-30 13:05:32',NULL,NULL),(88,117,1761,11,11,'2023-05-30 13:07:12','2023-05-30 13:11:13',NULL),(89,117,1761,11,NULL,'2023-05-30 13:11:50',NULL,NULL),(90,118,1760,11,NULL,'2023-05-30 13:14:08',NULL,NULL),(91,119,1903,11,NULL,'2023-05-30 13:16:31',NULL,NULL),(92,130,1771,11,NULL,'2023-06-01 06:16:46',NULL,NULL),(93,131,1782,11,NULL,'2023-06-01 06:19:28',NULL,NULL),(94,132,1772,11,NULL,'2023-06-01 06:26:14',NULL,NULL),(95,133,1774,11,NULL,'2023-06-01 06:33:59',NULL,NULL),(96,134,1766,11,NULL,'2023-06-01 06:43:22',NULL,NULL),(97,135,1777,11,NULL,'2023-06-01 08:48:01',NULL,NULL),(98,136,1768,11,NULL,'2023-06-01 08:57:46',NULL,NULL),(99,137,1779,11,NULL,'2023-06-01 08:59:28',NULL,NULL),(100,138,1778,11,NULL,'2023-06-01 09:01:12',NULL,NULL),(101,139,1770,11,NULL,'2023-06-01 09:02:30',NULL,NULL),(102,140,1767,11,NULL,'2023-06-01 09:04:21',NULL,NULL),(103,141,1769,11,NULL,'2023-06-01 09:05:55',NULL,NULL),(104,142,1783,11,NULL,'2023-06-01 09:07:36',NULL,NULL),(105,143,1765,11,NULL,'2023-06-01 09:09:58',NULL,NULL),(106,144,1775,11,NULL,'2023-06-01 09:12:58',NULL,NULL),(107,145,1773,11,NULL,'2023-06-01 09:16:42',NULL,NULL),(108,146,1781,11,NULL,'2023-06-01 10:21:40',NULL,NULL),(109,147,1780,11,NULL,'2023-06-01 10:27:18',NULL,NULL),(110,148,1776,11,NULL,'2023-06-01 10:33:52',NULL,NULL),(111,93,1885,12,2,'2023-06-01 11:20:55','2023-12-25 14:14:44',NULL),(112,149,1824,11,NULL,'2023-06-03 09:01:45',NULL,NULL),(113,150,1822,11,NULL,'2023-06-03 09:17:59',NULL,NULL),(114,151,1823,11,NULL,'2023-06-03 09:21:02',NULL,NULL),(115,152,1826,11,NULL,'2023-06-03 09:25:00',NULL,NULL),(116,153,1912,11,NULL,'2023-06-03 09:44:26',NULL,NULL),(117,68,1913,7,9,'2023-06-04 08:57:00','2023-08-10 13:33:06',NULL),(118,108,921,2,4,'2023-06-06 10:43:32','2023-09-28 13:21:10',NULL),(120,103,1116,2,NULL,'2023-06-06 11:12:02',NULL,NULL),(121,111,1328,2,NULL,'2023-06-06 11:23:54',NULL,NULL),(122,101,1401,2,NULL,'2023-06-06 11:26:05',NULL,NULL),(123,113,559,2,NULL,'2023-06-06 12:01:23',NULL,NULL),(124,27,165,2,NULL,'2023-06-06 15:27:52',NULL,NULL),(125,178,1917,7,NULL,'2023-06-07 08:09:22',NULL,NULL),(126,124,1919,2,4,'2023-06-08 08:47:42','2023-07-12 15:21:45',NULL),(127,128,1920,2,4,'2023-06-08 09:05:11','2023-07-12 10:58:48',NULL),(128,127,1921,2,NULL,'2023-06-08 09:29:01',NULL,NULL),(129,126,1922,2,NULL,'2023-06-08 11:01:30',NULL,NULL),(130,123,1923,2,4,'2023-06-08 11:35:40','2024-01-09 13:22:30',NULL),(131,125,1924,2,NULL,'2023-06-08 12:05:57',NULL,NULL),(132,120,1329,2,NULL,'2023-06-08 13:04:32',NULL,NULL),(133,121,684,2,4,'2023-06-09 13:20:45','2023-09-28 13:18:15',NULL),(134,122,1927,2,NULL,'2023-06-09 15:32:54',NULL,NULL),(135,129,1929,2,NULL,'2023-06-12 12:38:35',NULL,NULL),(136,114,1898,2,NULL,'2023-06-23 14:06:44',NULL,NULL),(137,205,1931,4,NULL,'2023-07-12 10:54:30',NULL,NULL),(138,128,1928,4,NULL,'2023-07-12 12:28:38',NULL,NULL),(140,124,1920,4,NULL,'2023-07-12 15:23:11',NULL,NULL),(141,207,449,4,NULL,'2023-07-14 12:51:03',NULL,NULL),(142,208,1946,9,NULL,'2023-07-15 20:25:47',NULL,NULL),(143,209,1947,9,NULL,'2023-07-15 20:28:42',NULL,NULL),(144,154,1914,9,NULL,'2023-08-10 12:34:56',NULL,NULL),(145,68,1913,9,NULL,'2023-08-10 13:35:36',NULL,NULL),(146,108,684,4,NULL,'2023-09-28 13:22:04',NULL,NULL),(147,210,921,4,NULL,'2023-09-28 13:26:28',NULL,NULL),(148,211,1969,9,9,'2023-10-01 01:50:39','2023-10-12 14:18:38',NULL),(149,212,1393,16,NULL,'2023-10-06 14:07:29',NULL,NULL),(150,211,1973,9,NULL,'2023-10-12 14:21:23',NULL,NULL),(151,213,1974,16,NULL,'2023-10-17 13:39:50',NULL,NULL),(152,214,1975,16,NULL,'2023-10-19 12:28:00',NULL,NULL),(153,215,1878,16,NULL,'2023-10-19 12:55:53',NULL,NULL),(154,216,1976,2,1,'2023-10-25 15:25:08','2023-12-21 12:33:11',NULL),(155,217,1978,4,NULL,'2023-11-08 16:03:52',NULL,NULL),(156,218,1979,16,NULL,'2023-11-09 15:02:30',NULL,NULL),(157,219,1980,16,NULL,'2023-11-09 15:04:09',NULL,NULL),(158,220,1982,16,NULL,'2023-11-15 14:25:52',NULL,NULL),(159,221,1983,9,NULL,'2023-11-15 16:03:08',NULL,NULL),(160,222,1984,9,NULL,'2023-11-15 17:38:30',NULL,NULL),(161,223,1984,9,NULL,'2023-11-16 18:52:10',NULL,NULL),(162,216,1990,1,NULL,'2023-12-21 12:34:38',NULL,NULL),(163,91,1892,2,NULL,'2023-12-25 14:07:33',NULL,NULL),(164,93,1885,2,NULL,'2023-12-25 14:16:22',NULL,NULL),(165,224,1991,2,NULL,'2023-12-25 14:19:32',NULL,NULL),(166,225,1884,2,NULL,'2023-12-25 14:22:38',NULL,NULL),(167,123,1923,4,4,'2024-01-09 13:23:17','2024-01-09 13:24:35',NULL),(168,123,1923,4,NULL,'2024-01-09 13:33:31',NULL,NULL),(169,227,1993,4,NULL,'2024-01-11 11:07:39',NULL,NULL);
/*!40000 ALTER TABLE `delivered_pc_inventory` ENABLE KEYS */;
UNLOCK TABLES;

--
-- Table structure for table `delivered_printers_inventory`
--

DROP TABLE IF EXISTS `delivered_printers_inventory`;
/*!40101 SET @saved_cs_client     = @@character_set_client */;
/*!40101 SET character_set_client = utf8 */;
CREATE TABLE `delivered_printers_inventory` (
  `id` int(10) unsigned NOT NULL AUTO_INCREMENT,
  `printer_id` int(10) unsigned NOT NULL,
  `employee_id` int(10) unsigned NOT NULL,
  `created_by` bigint(20) unsigned NOT NULL,
  `backed_by` bigint(20) unsigned DEFAULT NULL,
  `created_at` timestamp NULL DEFAULT NULL,
  `updated_at` timestamp NULL DEFAULT NULL,
  `deleted_at` timestamp NULL DEFAULT NULL,
  PRIMARY KEY (`id`),
  KEY `delivered_printers_created_by_fk` (`created_by`),
  KEY `delivered_printers_printer_id` (`printer_id`),
  KEY `delivered_printers_employee_id_fk` (`employee_id`),
  KEY `delivered_printers_backed_by_fk_idx` (`backed_by`),
  CONSTRAINT `delivered_printers_backed_by_fk` FOREIGN KEY (`backed_by`) REFERENCES `users` (`id`) ON DELETE NO ACTION ON UPDATE NO ACTION,
  CONSTRAINT `delivered_printers_created_by_fk` FOREIGN KEY (`created_by`) REFERENCES `users` (`id`) ON DELETE NO ACTION ON UPDATE NO ACTION,
  CONSTRAINT `delivered_printers_employee_id_fk` FOREIGN KEY (`employee_id`) REFERENCES `employees` (`id`) ON DELETE NO ACTION ON UPDATE NO ACTION,
  CONSTRAINT `delivered_printers_printer_id` FOREIGN KEY (`printer_id`) REFERENCES `printers_inventory` (`id`) ON DELETE NO ACTION ON UPDATE NO ACTION
) ENGINE=InnoDB AUTO_INCREMENT=37 DEFAULT CHARSET=utf8 COLLATE=utf8_unicode_ci;
/*!40101 SET character_set_client = @saved_cs_client */;

--
-- Dumping data for table `delivered_printers_inventory`
--

LOCK TABLES `delivered_printers_inventory` WRITE;
/*!40000 ALTER TABLE `delivered_printers_inventory` DISABLE KEYS */;
INSERT INTO `delivered_printers_inventory` VALUES (1,24,597,7,NULL,'2023-05-09 07:54:11',NULL,NULL),(2,25,1726,7,NULL,'2023-05-09 08:30:18',NULL,NULL),(3,26,1729,7,NULL,'2023-05-09 10:56:14',NULL,NULL),(4,4,1734,7,NULL,'2023-05-09 12:33:12',NULL,NULL),(5,5,1732,7,NULL,'2023-05-09 13:01:42',NULL,NULL),(6,27,1211,7,NULL,'2023-05-09 13:18:53',NULL,NULL),(7,28,1731,7,NULL,'2023-05-09 14:16:52',NULL,NULL),(8,16,1239,7,NULL,'2023-05-09 14:31:18',NULL,NULL),(9,29,1731,7,NULL,'2023-05-13 13:05:41',NULL,NULL),(10,30,208,7,NULL,'2023-05-13 13:16:31',NULL,NULL),(11,32,1739,7,NULL,'2023-05-14 10:44:39',NULL,NULL),(12,13,23,7,NULL,'2023-05-14 10:48:18',NULL,NULL),(13,14,1735,7,NULL,'2023-05-14 11:03:37',NULL,NULL),(14,33,1892,12,NULL,'2023-05-30 11:02:55',NULL,NULL),(15,34,1891,12,NULL,'2023-05-30 12:36:43',NULL,NULL),(16,35,1894,12,NULL,'2023-05-30 12:38:35',NULL,NULL),(17,37,536,7,7,'2023-05-30 13:39:52','2023-06-07 08:26:07',NULL),(18,46,1887,12,NULL,'2023-06-01 09:11:53',NULL,NULL),(19,47,1888,12,2,'2023-06-01 09:16:28','2023-12-25 14:38:03',NULL),(20,48,1888,12,NULL,'2023-06-01 09:18:21',NULL,NULL),(21,49,1886,12,NULL,'2023-06-01 09:28:45',NULL,NULL),(22,50,1884,12,NULL,'2023-06-01 10:05:58',NULL,NULL),(23,42,1921,2,NULL,'2023-06-08 09:44:42',NULL,NULL),(24,37,1922,2,NULL,'2023-06-08 11:07:05',NULL,NULL),(25,44,1922,2,NULL,'2023-06-08 11:16:11',NULL,NULL),(26,41,1927,2,NULL,'2023-06-09 15:34:27',NULL,NULL),(27,31,1930,7,NULL,'2023-06-17 13:26:49',NULL,NULL),(28,71,1930,7,NULL,'2023-06-17 14:42:51',NULL,NULL),(29,72,1922,2,NULL,'2023-06-26 11:05:55',NULL,NULL),(30,43,1929,2,NULL,'2023-06-26 13:43:41',NULL,NULL),(31,73,1888,2,NULL,'2023-09-18 09:37:35',NULL,NULL),(32,75,1976,2,1,'2023-11-03 13:41:27','2023-12-21 12:36:08',NULL),(33,75,1990,1,NULL,'2023-12-21 12:36:28',NULL,NULL),(34,74,1894,2,NULL,'2023-12-25 14:35:35',NULL,NULL),(35,76,1890,2,NULL,'2023-12-25 14:41:12',NULL,NULL),(36,77,1885,2,NULL,'2023-12-25 14:48:38',NULL,NULL);
/*!40000 ALTER TABLE `delivered_printers_inventory` ENABLE KEYS */;
UNLOCK TABLES;

--
-- Table structure for table `delivered_screens_inventory`
--

DROP TABLE IF EXISTS `delivered_screens_inventory`;
/*!40101 SET @saved_cs_client     = @@character_set_client */;
/*!40101 SET character_set_client = utf8 */;
CREATE TABLE `delivered_screens_inventory` (
  `id` int(10) unsigned NOT NULL AUTO_INCREMENT,
  `screen_id` int(10) unsigned NOT NULL,
  `employee_id` int(10) unsigned NOT NULL,
  `created_by` bigint(20) unsigned NOT NULL,
  `backed_by` bigint(20) unsigned DEFAULT NULL,
  `created_at` timestamp NULL DEFAULT NULL,
  `updated_at` timestamp NULL DEFAULT NULL,
  `deleted_at` timestamp NULL DEFAULT NULL,
  PRIMARY KEY (`id`),
  KEY `delivered_screens_screen_id_fk` (`screen_id`),
  KEY `delivered_screens_employee_id` (`employee_id`),
  KEY `delivered_screens_created_by_fk` (`created_by`),
  KEY `delivered_screens_backed_by_fk_idx` (`backed_by`),
  CONSTRAINT `delivered_screens_backed_by_fk` FOREIGN KEY (`backed_by`) REFERENCES `users` (`id`) ON DELETE NO ACTION ON UPDATE NO ACTION,
  CONSTRAINT `delivered_screens_created_by_fk` FOREIGN KEY (`created_by`) REFERENCES `users` (`id`) ON DELETE NO ACTION ON UPDATE NO ACTION,
  CONSTRAINT `delivered_screens_employee_id` FOREIGN KEY (`employee_id`) REFERENCES `employees` (`id`) ON DELETE NO ACTION ON UPDATE NO ACTION,
  CONSTRAINT `delivered_screens_screen_id_fk` FOREIGN KEY (`screen_id`) REFERENCES `screens_inventory` (`id`) ON DELETE NO ACTION ON UPDATE NO ACTION
) ENGINE=InnoDB AUTO_INCREMENT=107 DEFAULT CHARSET=utf8 COLLATE=utf8_unicode_ci;
/*!40101 SET character_set_client = @saved_cs_client */;

--
-- Dumping data for table `delivered_screens_inventory`
--

LOCK TABLES `delivered_screens_inventory` WRITE;
/*!40000 ALTER TABLE `delivered_screens_inventory` DISABLE KEYS */;
INSERT INTO `delivered_screens_inventory` VALUES (1,48,135,7,NULL,'2023-03-25 11:14:52',NULL,NULL),(2,10,569,7,NULL,'2023-03-25 11:31:22',NULL,NULL),(3,9,672,7,7,'2023-03-25 11:49:00','2023-05-03 11:12:20',NULL),(4,49,801,7,NULL,'2023-03-25 11:57:58',NULL,NULL),(5,11,667,7,7,'2023-03-25 12:13:57','2023-05-09 12:54:34',NULL),(6,18,1237,7,NULL,'2023-03-25 12:24:09',NULL,NULL),(7,50,812,7,NULL,'2023-03-26 10:52:12',NULL,NULL),(8,53,992,7,NULL,'2023-05-02 10:11:01',NULL,NULL),(9,1,152,7,NULL,'2023-05-02 10:23:06',NULL,NULL),(10,51,1714,7,NULL,'2023-05-03 08:31:06',NULL,NULL),(11,52,1711,7,NULL,'2023-05-03 08:45:53',NULL,NULL),(12,9,67,7,NULL,'2023-05-03 11:14:17',NULL,NULL),(13,54,159,7,NULL,'2023-05-03 11:26:34',NULL,NULL),(14,55,1120,7,NULL,'2023-05-03 11:42:15',NULL,NULL),(15,56,107,7,NULL,'2023-05-03 11:51:37',NULL,NULL),(16,57,1114,7,NULL,'2023-05-03 12:03:12',NULL,NULL),(17,15,1716,7,NULL,'2023-05-03 12:15:43',NULL,NULL),(18,58,573,7,NULL,'2023-05-03 12:31:34',NULL,NULL),(19,59,1393,7,NULL,'2023-05-03 12:43:06',NULL,NULL),(20,60,788,7,NULL,'2023-05-03 12:52:07',NULL,NULL),(21,61,1717,7,NULL,'2023-05-07 13:21:22',NULL,NULL),(22,62,982,7,NULL,'2023-05-07 13:22:42',NULL,NULL),(23,63,65,7,NULL,'2023-05-07 13:25:51',NULL,NULL),(24,64,217,7,NULL,'2023-05-07 13:28:04',NULL,NULL),(25,13,1153,7,NULL,'2023-05-07 13:40:34',NULL,NULL),(26,14,188,7,NULL,'2023-05-07 13:45:16',NULL,NULL),(27,65,536,7,NULL,'2023-05-07 14:40:06',NULL,NULL),(28,66,672,7,NULL,'2023-05-07 14:44:49',NULL,NULL),(29,67,1421,7,NULL,'2023-05-07 15:01:53',NULL,NULL),(30,68,810,7,NULL,'2023-05-07 15:04:37',NULL,NULL),(31,8,665,7,NULL,'2023-05-07 15:09:41',NULL,NULL),(32,23,1138,7,NULL,'2023-05-07 15:26:44',NULL,NULL),(33,69,1139,7,NULL,'2023-05-08 09:36:43',NULL,NULL),(34,70,1283,7,NULL,'2023-05-08 09:38:52',NULL,NULL),(35,24,1353,7,NULL,'2023-05-08 09:45:20',NULL,NULL),(36,5,1718,7,NULL,'2023-05-08 14:58:36',NULL,NULL),(37,28,1270,7,NULL,'2023-05-08 15:01:21',NULL,NULL),(38,71,1719,7,NULL,'2023-05-08 15:10:28',NULL,NULL),(39,72,442,7,NULL,'2023-05-08 15:20:16',NULL,NULL),(40,40,1720,7,NULL,'2023-05-08 15:30:15',NULL,NULL),(41,35,1721,7,NULL,'2023-05-08 15:37:03',NULL,NULL),(42,38,1723,7,NULL,'2023-05-08 15:54:31',NULL,NULL),(43,73,1724,7,NULL,'2023-05-09 07:32:58',NULL,NULL),(44,74,1654,7,NULL,'2023-05-09 08:16:55',NULL,NULL),(45,41,1729,7,NULL,'2023-05-09 09:13:31',NULL,NULL),(46,2,812,7,NULL,'2023-05-09 10:25:54',NULL,NULL),(47,75,1730,7,NULL,'2023-05-09 10:52:14',NULL,NULL),(48,76,1237,7,NULL,'2023-05-09 12:43:01',NULL,NULL),(49,11,791,7,7,'2023-05-09 12:55:07','2023-06-17 11:49:13',NULL),(50,17,449,7,NULL,'2023-05-09 12:59:42',NULL,NULL),(51,16,1439,7,NULL,'2023-05-09 13:12:46',NULL,NULL),(52,77,1211,7,NULL,'2023-05-09 13:25:47',NULL,NULL),(53,31,490,7,NULL,'2023-05-09 14:14:20',NULL,NULL),(54,25,1399,7,NULL,'2023-05-13 12:54:49',NULL,NULL),(55,78,208,7,NULL,'2023-05-13 13:14:15',NULL,NULL),(56,79,90,7,NULL,'2023-05-13 13:22:10',NULL,NULL),(57,84,1892,12,NULL,'2023-05-30 11:01:16',NULL,NULL),(58,105,1887,12,NULL,'2023-06-01 08:49:52',NULL,NULL),(59,106,1888,12,NULL,'2023-06-01 08:52:11',NULL,NULL),(60,107,1886,12,NULL,'2023-06-01 08:55:54',NULL,NULL),(61,108,1885,12,2,'2023-06-01 08:58:28','2023-12-25 14:34:22',NULL),(62,109,1884,12,NULL,'2023-06-01 09:03:38',NULL,NULL),(63,110,1893,12,NULL,'2023-06-01 09:08:02',NULL,NULL),(64,111,1755,11,NULL,'2023-06-04 10:09:16',NULL,NULL),(65,112,1753,11,NULL,'2023-06-04 10:11:19',NULL,NULL),(66,113,1754,11,NULL,'2023-06-04 10:13:09',NULL,NULL),(67,114,1751,11,NULL,'2023-06-04 10:18:04',NULL,NULL),(68,115,1765,11,NULL,'2023-06-04 11:17:25',NULL,NULL),(69,116,1748,11,NULL,'2023-06-04 11:21:38',NULL,NULL),(70,117,1744,11,NULL,'2023-06-04 11:23:49',NULL,NULL),(71,118,1749,11,NULL,'2023-06-04 11:24:58',NULL,NULL),(72,119,1747,11,NULL,'2023-06-04 11:26:05',NULL,NULL),(73,120,1746,11,NULL,'2023-06-04 11:27:33',NULL,NULL),(76,88,921,2,NULL,'2023-06-06 10:53:57',NULL,NULL),(78,86,1116,2,NULL,'2023-06-06 11:12:49',NULL,NULL),(79,96,1328,2,NULL,'2023-06-06 11:22:06',NULL,NULL),(80,87,1328,2,NULL,'2023-06-06 11:22:56',NULL,NULL),(81,85,1401,2,NULL,'2023-06-06 11:26:56',NULL,NULL),(82,91,559,2,NULL,'2023-06-06 11:57:17',NULL,NULL),(83,143,165,2,NULL,'2023-06-06 15:30:39',NULL,NULL),(84,144,1917,7,NULL,'2023-06-07 08:12:01',NULL,NULL),(85,145,1919,2,NULL,'2023-06-08 08:46:07',NULL,NULL),(86,146,1920,2,NULL,'2023-06-08 09:07:31',NULL,NULL),(87,147,1921,2,NULL,'2023-06-08 09:38:11',NULL,NULL),(88,97,1922,2,NULL,'2023-06-08 11:02:53',NULL,NULL),(89,100,1923,2,NULL,'2023-06-08 11:34:14',NULL,NULL),(90,99,1924,2,4,'2023-06-08 12:08:32','2023-07-12 15:15:42',NULL),(91,102,1329,2,NULL,'2023-06-08 13:01:54',NULL,NULL),(92,103,1925,2,NULL,'2023-06-08 13:22:46',NULL,NULL),(93,92,220,2,NULL,'2023-06-08 13:27:31',NULL,NULL),(94,101,684,2,NULL,'2023-06-09 13:25:42',NULL,NULL),(95,89,1926,2,NULL,'2023-06-09 13:33:13',NULL,NULL),(96,93,1927,2,NULL,'2023-06-09 15:33:38',NULL,NULL),(97,98,1929,2,NULL,'2023-06-12 12:44:15',NULL,NULL),(98,90,1898,2,NULL,'2023-06-23 14:13:18',NULL,NULL),(99,99,1920,4,4,'2023-07-12 15:17:11','2023-07-12 15:26:37',NULL),(100,99,1920,4,NULL,'2023-07-12 15:28:52',NULL,NULL),(101,148,449,4,NULL,'2023-07-14 13:12:24',NULL,NULL),(102,149,1976,2,1,'2023-10-25 15:28:55','2023-12-21 12:35:12',NULL),(103,150,1978,4,NULL,'2023-11-08 16:12:27',NULL,NULL),(104,149,1990,1,NULL,'2023-12-21 12:35:35',NULL,NULL),(105,82,1885,2,NULL,'2023-12-25 14:33:54',NULL,NULL),(106,151,1993,4,NULL,'2024-01-11 13:47:55',NULL,NULL);
/*!40000 ALTER TABLE `delivered_screens_inventory` ENABLE KEYS */;
UNLOCK TABLES;

--
-- Table structure for table `employees`
--

DROP TABLE IF EXISTS `employees`;
/*!40101 SET @saved_cs_client     = @@character_set_client */;
/*!40101 SET character_set_client = utf8 */;
CREATE TABLE `employees` (
  `id` int(11) unsigned NOT NULL AUTO_INCREMENT,
  `emp_name` varchar(50) CHARACTER SET utf8 COLLATE utf8_general_ci NOT NULL,
  `department_id` int(11) unsigned DEFAULT NULL,
  `created_by` bigint(20) unsigned NOT NULL,
  `created_at` timestamp NULL DEFAULT NULL,
  `updated_at` timestamp NULL DEFAULT NULL,
  `deleted_at` timestamp NULL DEFAULT NULL,
  PRIMARY KEY (`id`),
  KEY `emp_created_by_fk` (`created_by`),
  KEY `emp_department_id_fk` (`department_id`),
  CONSTRAINT `emp_created_by_fk` FOREIGN KEY (`created_by`) REFERENCES `users` (`id`),
  CONSTRAINT `emp_department_id_fk` FOREIGN KEY (`department_id`) REFERENCES `employees_departments` (`id`) ON DELETE NO ACTION ON UPDATE NO ACTION
) ENGINE=InnoDB AUTO_INCREMENT=1998 DEFAULT CHARSET=utf8 COLLATE=utf8_unicode_ci;
/*!40101 SET character_set_client = @saved_cs_client */;

--
-- Dumping data for table `employees`
--

LOCK TABLES `employees` WRITE;
/*!40000 ALTER TABLE `employees` DISABLE KEYS */;
INSERT INTO `employees` VALUES (1,'يوسف محمد يوسف',NULL,1,'2023-02-26 14:54:04','2023-03-12 09:11:37',NULL),(2,'يوسف عيس',NULL,1,'2023-02-26 14:54:04','2023-02-26 14:54:04',NULL),(3,'يوسف شعبان عطية',NULL,1,'2023-02-26 14:54:04','2023-02-26 14:54:04',NULL),(4,'يوسف شعب',NULL,1,'2023-02-26 14:54:04','2023-02-26 14:54:04',NULL),(5,'يوسف السيد',NULL,1,'2023-02-26 14:54:04','2023-02-26 14:54:04',NULL),(6,'يوسف ابراهيم',NULL,1,'2023-02-26 14:54:04','2023-02-26 14:54:04',NULL),(7,'يمنى حاتم احمد',NULL,1,'2023-02-26 14:54:04','2023-02-26 14:54:04',NULL),(8,'يسري رضا السيد محمد',NULL,1,'2023-02-26 14:54:04','2023-02-26 14:54:04',NULL),(9,'يحيى محمد مصطفى',NULL,1,'2023-02-26 14:54:04','2023-02-26 14:54:04',NULL),(10,'يحي محمد عبد الهادي',NULL,1,'2023-02-26 14:54:04','2023-02-26 14:54:04',NULL),(11,'ياسمين محمود  عبدالفتاح سالم',NULL,1,'2023-02-26 14:54:04','2023-02-26 14:54:04',NULL),(12,'ياسر محمود محمد فرج',NULL,1,'2023-02-26 14:54:04','2023-02-26 14:54:04',NULL),(13,'ياسر محمود على احمد',NULL,1,'2023-02-26 14:54:04','2023-02-26 14:54:04',NULL),(14,'ياسر محمد إسماعيل حسن',NULL,1,'2023-02-26 14:54:04','2023-02-26 14:54:04',NULL),(15,'ياسر عبد الصادق احمد عبد الصادق',NULL,1,'2023-02-26 14:54:04','2023-02-26 14:54:04',NULL),(16,'ياسر صلاح زكريا علي',NULL,1,'2023-02-26 14:54:04','2023-02-26 14:54:04',NULL),(17,'ياسر صبري محمد العوضي',NULL,1,'2023-02-26 14:54:04','2023-02-26 14:54:04',NULL),(18,'ياسر حسن',NULL,1,'2023-02-26 14:54:04','2023-02-26 14:54:04',NULL),(19,'وليد محمد محمود',NULL,1,'2023-02-26 14:54:04','2023-02-26 14:54:04',NULL),(20,'وليد كساب عبدالسميع كساب',NULL,1,'2023-02-26 14:54:04','2023-02-26 14:54:04',NULL),(21,'وليد علي عبد الرحمن',NULL,1,'2023-02-26 14:54:04','2023-02-26 14:54:04',NULL),(22,'وليد شعب',NULL,1,'2023-02-26 14:54:04','2023-02-26 14:54:04',NULL),(23,'وليد جمعه ابراهيم محمد',2,7,'2023-02-26 14:54:04','2023-05-29 12:32:32',NULL),(24,'وليد أحمد',NULL,1,'2023-02-26 14:54:04','2023-02-26 14:54:04',NULL),(25,'وليد انور محمد',NULL,1,'2023-02-26 14:54:04','2023-02-26 14:54:04',NULL),(26,'وليد احمد محمد',NULL,1,'2023-02-26 14:54:04','2023-02-26 14:54:04',NULL),(27,'وليد احمد  على الفقى',NULL,1,'2023-02-26 14:54:04','2023-02-26 14:54:04',NULL),(28,'ولاء وهب',NULL,1,'2023-02-26 14:54:04','2023-02-26 14:54:04',NULL),(29,'ولاء بخي',NULL,1,'2023-02-26 14:54:04','2023-02-26 14:54:04',NULL),(30,'ولاء أمام بيومي',NULL,1,'2023-02-26 14:54:04','2023-02-26 14:54:04',NULL),(31,'وفاء علي',NULL,1,'2023-02-26 14:54:04','2023-02-26 14:54:04',NULL),(32,'وحيد سيد',NULL,1,'2023-02-26 14:54:04','2023-02-26 14:54:04',NULL),(33,'وحيد سعد',NULL,1,'2023-02-26 14:54:04','2023-02-26 14:54:04',NULL),(34,'وحيد إمام حسين السيد',NULL,1,'2023-02-26 14:54:04','2023-02-26 14:54:04',NULL),(35,'وائل يوسف عبد العال',NULL,1,'2023-02-26 14:54:04','2023-02-26 14:54:04',NULL),(36,'وائل محمد فاروق',NULL,1,'2023-02-26 14:54:04','2023-02-26 14:54:04',NULL),(37,'وائل محمد عباس',NULL,1,'2023-02-26 14:54:04','2023-02-26 14:54:04',NULL),(38,'وائل قديس مجاهد',NULL,1,'2023-02-26 14:54:04','2023-02-26 14:54:04',NULL),(39,'وائل عشماوى عبدالرحيم',NULL,1,'2023-02-26 14:54:04','2023-02-26 14:54:04',NULL),(40,'وائل عبدالعزيز عبدالباقى',NULL,1,'2023-02-26 14:54:04','2023-02-26 14:54:04',NULL),(41,'وائل سمير حسين بدوي',NULL,1,'2023-02-26 14:54:04','2023-02-26 14:54:04',NULL),(42,'وائل اسماعيل احمد احمد',NULL,1,'2023-02-26 14:54:04','2023-02-26 14:54:04',NULL),(43,'وائل احمد محمود شافعى',NULL,1,'2023-02-26 14:54:04','2023-02-26 14:54:04',NULL),(44,'هيثم على محمد على يوسف',NULL,1,'2023-02-26 14:54:04','2023-02-26 14:54:04',NULL),(45,'هيثم عادل إبراهيم محمد',NULL,1,'2023-02-26 14:54:04','2023-02-26 14:54:04',NULL),(46,'هيثم صلاح الدين احمد شحاته',4,7,'2023-02-26 14:54:04','2023-05-30 08:23:02',NULL),(47,'هيثم سامى سالم محمود',NULL,1,'2023-02-26 14:54:04','2023-02-26 14:54:04',NULL),(48,'هيثم بحيرى ابراهيم',NULL,1,'2023-02-26 14:54:04','2023-02-26 14:54:04',NULL),(49,'هيثم أحمد عبد العزيز',NULL,1,'2023-02-26 14:54:04','2023-02-26 14:54:04',NULL),(50,'هند عماد الدين مصطفى',NULL,1,'2023-02-26 14:54:04','2023-02-26 14:54:04',NULL),(51,'هند طنطاوي علي',NULL,1,'2023-02-26 14:54:04','2023-02-26 14:54:04',NULL),(52,'هند احمد رمضان',NULL,1,'2023-02-26 14:54:04','2023-02-26 14:54:04',NULL),(53,'همس محمد',NULL,1,'2023-02-26 14:54:04','2023-02-26 14:54:04',NULL),(54,'هلال حسن عبدالرشيد علي',NULL,1,'2023-02-26 14:54:04','2023-02-26 14:54:04',NULL),(55,'هشام هشام كمال',NULL,1,'2023-02-26 14:54:04','2023-02-26 14:54:04',NULL),(56,'هشام مصطفي',NULL,1,'2023-02-26 14:54:04','2023-02-26 14:54:04',NULL),(57,'هشام محمد محمد علي',NULL,1,'2023-02-26 14:54:04','2023-02-26 14:54:04',NULL),(58,'هشام محمد عبد السلام محمد',NULL,1,'2023-02-26 14:54:04','2023-02-26 14:54:04',NULL),(59,'هشام محمد خليل خليل ',NULL,1,'2023-02-26 14:54:04','2023-02-26 14:54:04',NULL),(60,'هشام عصام محمود',NULL,1,'2023-02-26 14:54:04','2023-02-26 14:54:04',NULL),(61,'هشام حسني فريد حسن',3,7,'2023-02-26 14:54:04','2023-05-29 14:00:10',NULL),(62,'هشام الهامى يوسف سيد',NULL,1,'2023-02-26 14:54:04','2023-02-26 14:54:04',NULL),(63,'هديل عبد الفتاح محمد اسلام',3,7,'2023-02-26 14:54:04','2023-05-29 14:03:20',NULL),(64,'هدير مصطفى زينهم',NULL,1,'2023-02-26 14:54:04','2023-02-26 14:54:04',NULL),(65,'هدير محمود محمد عبد اللطيف',7,7,'2023-02-26 14:54:04','2023-05-29 10:41:28',NULL),(66,'هدير السيد احمد حسانين',NULL,1,'2023-02-26 14:54:04','2023-02-26 14:54:04',NULL),(67,'هدير اسامة محمود رمضان',7,7,'2023-02-26 14:54:04','2023-05-29 10:42:22',NULL),(68,'هبه محمد على ابو زيد',NULL,1,'2023-02-26 14:54:04','2023-02-26 14:54:04',NULL),(69,'هبه محمد عبدالفتاح',NULL,1,'2023-02-26 14:54:04','2023-02-26 14:54:04',NULL),(70,'هبه خاطر امين احمد حسن',NULL,1,'2023-02-26 14:54:04','2023-02-26 14:54:04',NULL),(71,'هبه حسين حموده',NULL,1,'2023-02-26 14:54:04','2023-02-26 14:54:04',NULL),(72,'هبه أشرف',NULL,1,'2023-02-26 14:54:04','2023-02-26 14:54:04',NULL),(73,'هبة جمال',NULL,1,'2023-02-26 14:54:04','2023-02-26 14:54:04',NULL),(74,'هبة الله عبدالمجيد محمد بيومى',NULL,1,'2023-02-26 14:54:04','2023-02-26 14:54:04',NULL),(75,'هبة الله',NULL,1,'2023-02-26 14:54:04','2023-02-26 14:54:04',NULL),(76,'هاني يحي',NULL,1,'2023-02-26 14:54:04','2023-02-26 14:54:04',NULL),(77,'هاني كارم عبد اللطيف',NULL,1,'2023-02-26 14:54:04','2023-02-26 14:54:04',NULL),(78,'هاني عيد',NULL,1,'2023-02-26 14:54:04','2023-02-26 14:54:04',NULL),(79,'هاني عبد الله رمضان',NULL,1,'2023-02-26 14:54:04','2023-02-26 14:54:04',NULL),(80,'هاني سيد إبراهيم سالم',NULL,1,'2023-02-26 14:54:04','2023-02-26 14:54:04',NULL),(81,'هاني سعيد شاكر',NULL,1,'2023-02-26 14:54:04','2023-02-26 14:54:04',NULL),(82,'هانى موسى ميخائيل',NULL,1,'2023-02-26 14:54:04','2023-02-26 14:54:04',NULL),(83,'هانى محمد عبده محمد',NULL,1,'2023-02-26 14:54:04','2023-02-26 14:54:04',NULL),(84,'هانى على',NULL,1,'2023-02-26 14:54:04','2023-02-26 14:54:04',NULL),(85,'هانى عكوش',NULL,1,'2023-02-26 14:54:04','2023-02-26 14:54:04',NULL),(86,'هانى حسن على رضوان',NULL,1,'2023-02-26 14:54:04','2023-02-26 14:54:04',NULL),(87,'هاله ماهر حسين امين',NULL,1,'2023-02-26 14:54:04','2023-02-26 14:54:04',NULL),(88,'هالة عبد الله محمود',NULL,1,'2023-02-26 14:54:04','2023-02-26 14:54:04',NULL),(89,'هاجر محمد عوض الله',NULL,1,'2023-02-26 14:54:04','2023-02-26 14:54:04',NULL),(90,'هاجر على ابو المجد',4,7,'2023-02-26 14:54:04','2023-05-30 14:01:11',NULL),(91,'هاجر ايهاب فتحي',8,7,'2023-02-26 14:54:04','2023-05-29 13:12:06',NULL),(92,'نيفين سعد بركات الجنايني',NULL,1,'2023-02-26 14:54:04','2023-02-26 14:54:04',NULL),(93,'نيفرت أحمد أبوالفتوح',NULL,1,'2023-02-26 14:54:04','2023-02-26 14:54:04',NULL),(94,'نيرا ياسر ',NULL,1,'2023-02-26 14:54:04','2023-02-26 14:54:04',NULL),(95,'نورهان محمد يحيي عبد الرازق',NULL,1,'2023-02-26 14:54:04','2023-02-26 14:54:04',NULL),(96,'نورهان صالح فرج',NULL,1,'2023-02-26 14:54:04','2023-02-26 14:54:04',NULL),(97,'نورهان احمد المعتز',3,7,'2023-02-26 14:54:04','2023-05-30 14:19:06',NULL),(98,'نوران علي احمد عبد الجواد مكاوي',23,7,'2023-02-26 14:54:04','2023-05-29 12:43:31',NULL),(99,'نورالدين',NULL,1,'2023-02-26 14:54:04','2023-02-26 14:54:04',NULL),(100,'نورا مسعد عبد الحميد ',NULL,1,'2023-02-26 14:54:04','2023-02-26 14:54:04',NULL),(101,'نور فتحي ',NULL,1,'2023-02-26 14:54:04','2023-02-26 14:54:04',NULL),(102,'نور خيمي',NULL,1,'2023-02-26 14:54:04','2023-02-26 14:54:04',NULL),(103,'نوال مواهى مصطفى مواهى',NULL,1,'2023-02-26 14:54:04','2023-02-26 14:54:04',NULL),(104,'نهي وائل',NULL,1,'2023-02-26 14:54:04','2023-02-26 14:54:04',NULL),(105,'نهي علي ',NULL,1,'2023-02-26 14:54:04','2023-02-26 14:54:04',NULL),(106,'نهله محمود احمد السيد',8,7,'2023-02-26 14:54:04','2023-05-29 13:08:12',NULL),(107,'نعمان علاء احمد فتحي منصور',5,7,'2023-02-26 14:54:04','2023-05-29 12:46:46',NULL),(108,'نسمه اسم',NULL,1,'2023-02-26 14:54:04','2023-02-26 14:54:04',NULL),(109,'نسمة إبراهيم حسن ابو النصر',NULL,1,'2023-02-26 14:54:04','2023-02-26 14:54:04',NULL),(110,'ندي أحمد محمد صلاح الدين',NULL,1,'2023-02-26 14:54:04','2023-02-26 14:54:04',NULL),(111,'ندى محمد إبراهيم إبراهيم',NULL,1,'2023-02-26 14:54:04','2023-02-26 14:54:04',NULL),(112,'ندى فؤاد',NULL,1,'2023-02-26 14:54:04','2023-02-26 14:54:04',NULL),(113,'ندى شريف احسان',2,7,'2023-02-26 14:54:04','2023-05-30 14:00:32',NULL),(114,'ندى خالد خليل خليل عبد الصمد',NULL,1,'2023-02-26 14:54:04','2023-02-26 14:54:04',NULL),(115,'نجيب عبد الرحمن على عوف',NULL,1,'2023-02-26 14:54:04','2023-02-26 14:54:04',NULL),(116,'نجلاء محمد احمد',NULL,1,'2023-02-26 14:54:04','2023-02-26 14:54:04',NULL),(117,'نجاه محم',NULL,1,'2023-02-26 14:54:04','2023-02-26 14:54:04',NULL),(118,'نبيل كام',NULL,1,'2023-02-26 14:54:04','2023-02-26 14:54:04',NULL),(119,'نبيل سيد عبد المنعم',NULL,1,'2023-02-26 14:54:04','2023-02-26 14:54:04',NULL),(120,'نبيل ابرهيم عبد النبى ',NULL,1,'2023-02-26 14:54:04','2023-02-26 14:54:04',NULL),(121,'ناصرمحمد',NULL,1,'2023-02-26 14:54:04','2023-02-26 14:54:04',NULL),(122,'ناصر مرزوق محمد',NULL,1,'2023-02-26 14:54:04','2023-02-26 14:54:04',NULL),(123,'ناصر عنتر',NULL,1,'2023-02-26 14:54:04','2023-02-26 14:54:04',NULL),(124,'ناصر سيد محمد إبراهيم',NULL,1,'2023-02-26 14:54:04','2023-02-26 14:54:04',NULL),(125,'ناصر رمضان',NULL,1,'2023-02-26 14:54:04','2023-02-26 14:54:04',NULL),(126,'نادين عادل ',NULL,1,'2023-02-26 14:54:04','2023-02-26 14:54:04',NULL),(127,'ناديةعبد الهادي احمد ',NULL,1,'2023-02-26 14:54:04','2023-02-26 14:54:04',NULL),(128,'نادر اشرف ',NULL,1,'2023-02-26 14:54:04','2023-02-26 14:54:04',NULL),(129,'ناجي بدير',NULL,1,'2023-02-26 14:54:04','2023-02-26 14:54:04',NULL),(130,'مينا وفدي خير فاخورى',NULL,1,'2023-02-26 14:54:04','2023-02-26 14:54:04',NULL),(131,'مينا ماهر رياض',NULL,1,'2023-02-26 14:54:04','2023-02-26 14:54:04',NULL),(132,'مينا عادل شفيق',2,7,'2023-02-26 14:54:04','2023-05-29 14:41:08',NULL),(133,'مينا صبحى سامي مرقص',3,7,'2023-02-26 14:54:04','2023-05-29 13:59:49',NULL),(134,'مينا صبح',NULL,1,'2023-02-26 14:54:04','2023-02-26 14:54:04',NULL),(135,'مينا سمير نصيف تادرس',1,7,'2023-02-26 14:54:04','2023-05-29 11:35:22',NULL),(136,'مينا سعد فؤاد',NULL,1,'2023-02-26 14:54:04','2023-02-26 14:54:04',NULL),(137,'مينا رجا',NULL,1,'2023-02-26 14:54:04','2023-02-26 14:54:04',NULL),(138,'مينا ثروت نجيب عازر',NULL,1,'2023-02-26 14:54:04','2023-02-26 14:54:04',NULL),(139,'ميخائيل صبحي دوس',NULL,1,'2023-02-26 14:54:04','2023-02-26 14:54:04',NULL),(140,'مياده جلال ابراهيم محمد',8,7,'2023-02-26 14:54:04','2023-05-29 13:08:53',NULL),(141,'مؤمن حسن',NULL,1,'2023-02-26 14:54:04','2023-02-26 14:54:04',NULL),(142,'مؤمن أحمد فكري',NULL,1,'2023-02-26 14:54:04','2023-02-26 14:54:04',NULL),(143,'مؤمن ابراهيم كمال',NULL,1,'2023-02-26 14:54:04','2023-02-26 14:54:04',NULL),(144,'مونيكا نصيف منير',NULL,1,'2023-02-26 14:54:04','2023-02-26 14:54:04',NULL),(145,'مورين محسن منير',3,7,'2023-02-26 14:54:04','2023-05-30 10:49:03',NULL),(146,'مها رشيد',NULL,1,'2023-02-26 14:54:04','2023-02-26 14:54:04',NULL),(147,'مني حمدي',NULL,1,'2023-02-26 14:54:04','2023-02-26 14:54:04',NULL),(148,'منى ناجى',NULL,1,'2023-02-26 14:54:04','2023-02-26 14:54:04',NULL),(149,'منى عبد الناصر كرم',NULL,1,'2023-02-26 14:54:04','2023-02-26 14:54:04',NULL),(150,'منى عاطف',NULL,1,'2023-02-26 14:54:04','2023-02-26 14:54:04',NULL),(151,'منه محمد',NULL,1,'2023-02-26 14:54:04','2023-02-26 14:54:04',NULL),(152,'منه الله عبد العال حسين',3,7,'2023-02-26 14:54:04','2023-05-29 14:12:25',NULL),(153,'منه الله',NULL,1,'2023-02-26 14:54:04','2023-02-26 14:54:04',NULL),(154,'منه الله',NULL,1,'2023-02-26 14:54:04','2023-02-26 14:54:04',NULL),(155,'منصور فتحي محمد المغير',NULL,1,'2023-02-26 14:54:04','2023-02-26 14:54:04',NULL),(156,'منال سيد فراج عثمان',NULL,1,'2023-02-26 14:54:04','2023-02-26 14:54:04',NULL),(157,'منار عبد',NULL,1,'2023-02-26 14:54:04','2023-02-26 14:54:04',NULL),(158,'منار عاط',NULL,1,'2023-02-26 14:54:04','2023-02-26 14:54:04',NULL),(159,'منار سيد عبدالعزيز عبدالحميد',7,7,'2023-02-26 14:54:04','2023-05-29 11:03:31',NULL),(160,'ممدوح مصطفى محمودالرشيدى',NULL,1,'2023-02-26 14:54:04','2023-02-26 14:54:04',NULL),(161,'ممدوح عبدالعاطى سلامه حسن',NULL,1,'2023-02-26 14:54:04','2023-02-26 14:54:04',NULL),(162,'ممدوح الشبراوي محمد',NULL,1,'2023-02-26 14:54:04','2023-02-26 14:54:04',NULL),(163,'مكرم سعد',NULL,1,'2023-02-26 14:54:04','2023-02-26 14:54:04',NULL),(164,'معتز إبراهيم محمدى ',NULL,1,'2023-02-26 14:54:04','2023-02-26 14:54:04',NULL),(165,'مصطفي نصر ابراهيم العزب بركات',4,2,'2023-02-26 14:54:04','2023-06-01 16:33:16',NULL),(166,'مصطفي منصور كامل',NULL,1,'2023-02-26 14:54:04','2023-02-26 14:54:04',NULL),(167,'مصطفي مرزوق عبد الستار',NULL,1,'2023-02-26 14:54:04','2023-02-26 14:54:04',NULL),(168,'مصطفي محمود مصطفي احمد',NULL,1,'2023-02-26 14:54:04','2023-02-26 14:54:04',NULL),(169,'مصطفي محمود مرسي',NULL,1,'2023-02-26 14:54:04','2023-02-26 14:54:04',NULL),(170,'مصطفي محمود محمد زريق',NULL,1,'2023-02-26 14:54:04','2023-02-26 14:54:04',NULL),(171,'مصطفي محمود عبد النبي',NULL,1,'2023-02-26 14:54:04','2023-02-26 14:54:04',NULL),(172,'مصطفي محمد عبد المنعم عبد الرحيم',NULL,1,'2023-02-26 14:54:04','2023-02-26 14:54:04',NULL),(173,'مصطفي محمد ربيع',NULL,1,'2023-02-26 14:54:04','2023-02-26 14:54:04',NULL),(174,'مصطفي محمد انور ابو بكر',NULL,1,'2023-02-26 14:54:04','2023-02-26 14:54:04',NULL),(175,'مصطفي علي عبداللطيف خميس',NULL,1,'2023-02-26 14:54:04','2023-02-26 14:54:04',NULL),(176,'مصطفي عز',NULL,1,'2023-02-26 14:54:04','2023-02-26 14:54:04',NULL),(177,'مصطفي عبدالمنعم زيدان امام',NULL,1,'2023-02-26 14:54:04','2023-02-26 14:54:04',NULL),(178,'مصطفي عبد المنعم السيد حامد',8,7,'2023-02-26 14:54:04','2023-05-29 13:06:32',NULL),(179,'مصطفي عبد الفتاح حسين',NULL,1,'2023-02-26 14:54:04','2023-02-26 14:54:04',NULL),(180,'مصطفي سيد مرسي منصور',NULL,1,'2023-02-26 14:54:04','2023-02-26 14:54:04',NULL),(181,'مصطفي رجب محمود محمد',NULL,1,'2023-02-26 14:54:04','2023-02-26 14:54:04',NULL),(182,'مصطفي رجب عبد الرسول علي',NULL,1,'2023-02-26 14:54:04','2023-02-26 14:54:04',NULL),(183,'مصطفي خلف السيد',NULL,1,'2023-02-26 14:54:04','2023-02-26 14:54:04',NULL),(184,'مصطفي خالد شوقي حسين',NULL,1,'2023-02-26 14:54:04','2023-02-26 14:54:04',NULL),(185,'مصطفي أشرف على حسن',NULL,1,'2023-02-26 14:54:04','2023-02-26 14:54:04',NULL),(186,'مصطفي أحمد مصطفي',NULL,1,'2023-02-26 14:54:04','2023-02-26 14:54:04',NULL),(187,'مصطفي احمد محمد',NULL,1,'2023-02-26 14:54:04','2023-02-26 14:54:04',NULL),(188,'مصطفي احمد عبد القادر محمود',4,7,'2023-02-26 14:54:04','2023-05-30 08:25:02',NULL),(189,'مصطفى محمود صبحى الهوارى',NULL,1,'2023-02-26 14:54:04','2023-02-26 14:54:04',NULL),(190,'مصطفى محمد مصطفى النجار',3,7,'2023-02-26 14:54:04','2023-05-29 14:06:45',NULL),(191,'مصطفى محمد عبد الباسط السيد',NULL,1,'2023-02-26 14:54:04','2023-02-26 14:54:04',NULL),(192,'مصطفى مجدي إمام',NULL,1,'2023-02-26 14:54:04','2023-02-26 14:54:04',NULL),(193,'مصطفى مجدى عبد المجيد',NULL,1,'2023-02-26 14:54:04','2023-02-26 14:54:04',NULL),(194,'مصطفى على ابراهيم',NULL,1,'2023-02-26 14:54:04','2023-02-26 14:54:04',NULL),(195,'مصطفى عطية محمد عبدالدايم',NULL,1,'2023-02-26 14:54:04','2023-02-26 14:54:04',NULL),(196,'مصطفى عدلي عبد العاطي ابراهيم',NULL,1,'2023-02-26 14:54:04','2023-02-26 14:54:04',NULL),(197,'مصطفى عبيد محمد عسران',NULL,1,'2023-02-26 14:54:04','2023-02-26 14:54:04',NULL),(198,'مصطفى عبدالعليم محمد محمد السروجي',NULL,1,'2023-02-26 14:54:04','2023-02-26 14:54:04',NULL),(199,'مصطفى عبدالرحيم دسوقى',NULL,1,'2023-02-26 14:54:04','2023-02-26 14:54:04',NULL),(200,'مصطفى سيد عبد الله',NULL,1,'2023-02-26 14:54:04','2023-02-26 14:54:04',NULL),(201,'مصطفى سيد توفيق',NULL,1,'2023-02-26 14:54:04','2023-02-26 14:54:04',NULL),(202,'مصطفى سيد',NULL,1,'2023-02-26 14:54:04','2023-02-26 14:54:04',NULL),(203,'مصطفى سليمان على أحمد',NULL,1,'2023-02-26 14:54:04','2023-02-26 14:54:04',NULL),(204,'مصطفى سعيد',NULL,1,'2023-02-26 14:54:04','2023-02-26 14:54:04',NULL),(205,'مصطفى سامى التابعى',NULL,1,'2023-02-26 14:54:04','2023-02-26 14:54:04',NULL),(206,'مصطفى حمدى مصطفى',NULL,1,'2023-02-26 14:54:04','2023-02-26 14:54:04',NULL),(207,'مصطفى جمال جاد شحاته',NULL,1,'2023-02-26 14:54:04','2023-02-26 14:54:04',NULL),(208,'مصطفى أحمد',NULL,1,'2023-02-26 14:54:04','2023-02-26 14:54:04',NULL),(209,'مصطفى السيد أحمد',NULL,1,'2023-02-26 14:54:04','2023-02-26 14:54:04',NULL),(210,'مصطفى احمد محمد',4,7,'2023-02-26 14:54:04','2023-05-30 08:31:10',NULL),(211,'مسعد علي',NULL,1,'2023-02-26 14:54:04','2023-02-26 14:54:04',NULL),(212,'مسعد عبدالعزيز عبدالحميد',NULL,1,'2023-02-26 14:54:04','2023-02-26 14:54:04',NULL),(213,'مريم محمد',NULL,1,'2023-02-26 14:54:04','2023-02-26 14:54:04',NULL),(214,'مريم عاد',NULL,1,'2023-02-26 14:54:04','2023-02-26 14:54:04',NULL),(215,'مريم خور',NULL,1,'2023-02-26 14:54:04','2023-02-26 14:54:04',NULL),(216,'مروة على حسن حسن',NULL,1,'2023-02-26 14:54:04','2023-02-26 14:54:04',NULL),(217,'مروة اسامة محمود',7,7,'2023-02-26 14:54:04','2023-05-29 10:42:01',NULL),(218,'مروان عز',NULL,1,'2023-02-26 14:54:04','2023-02-26 14:54:04',NULL),(219,'مراد حسن',NULL,1,'2023-02-26 14:54:04','2023-02-26 14:54:04',NULL),(220,'مدحت مهدي فكري البستاوي',4,2,'2023-02-26 14:54:04','2023-06-08 13:26:03',NULL),(221,'مدحت حسين محمد حسين',NULL,1,'2023-02-26 14:54:04','2023-02-26 14:54:04',NULL),(222,'محي انور مدبولي ',NULL,1,'2023-02-26 14:54:04','2023-02-26 14:54:04',NULL),(223,'محمود مختار رشاد إبراهيم',NULL,1,'2023-02-26 14:54:04','2023-02-26 14:54:04',NULL),(224,'محمود محمد محمود حافظ',NULL,1,'2023-02-26 14:54:04','2023-02-26 14:54:04',NULL),(225,'محمود محمد محمود أبو زيد',NULL,1,'2023-02-26 14:54:04','2023-02-26 14:54:04',NULL),(226,'محمود محمد عبد الحميد',NULL,1,'2023-02-26 14:54:04','2023-02-26 14:54:04',NULL),(227,'محمود محمد سيد',NULL,1,'2023-02-26 14:54:04','2023-02-26 14:54:04',NULL),(228,'محمود محمد سعيد',NULL,1,'2023-02-26 14:54:04','2023-02-26 14:54:04',NULL),(229,'محمود محمد رضا سكران احمد',NULL,1,'2023-02-26 14:54:04','2023-02-26 14:54:04',NULL),(230,'محمود محمد رضا حسن',NULL,1,'2023-02-26 14:54:04','2023-02-26 14:54:04',NULL),(231,'محمود محمد حمدي',NULL,1,'2023-02-26 14:54:04','2023-02-26 14:54:04',NULL),(232,'محمود محمد حسين على',NULL,1,'2023-02-26 14:54:04','2023-02-26 14:54:04',NULL),(233,'محمود محمد جاد',NULL,1,'2023-02-26 14:54:04','2023-02-26 14:54:04',NULL),(234,'محمود محمد تهامى ',NULL,1,'2023-02-26 14:54:04','2023-02-26 14:54:04',NULL),(235,'محمود محمد الزغبي بدري',NULL,1,'2023-02-26 14:54:04','2023-02-26 14:54:04',NULL),(236,'محمود مجدي محمود',NULL,1,'2023-02-26 14:54:04','2023-02-26 14:54:04',NULL),(237,'محمود ماهر محمد',NULL,1,'2023-02-26 14:54:04','2023-02-26 14:54:04',NULL),(238,'محمود ماهر سالم علي',NULL,1,'2023-02-26 14:54:04','2023-02-26 14:54:04',NULL),(239,'محمود كمال حسب النبى',NULL,1,'2023-02-26 14:54:04','2023-02-26 14:54:04',NULL),(240,'محمود فؤاد محمود سلامة',NULL,1,'2023-02-26 14:54:04','2023-02-26 14:54:04',NULL),(241,'محمود فتوح ',NULL,1,'2023-02-26 14:54:04','2023-02-26 14:54:04',NULL),(242,'محمود فاضل حسيني محمود',NULL,1,'2023-02-26 14:54:04','2023-02-26 14:54:04',NULL),(243,'محمود عوض أحمد عبدالمجيد',NULL,1,'2023-02-26 14:54:04','2023-02-26 14:54:04',NULL),(244,'محمود عواد محمد',NULL,1,'2023-02-26 14:54:04','2023-02-26 14:54:04',NULL),(245,'محمود عماد الدين هلال',NULL,1,'2023-02-26 14:54:04','2023-02-26 14:54:04',NULL),(246,'محمود عماد الدين محمد هلال',NULL,1,'2023-02-26 14:54:04','2023-02-26 14:54:04',NULL),(247,'محمود علي عبد الظاهر',NULL,1,'2023-02-26 14:54:04','2023-02-26 14:54:04',NULL),(248,'محمود على يماني على',NULL,1,'2023-02-26 14:54:04','2023-02-26 14:54:04',NULL),(249,'محمود على محمد على',NULL,1,'2023-02-26 14:54:04','2023-02-26 14:54:04',NULL),(250,'محمود عبده عبد السلام',NULL,1,'2023-02-26 14:54:04','2023-02-26 14:54:04',NULL),(251,'محمود عبدالله حسن محمود',NULL,1,'2023-02-26 14:54:04','2023-02-26 14:54:04',NULL),(252,'محمود عبدالله السيد عبدالله',NULL,1,'2023-02-26 14:54:04','2023-02-26 14:54:04',NULL),(253,'محمود عبدالصمد عبدالخالق',NULL,1,'2023-02-26 14:54:04','2023-02-26 14:54:04',NULL),(254,'محمود عبد النبي سيد',NULL,1,'2023-02-26 14:54:04','2023-02-26 14:54:04',NULL),(255,'محمود عبد العزيز طلبه ',NULL,1,'2023-02-26 14:54:04','2023-02-26 14:54:04',NULL),(256,'محمود عبد العزيز البسيوني',NULL,1,'2023-02-26 14:54:04','2023-02-26 14:54:04',NULL),(257,'محمود عبد العال محمد حسين',8,7,'2023-02-26 14:54:04','2023-05-29 13:02:53',NULL),(258,'محمود عبد السميع النبراوي',NULL,1,'2023-02-26 14:54:04','2023-02-26 14:54:04',NULL),(259,'محمود عبد الرحمن عيسى ',NULL,1,'2023-02-26 14:54:04','2023-02-26 14:54:04',NULL),(260,'محمود عاطف محمد علي',NULL,1,'2023-02-26 14:54:04','2023-02-26 14:54:04',NULL),(261,'محمود صلاح محمد اسماعيل',NULL,1,'2023-02-26 14:54:04','2023-02-26 14:54:04',NULL),(262,'محمود صلاح الدين عبد الله',23,7,'2023-02-26 14:54:04','2023-05-29 12:43:04',NULL),(263,'محمود صبحي كامل',NULL,1,'2023-02-26 14:54:04','2023-02-26 14:54:04',NULL),(264,'محمود شريف شحاتة',NULL,1,'2023-02-26 14:54:04','2023-02-26 14:54:04',NULL),(265,'محمود سيد محمد سيد',NULL,1,'2023-02-26 14:54:04','2023-02-26 14:54:04',NULL),(266,'محمود سيد محروس',NULL,1,'2023-02-26 14:54:04','2023-02-26 14:54:04',NULL),(267,'محمود سيد عبد الكريم',NULL,1,'2023-02-26 14:54:04','2023-02-26 14:54:04',NULL),(268,'محمود سيد حسين',NULL,1,'2023-02-26 14:54:04','2023-02-26 14:54:04',NULL),(269,'محمود سمير محمود ابراهيم',NULL,1,'2023-02-26 14:54:04','2023-02-26 14:54:04',NULL),(270,'محمود سمير محمد',NULL,1,'2023-02-26 14:54:04','2023-02-26 14:54:04',NULL),(271,'محمود سليمان سيد',NULL,1,'2023-02-26 14:54:04','2023-02-26 14:54:04',NULL),(272,'محمود سعيد عبدالخالق',NULL,1,'2023-02-26 14:54:04','2023-02-26 14:54:04',NULL),(273,'محمود سعد محمد',NULL,1,'2023-02-26 14:54:04','2023-02-26 14:54:04',NULL),(274,'محمود سامي محمود محمد',NULL,1,'2023-02-26 14:54:04','2023-02-26 14:54:04',NULL),(275,'محمود سامي راشد',NULL,1,'2023-02-26 14:54:04','2023-02-26 14:54:04',NULL),(276,'محمود سامى رشاد محمد',NULL,1,'2023-02-26 14:54:04','2023-02-26 14:54:04',NULL),(277,'محمود سامى حامد',NULL,1,'2023-02-26 14:54:04','2023-02-26 14:54:04',NULL),(278,'محمود رياض محمود',NULL,1,'2023-02-26 14:54:04','2023-02-26 14:54:04',NULL),(279,'محمود رمضان جوده امام',NULL,1,'2023-02-26 14:54:04','2023-02-26 14:54:04',NULL),(280,'محمود رضا محمد على',NULL,1,'2023-02-26 14:54:04','2023-02-26 14:54:04',NULL),(281,'محمود خلف',NULL,1,'2023-02-26 14:54:04','2023-02-26 14:54:04',NULL),(282,'محمود حمدي محمد عبده',NULL,1,'2023-02-26 14:54:04','2023-02-26 14:54:04',NULL),(283,'محمود حسين محمود',NULL,1,'2023-02-26 14:54:04','2023-02-26 14:54:04',NULL),(284,'محمود حسن محمود',NULL,1,'2023-02-26 14:54:04','2023-02-26 14:54:04',NULL),(285,'محمود حسن احمد زين العاب',NULL,1,'2023-02-26 14:54:04','2023-02-26 14:54:04',NULL),(286,'محمود جمال عبدالناصر',NULL,1,'2023-02-26 14:54:04','2023-02-26 14:54:04',NULL),(287,'محمود جمال',NULL,1,'2023-02-26 14:54:04','2023-02-26 14:54:04',NULL),(288,'محمود تريزاكى',NULL,1,'2023-02-26 14:54:04','2023-02-26 14:54:04',NULL),(289,'محمود بكر محمود',NULL,1,'2023-02-26 14:54:04','2023-02-26 14:54:04',NULL),(290,'محمود امام امام محمد',NULL,1,'2023-02-26 14:54:04','2023-02-26 14:54:04',NULL),(291,'محمود السيد العربي',NULL,1,'2023-02-26 14:54:04','2023-02-26 14:54:04',NULL),(292,'محمود السبكي ',NULL,1,'2023-02-26 14:54:04','2023-02-26 14:54:04',NULL),(293,'محمود احمد طه',NULL,1,'2023-02-26 14:54:04','2023-02-26 14:54:04',NULL),(294,'محمود احمد رجب',NULL,1,'2023-02-26 14:54:04','2023-02-26 14:54:04',NULL),(295,'محمود احمد ابراهيم علي',NULL,1,'2023-02-26 14:54:04','2023-02-26 14:54:04',NULL),(296,'محمود ابراهيم بيومي محمد',NULL,1,'2023-02-26 14:54:04','2023-02-26 14:54:04',NULL),(297,'محمد يسين توفيق ابو زيد',NULL,1,'2023-02-26 14:54:04','2023-02-26 14:54:04',NULL),(298,'محمد يسري سعيد',NULL,1,'2023-02-26 14:54:04','2023-02-26 14:54:04',NULL),(299,'محمد يحيى حسن',NULL,1,'2023-02-26 14:54:04','2023-02-26 14:54:04',NULL),(300,'محمد يحيى الشبكشى',NULL,1,'2023-02-26 14:54:04','2023-02-26 14:54:04',NULL),(301,'محمد يحي',NULL,1,'2023-02-26 14:54:04','2023-02-26 14:54:04',NULL),(302,'محمد يحى',NULL,1,'2023-02-26 14:54:04','2023-02-26 14:54:04',NULL),(303,'محمد ياسر حسانين',NULL,1,'2023-02-26 14:54:04','2023-02-26 14:54:04',NULL),(304,'محمد وفدي سليمان أحمد',NULL,1,'2023-02-26 14:54:04','2023-02-26 14:54:04',NULL),(305,'محمد وحيد فريد محمد',NULL,1,'2023-02-26 14:54:04','2023-02-26 14:54:04',NULL),(307,'محمد نشأت صادق محمد',NULL,1,'2023-02-26 14:54:04','2023-02-26 14:54:04',NULL),(308,'محمد نجيب جميل فرغلي',NULL,1,'2023-02-26 14:54:04','2023-02-26 14:54:04',NULL),(309,'محمد نبيل محمد احمد',NULL,1,'2023-02-26 14:54:04','2023-02-26 14:54:04',NULL),(310,'محمد نبيل ابو المعاطى ابراهيم',NULL,1,'2023-02-26 14:54:04','2023-02-26 14:54:04',NULL),(311,'محمد ناصر محمد',NULL,1,'2023-02-26 14:54:04','2023-02-26 14:54:04',NULL),(312,'محمد ناصر زكريا  عبدالعظيم',NULL,1,'2023-02-26 14:54:04','2023-02-26 14:54:04',NULL),(313,'محمد ناصر',NULL,1,'2023-02-26 14:54:04','2023-02-26 14:54:04',NULL),(314,'محمد نادي مرشي ',NULL,1,'2023-02-26 14:54:04','2023-02-26 14:54:04',NULL),(315,'محمد موسي مصطفي موسي',NULL,1,'2023-02-26 14:54:04','2023-02-26 14:54:04',NULL),(316,'محمد مهاب الدين حسن عابد',NULL,1,'2023-02-26 14:54:04','2023-02-26 14:54:04',NULL),(317,'محمد منير على',NULL,1,'2023-02-26 14:54:04','2023-02-26 14:54:04',NULL),(318,'محمد منصف عبد العال',NULL,1,'2023-02-26 14:54:04','2023-02-26 14:54:04',NULL),(319,'محمد ممدوح محمد جمعه',NULL,1,'2023-02-26 14:54:04','2023-02-26 14:54:04',NULL),(320,'محمد ممدوح شبل ',NULL,1,'2023-02-26 14:54:04','2023-02-26 14:54:04',NULL),(321,'محمد ممدوح أحمد ',NULL,1,'2023-02-26 14:54:04','2023-02-26 14:54:04',NULL),(322,'محمد معتز عبده',NULL,1,'2023-02-26 14:54:04','2023-02-26 14:54:04',NULL),(323,'محمد مصلح محمد حسن',NULL,1,'2023-02-26 14:54:04','2023-02-26 14:54:04',NULL),(324,'محمد مصلح',NULL,1,'2023-02-26 14:54:04','2023-02-26 14:54:04',NULL),(325,'محمد مصطفي محمد تره',NULL,1,'2023-02-26 14:54:04','2023-02-26 14:54:04',NULL),(326,'محمد مصطفي علي محمد',NULL,1,'2023-02-26 14:54:04','2023-02-26 14:54:04',NULL),(327,'محمد مصطفي طه ',NULL,1,'2023-02-26 14:54:04','2023-02-26 14:54:04',NULL),(328,'محمد مصطفى محمد أحمد',NULL,1,'2023-02-26 14:54:04','2023-02-26 14:54:04',NULL),(329,'محمد مصطفى عبد الهادى',NULL,1,'2023-02-26 14:54:04','2023-02-26 14:54:04',NULL),(330,'محمد مصطفى ريحان',NULL,1,'2023-02-26 14:54:04','2023-02-26 14:54:04',NULL),(331,'محمد مختار سيد علي',NULL,1,'2023-02-26 14:54:04','2023-02-26 14:54:04',NULL),(332,'محمد محمود يوسف',NULL,1,'2023-02-26 14:54:04','2023-02-26 14:54:04',NULL),(333,'محمد محمود محمد محمود  البحيرى',NULL,1,'2023-02-26 14:54:04','2023-02-26 14:54:04',NULL),(334,'محمد محمود محمد عبدالرحمن',NULL,1,'2023-02-26 14:54:04','2023-02-26 14:54:04',NULL),(335,'محمد محمود محمد عبدالحميد',NULL,1,'2023-02-26 14:54:04','2023-02-26 14:54:04',NULL),(336,'محمد محمود ماهر',NULL,1,'2023-02-26 14:54:04','2023-02-26 14:54:04',NULL),(337,'محمد محمود علي احمد',NULL,1,'2023-02-26 14:54:04','2023-02-26 14:54:04',NULL),(338,'محمد محمود عتريس',NULL,1,'2023-02-26 14:54:04','2023-02-26 14:54:04',NULL),(339,'محمد محمود عبده سيد',NULL,1,'2023-02-26 14:54:04','2023-02-26 14:54:04',NULL),(340,'محمد محمود عبد الله',2,7,'2023-02-26 14:54:04','2023-05-29 12:32:00',NULL),(341,'محمد محمود عبد الحميد خالد',NULL,1,'2023-02-26 14:54:04','2023-02-26 14:54:04',NULL),(342,'محمد محمود شبل محمد البربري',NULL,1,'2023-02-26 14:54:04','2023-02-26 14:54:04',NULL),(343,'محمد محمود احمد',NULL,1,'2023-02-26 14:54:04','2023-02-26 14:54:04',NULL),(344,'محمد محمد محمود علي',NULL,1,'2023-02-26 14:54:04','2023-02-26 14:54:04',NULL),(345,'محمد محمد عطية عبد الهادي',NULL,1,'2023-02-26 14:54:04','2023-02-26 14:54:04',NULL),(346,'محمد محمد عبد الرحمن',NULL,1,'2023-02-26 14:54:04','2023-02-26 14:54:04',NULL),(347,'محمد محمد السيد أحمد ',NULL,1,'2023-02-26 14:54:04','2023-02-26 14:54:04',NULL),(348,'محمد محفوظ احمد موسى',NULL,1,'2023-02-26 14:54:04','2023-02-26 14:54:04',NULL),(349,'محمد محسن السعيد محيسن',NULL,1,'2023-02-26 14:54:04','2023-02-26 14:54:04',NULL),(350,'محمد محرم الجارحي',NULL,1,'2023-02-26 14:54:04','2023-02-26 14:54:04',NULL),(351,'محمد مجدي محمد الشحات',NULL,1,'2023-02-26 14:54:04','2023-02-26 14:54:04',NULL),(352,'محمد مجدي عطيه',NULL,1,'2023-02-26 14:54:04','2023-02-26 14:54:04',NULL),(353,'محمد مجدى محمد طنطاوى',NULL,1,'2023-02-26 14:54:04','2023-02-26 14:54:04',NULL),(354,'محمد مجدى محمد جادو',NULL,1,'2023-02-26 14:54:04','2023-02-26 14:54:04',NULL),(355,'محمد مجدى محمد',NULL,1,'2023-02-26 14:54:04','2023-02-26 14:54:04',NULL),(356,'محمد متولي جمعه',NULL,1,'2023-02-26 14:54:04','2023-02-26 14:54:04',NULL),(357,'محمد ماهر محمد محمد خليل',NULL,1,'2023-02-26 14:54:04','2023-02-26 14:54:04',NULL),(358,'محمد ماهر متولى',NULL,1,'2023-02-26 14:54:04','2023-02-26 14:54:04',NULL),(359,'محمد ماه',NULL,1,'2023-02-26 14:54:04','2023-02-26 14:54:04',NULL),(360,'محمد لطفي محمد',NULL,1,'2023-02-26 14:54:04','2023-02-26 14:54:04',NULL),(361,'محمد كامل عبد المجيد عبد الحميد',7,7,'2023-02-26 14:54:04','2023-05-29 11:03:58',NULL),(362,'محمد كامل النادى',NULL,1,'2023-02-26 14:54:04','2023-02-26 14:54:04',NULL),(363,'محمد فوزى عبدالله',NULL,1,'2023-02-26 14:54:04','2023-02-26 14:54:04',NULL),(364,'محمد فوزى عبدالرازق',NULL,1,'2023-02-26 14:54:04','2023-02-26 14:54:04',NULL),(365,'محمد فرج',NULL,1,'2023-02-26 14:54:04','2023-02-26 14:54:04',NULL),(366,'محمد فراج ',NULL,1,'2023-02-26 14:54:04','2023-02-26 14:54:04',NULL),(367,'محمد فتحي محمد عبد القادر',NULL,1,'2023-02-26 14:54:04','2023-02-26 14:54:04',NULL),(368,'محمد فتحي محروس',NULL,1,'2023-02-26 14:54:04','2023-02-26 14:54:04',NULL),(369,'محمد فتحى محمد خلف',NULL,1,'2023-02-26 14:54:04','2023-02-26 14:54:04',NULL),(370,'محمد فتحى عبد ربه',NULL,1,'2023-02-26 14:54:04','2023-02-26 14:54:04',NULL),(371,'محمد فتحى عبد المنعم السيد',NULL,1,'2023-02-26 14:54:04','2023-02-26 14:54:04',NULL),(372,'محمد فتحى عبد الرحمن',NULL,1,'2023-02-26 14:54:04','2023-02-26 14:54:04',NULL),(373,'محمد فتحى حافظ عفيفي',NULL,1,'2023-02-26 14:54:04','2023-02-26 14:54:04',NULL),(374,'محمد فتح',NULL,1,'2023-02-26 14:54:04','2023-02-26 14:54:04',NULL),(375,'محمد فتح',NULL,1,'2023-02-26 14:54:04','2023-02-26 14:54:04',NULL),(376,'محمد فتح',NULL,1,'2023-02-26 14:54:04','2023-02-26 14:54:04',NULL),(377,'محمد عيد محمد محمود',NULL,1,'2023-02-26 14:54:04','2023-02-26 14:54:04',NULL),(378,'محمد عيد علي علي ',NULL,1,'2023-02-26 14:54:04','2023-02-26 14:54:04',NULL),(379,'محمد عيد',NULL,1,'2023-02-26 14:54:04','2023-02-26 14:54:04',NULL),(380,'محمد عيد',NULL,1,'2023-02-26 14:54:04','2023-02-26 14:54:04',NULL),(381,'محمد عمرو محمد ',NULL,1,'2023-02-26 14:54:04','2023-02-26 14:54:04',NULL),(382,'محمد عمر مصطفى',NULL,1,'2023-02-26 14:54:04','2023-02-26 14:54:04',NULL),(383,'محمد عماد الدين زكى حبشى',NULL,1,'2023-02-26 14:54:04','2023-02-26 14:54:04',NULL),(384,'محمد علي احمد علي سالم',NULL,1,'2023-02-26 14:54:04','2023-02-26 14:54:04',NULL),(385,'محمد علي',NULL,1,'2023-02-26 14:54:04','2023-02-26 14:54:04',NULL),(386,'محمد على محمد احمد',NULL,1,'2023-02-26 14:54:04','2023-02-26 14:54:04',NULL),(387,'محمد على عبد الحميد',NULL,1,'2023-02-26 14:54:04','2023-02-26 14:54:04',NULL),(388,'محمد على',NULL,1,'2023-02-26 14:54:04','2023-02-26 14:54:04',NULL),(389,'محمد عصام مصطفي شاكر',NULL,1,'2023-02-26 14:54:04','2023-02-26 14:54:04',NULL),(390,'محمد عصام حسين',NULL,1,'2023-02-26 14:54:04','2023-02-26 14:54:04',NULL),(391,'محمد عصام حسين',NULL,1,'2023-02-26 14:54:04','2023-02-26 14:54:04',NULL),(392,'محمد عصام العربي',NULL,1,'2023-02-26 14:54:04','2023-02-26 14:54:04',NULL),(393,'محمد عزم',NULL,1,'2023-02-26 14:54:04','2023-02-26 14:54:04',NULL),(394,'محمد عزت محمد عواد',NULL,1,'2023-02-26 14:54:04','2023-02-26 14:54:04',NULL),(395,'محمد عبدالله عريان الشاطر',NULL,1,'2023-02-26 14:54:04','2023-02-26 14:54:04',NULL),(396,'محمد عبدالله عبد المنعم ',NULL,1,'2023-02-26 14:54:04','2023-02-26 14:54:04',NULL),(397,'محمد عبدالقوي حسن حسن',NULL,1,'2023-02-26 14:54:04','2023-02-26 14:54:04',NULL),(398,'محمد عبدالفتاح أحمد عبدالفتاح',NULL,1,'2023-02-26 14:54:04','2023-02-26 14:54:04',NULL),(399,'محمد عبدالعزيزحمزه',NULL,1,'2023-02-26 14:54:04','2023-02-26 14:54:04',NULL),(400,'محمد عبدالدايم',NULL,1,'2023-02-26 14:54:04','2023-02-26 14:54:04',NULL),(401,'محمد عبدالحى محمد غنيم',NULL,1,'2023-02-26 14:54:04','2023-02-26 14:54:04',NULL),(402,'محمد عبدالحميد سعيد',NULL,1,'2023-02-26 14:54:04','2023-02-26 14:54:04',NULL),(403,'محمد عبدالحميد إسماعيل عبدالحميد',NULL,1,'2023-02-26 14:54:04','2023-02-26 14:54:04',NULL),(404,'محمد عبد الناصر عبد المنعم',NULL,1,'2023-02-26 14:54:04','2023-02-26 14:54:04',NULL),(405,'محمد عبد المنعم محمد ابراهيم',NULL,1,'2023-02-26 14:54:04','2023-02-26 14:54:04',NULL),(406,'محمد عبد المحسن',NULL,1,'2023-02-26 14:54:04','2023-02-26 14:54:04',NULL),(407,'محمد عبد المالك محمد',NULL,1,'2023-02-26 14:54:04','2023-02-26 14:54:04',NULL),(408,'محمد عبد الله أحمد عبد الله ',NULL,1,'2023-02-26 14:54:04','2023-02-26 14:54:04',NULL),(409,'محمد عبد القادر السباعي سالم',NULL,1,'2023-02-26 14:54:04','2023-02-26 14:54:04',NULL),(410,'محمد عبد القادر ',NULL,1,'2023-02-26 14:54:04','2023-02-26 14:54:04',NULL),(411,'محمد عبد الفتاح خطاب',NULL,1,'2023-02-26 14:54:04','2023-02-26 14:54:04',NULL),(412,'محمد عبد الظاهر محمد',NULL,1,'2023-02-26 14:54:04','2023-02-26 14:54:04',NULL),(413,'محمد عبد الستار علي حسن',NULL,1,'2023-02-26 14:54:04','2023-02-26 14:54:04',NULL),(414,'محمد عبد الستار عبد الرازق',NULL,1,'2023-02-26 14:54:04','2023-02-26 14:54:04',NULL),(415,'محمد عبد الحميد حسين',NULL,1,'2023-02-26 14:54:04','2023-02-26 14:54:04',NULL),(416,'محمد عبد الحكيم محمد ',NULL,1,'2023-02-26 14:54:04','2023-02-26 14:54:04',NULL),(417,'محمد عباس رمضان',NULL,1,'2023-02-26 14:54:04','2023-02-26 14:54:04',NULL),(418,'محمد عايد قاسم احمد',NULL,1,'2023-02-26 14:54:04','2023-02-26 14:54:04',NULL),(419,'محمد عاطف محمد',NULL,1,'2023-02-26 14:54:04','2023-02-26 14:54:04',NULL),(420,'محمد عادل عبد العاطي',NULL,1,'2023-02-26 14:54:04','2023-02-26 14:54:04',NULL),(421,'محمد عادل سعد',NULL,1,'2023-02-26 14:54:04','2023-02-26 14:54:04',NULL),(422,'محمد عادل جمال الدين',NULL,1,'2023-02-26 14:54:04','2023-02-26 14:54:04',NULL),(423,'محمد عادل ',NULL,1,'2023-02-26 14:54:04','2023-02-26 14:54:04',NULL),(424,'محمد عاد',NULL,1,'2023-02-26 14:54:04','2023-02-26 14:54:04',NULL),(425,'محمد طارق محمد عبد الرحمن',NULL,1,'2023-02-26 14:54:04','2023-02-26 14:54:04',NULL),(426,'محمد طارق محمد صفوت',NULL,1,'2023-02-26 14:54:04','2023-02-26 14:54:04',NULL),(427,'محمد طارق عبد التواب',NULL,1,'2023-02-26 14:54:04','2023-02-26 14:54:04',NULL),(428,'محمد صلاح وردانى عبدالحليم',NULL,1,'2023-02-26 14:54:04','2023-02-26 14:54:04',NULL),(429,'محمد صلاح محمود',NULL,1,'2023-02-26 14:54:04','2023-02-26 14:54:04',NULL),(430,'محمد صلاح عبدالقوي',NULL,1,'2023-02-26 14:54:04','2023-02-26 14:54:04',NULL),(431,'محمد صلاح عبدالغفار',NULL,1,'2023-02-26 14:54:04','2023-02-26 14:54:04',NULL),(432,'محمد صلاح عبدالشكور',NULL,1,'2023-02-26 14:54:04','2023-02-26 14:54:04',NULL),(433,'محمد صلاح عبد العاطي',NULL,1,'2023-02-26 14:54:04','2023-02-26 14:54:04',NULL),(434,'محمد صلاح سيد محمد ',NULL,1,'2023-02-26 14:54:04','2023-02-26 14:54:04',NULL),(435,'محمد صلاح حسن على',NULL,1,'2023-02-26 14:54:04','2023-02-26 14:54:04',NULL),(436,'محمد صلاح الفقى',NULL,1,'2023-02-26 14:54:04','2023-02-26 14:54:04',NULL),(437,'محمد صلاح السيد',NULL,1,'2023-02-26 14:54:04','2023-02-26 14:54:04',NULL),(438,'محمد صلاح الدين محمد محمد',NULL,1,'2023-02-26 14:54:04','2023-02-26 14:54:04',NULL),(439,'محمد صفوت محمد مرسي',NULL,1,'2023-02-26 14:54:04','2023-02-26 14:54:04',NULL),(440,'محمد صديق عبد الحميد',NULL,1,'2023-02-26 14:54:04','2023-02-26 14:54:04',NULL),(441,'محمد صدقى عبدالجليل',NULL,1,'2023-02-26 14:54:04','2023-02-26 14:54:04',NULL),(442,'محمد صبرى محمد الجبالى',4,7,'2023-02-26 14:54:04','2023-05-30 11:06:38',NULL),(444,'محمد صادق عبد الحميد صادق',NULL,1,'2023-02-26 14:54:04','2023-02-26 14:54:04',NULL),(445,'محمد صاد',NULL,1,'2023-02-26 14:54:04','2023-02-26 14:54:04',NULL),(446,'محمد صابر محمد برعي',NULL,1,'2023-02-26 14:54:04','2023-02-26 14:54:04',NULL),(447,'محمد صابر عبد الظاهر ',NULL,1,'2023-02-26 14:54:04','2023-02-26 14:54:04',NULL),(448,'محمد صابر بيومي فرحان عوده',NULL,1,'2023-02-26 14:54:04','2023-02-26 14:54:04',NULL),(449,'محمد صابر بسطاوي محمد',NULL,1,'2023-02-26 14:54:04','2023-02-26 14:54:04',NULL),(450,'محمد صابر أحمد',4,7,'2023-02-26 14:54:04','2023-05-30 08:34:26',NULL),(452,'محمد شفيق السيد',NULL,1,'2023-02-26 14:54:04','2023-02-26 14:54:04',NULL),(453,'محمد شعبان عيد ',NULL,1,'2023-02-26 14:54:04','2023-02-26 14:54:04',NULL),(454,'محمد شعبان',NULL,1,'2023-02-26 14:54:04','2023-02-26 14:54:04',NULL),(455,'محمد شافعى سيد محمد ',NULL,1,'2023-02-26 14:54:04','2023-02-26 14:54:04',NULL),(456,'محمد سيد محمد محمد سعد',NULL,1,'2023-02-26 14:54:04','2023-02-26 14:54:04',NULL),(457,'محمد سيد محمد تمام',NULL,1,'2023-02-26 14:54:04','2023-02-26 14:54:04',NULL),(458,'محمد سيد علي',NULL,1,'2023-02-26 14:54:04','2023-02-26 14:54:04',NULL),(459,'محمد سيد سعد حسن',NULL,1,'2023-02-26 14:54:04','2023-02-26 14:54:04',NULL),(460,'محمد سيد امام',NULL,1,'2023-02-26 14:54:04','2023-02-26 14:54:04',NULL),(461,'محمد سيد العربي',NULL,1,'2023-02-26 14:54:04','2023-02-26 14:54:04',NULL),(462,'محمد سيد احمد سيد',NULL,1,'2023-02-26 14:54:04','2023-02-26 14:54:04',NULL),(463,'محمد سيد ابراهيم محمد يوسف',NULL,1,'2023-02-26 14:54:04','2023-02-26 14:54:04',NULL),(464,'محمد سيد ابراهيم',NULL,1,'2023-02-26 14:54:04','2023-02-26 14:54:04',NULL),(465,'محمد سمير محمود محمد',NULL,1,'2023-02-26 14:54:04','2023-02-26 14:54:04',NULL),(466,'محمد سمير فهيم محمد',NULL,1,'2023-02-26 14:54:04','2023-02-26 14:54:04',NULL),(467,'محمد سمير عباده',NULL,1,'2023-02-26 14:54:04','2023-02-26 14:54:04',NULL),(468,'محمد سمير زيدان',NULL,1,'2023-02-26 14:54:04','2023-02-26 14:54:04',NULL),(469,'محمد سمير حامد',NULL,1,'2023-02-26 14:54:04','2023-02-26 14:54:04',NULL),(470,'محمد سمير ابراهيم محمد',NULL,1,'2023-02-26 14:54:04','2023-02-26 14:54:04',NULL),(471,'محمد سليمان محمود',NULL,1,'2023-02-26 14:54:04','2023-02-26 14:54:04',NULL),(472,'محمد سلي',NULL,1,'2023-02-26 14:54:04','2023-02-26 14:54:04',NULL),(473,'محمد سلامة رمضان',NULL,1,'2023-02-26 14:54:04','2023-02-26 14:54:04',NULL),(474,'محمد سعد محمد عبد الرحمن',NULL,1,'2023-02-26 14:54:04','2023-02-26 14:54:04',NULL),(475,'محمد سعد عبدالكريم',1,7,'2023-02-26 14:54:04','2023-05-29 12:28:41',NULL),(476,'محمد سعد انور',NULL,1,'2023-02-26 14:54:04','2023-02-26 14:54:04',NULL),(477,'محمد سعد',NULL,1,'2023-02-26 14:54:04','2023-02-26 14:54:04',NULL),(478,'محمد سامي',NULL,1,'2023-02-26 14:54:04','2023-02-26 14:54:04',NULL),(479,'محمد سامى عبد المعبود',NULL,1,'2023-02-26 14:54:04','2023-02-26 14:54:04',NULL),(480,'محمد سام',NULL,1,'2023-02-26 14:54:04','2023-02-26 14:54:04',NULL),(481,'محمد سام',NULL,1,'2023-02-26 14:54:04','2023-02-26 14:54:04',NULL),(482,'محمد سالم على سالم سكر',NULL,1,'2023-02-26 14:54:04','2023-02-26 14:54:04',NULL),(483,'محمد سال',NULL,1,'2023-02-26 14:54:04','2023-02-26 14:54:04',NULL),(484,'محمد زكريا علي محمد',NULL,1,'2023-02-26 14:54:04','2023-02-26 14:54:04',NULL),(485,'محمد زغلول ابو الغيط',NULL,1,'2023-02-26 14:54:04','2023-02-26 14:54:04',NULL),(486,'محمد زاهر عيسي',NULL,1,'2023-02-26 14:54:04','2023-02-26 14:54:04',NULL),(487,'محمد رمضان يوسف',NULL,1,'2023-02-26 14:54:04','2023-02-26 14:54:04',NULL),(488,'محمد رمضان صالح عبد الوهاب',NULL,1,'2023-02-26 14:54:04','2023-02-26 14:54:04',NULL),(489,'محمد رفعت سلامة عبدالهادى',NULL,1,'2023-02-26 14:54:04','2023-02-26 14:54:04',NULL),(490,'محمد رضا فرحات احمد',4,7,'2023-02-26 14:54:04','2023-05-30 11:08:49',NULL),(491,'محمد رضا عزت',NULL,1,'2023-02-26 14:54:04','2023-02-26 14:54:04',NULL),(492,'محمد رضا عبدالحميد',NULL,1,'2023-02-26 14:54:04','2023-02-26 14:54:04',NULL),(493,'محمد رضا',NULL,1,'2023-02-26 14:54:04','2023-02-26 14:54:04',NULL),(494,'محمد رضا',NULL,1,'2023-02-26 14:54:04','2023-02-26 14:54:04',NULL),(495,'محمد رشدي علي',NULL,1,'2023-02-26 14:54:04','2023-02-26 14:54:04',NULL),(496,'محمد رجب',NULL,1,'2023-02-26 14:54:04','2023-02-26 14:54:04',NULL),(497,'محمد خلي',NULL,1,'2023-02-26 14:54:04','2023-02-26 14:54:04',NULL),(498,'محمد خلف',NULL,1,'2023-02-26 14:54:04','2023-02-26 14:54:04',NULL),(499,'محمد خضر',NULL,1,'2023-02-26 14:54:04','2023-02-26 14:54:04',NULL),(500,'محمد خالد عبد اللطيف',NULL,1,'2023-02-26 14:54:04','2023-02-26 14:54:04',NULL),(501,'محمد خالد اسماعيل',NULL,1,'2023-02-26 14:54:04','2023-02-26 14:54:04',NULL),(502,'محمد حنف',NULL,1,'2023-02-26 14:54:04','2023-02-26 14:54:04',NULL),(503,'محمد حمودة عطية أحمد',NULL,1,'2023-02-26 14:54:04','2023-02-26 14:54:04',NULL),(504,'محمد حمزة عبد الرحيم',NULL,1,'2023-02-26 14:54:04','2023-02-26 14:54:04',NULL),(505,'محمد حلمى محمد خضر',NULL,1,'2023-02-26 14:54:04','2023-02-26 14:54:04',NULL),(506,'محمد حسين محمد حسين',NULL,1,'2023-02-26 14:54:04','2023-02-26 14:54:04',NULL),(507,'محمد حسين محمد',NULL,1,'2023-02-26 14:54:04','2023-02-26 14:54:04',NULL),(508,'محمد حسين علي نصار',5,7,'2023-02-26 14:54:04','2023-05-29 12:51:34',NULL),(509,'محمد حسين عبدالمؤمن',NULL,1,'2023-02-26 14:54:04','2023-02-26 14:54:04',NULL),(510,'محمد حسن محمد حسن',NULL,1,'2023-02-26 14:54:04','2023-02-26 14:54:04',NULL),(511,'محمد حسن عبد الهادي حسن',NULL,1,'2023-02-26 14:54:04','2023-02-26 14:54:04',NULL),(512,'محمد حسن سمير حسن سيد احمد',NULL,1,'2023-02-26 14:54:04','2023-02-26 14:54:04',NULL),(513,'محمد حسن أحمد زين العابدين',NULL,1,'2023-02-26 14:54:04','2023-02-26 14:54:04',NULL),(514,'محمد حسن إبراهيم',NULL,1,'2023-02-26 14:54:04','2023-02-26 14:54:04',NULL),(515,'محمد حسن',NULL,1,'2023-02-26 14:54:04','2023-02-26 14:54:04',NULL),(516,'محمد حسن',NULL,1,'2023-02-26 14:54:04','2023-02-26 14:54:04',NULL),(517,'محمد حسن',NULL,1,'2023-02-26 14:54:04','2023-02-26 14:54:04',NULL),(518,'محمد حسن',NULL,1,'2023-02-26 14:54:04','2023-02-26 14:54:04',NULL),(519,'محمد حسن',NULL,1,'2023-02-26 14:54:04','2023-02-26 14:54:04',NULL),(520,'محمد حسن',NULL,1,'2023-02-26 14:54:04','2023-02-26 14:54:04',NULL),(521,'محمد حسن',NULL,1,'2023-02-26 14:54:04','2023-02-26 14:54:04',NULL),(522,'محمد حسن',NULL,1,'2023-02-26 14:54:04','2023-02-26 14:54:04',NULL),(523,'محمد حامد ابو الخير',NULL,1,'2023-02-26 14:54:04','2023-02-26 14:54:04',NULL),(524,'محمد جمال مغاوري عبدالمطلب',NULL,1,'2023-02-26 14:54:04','2023-02-26 14:54:04',NULL),(525,'محمد جمال محمود بيومى',NULL,1,'2023-02-26 14:54:04','2023-02-26 14:54:04',NULL),(526,'محمد جمال محمود',NULL,1,'2023-02-26 14:54:04','2023-02-26 14:54:04',NULL),(527,'محمد جمال محمد علي',23,7,'2023-02-26 14:54:04','2023-05-29 12:42:15',NULL),(528,'محمد جمال عيسى محمد',NULL,1,'2023-02-26 14:54:04','2023-02-26 14:54:04',NULL),(529,'محمد جمال عليوه محمد',NULL,1,'2023-02-26 14:54:04','2023-02-26 14:54:04',NULL),(530,'محمد جمال السيد محمد جبر',NULL,1,'2023-02-26 14:54:04','2023-02-26 14:54:04',NULL),(531,'محمد جمال الدين حلمي علي غالب',NULL,1,'2023-02-26 14:54:04','2023-02-26 14:54:04',NULL),(532,'محمد جمال الجيلانى',NULL,1,'2023-02-26 14:54:04','2023-02-26 14:54:04',NULL),(533,'محمد جلال محمود',NULL,1,'2023-02-26 14:54:04','2023-02-26 14:54:04',NULL),(534,'محمد بخيت علي رشوان',NULL,1,'2023-02-26 14:54:04','2023-02-26 14:54:04',NULL),(535,'محمد بخيت',NULL,1,'2023-02-26 14:54:04','2023-02-26 14:54:04',NULL),(536,'محمد أسامة عبدالرحيم صبرى',1,7,'2023-02-26 14:54:04','2023-05-29 12:23:08',NULL),(537,'محمد أسامة جمال الدين',NULL,1,'2023-02-26 14:54:04','2023-02-26 14:54:04',NULL),(538,'محمد أحمد محمد أحمد سلطان',NULL,1,'2023-02-26 14:54:04','2023-02-26 14:54:04',NULL),(539,'محمد أحمد عبد الصبور ',NULL,1,'2023-02-26 14:54:04','2023-02-26 14:54:04',NULL),(540,'محمد أحمد إمام سليمان',NULL,1,'2023-02-26 14:54:04','2023-02-26 14:54:04',NULL),(541,'محمد اسامة إبراهيم متولي',4,7,'2023-02-26 14:54:04','2023-05-30 08:42:56',NULL),(542,'محمد إسماعيل',NULL,1,'2023-02-26 14:54:04','2023-02-26 14:54:04',NULL),(543,'محمد انور مدبولي',NULL,1,'2023-02-26 14:54:04','2023-02-26 14:54:04',NULL),(544,'محمد امين رزق محمد',NULL,1,'2023-02-26 14:54:04','2023-02-26 14:54:04',NULL),(545,'محمد الشحات حواس عطية',NULL,1,'2023-02-26 14:54:04','2023-02-26 14:54:04',NULL),(546,'محمد السيد مرتضى احمد',NULL,1,'2023-02-26 14:54:04','2023-02-26 14:54:04',NULL),(547,'محمد السيد محمد مصطفى',NULL,1,'2023-02-26 14:54:04','2023-02-26 14:54:04',NULL),(548,'محمد السيد محمد عبدالحفيظ',NULL,1,'2023-02-26 14:54:04','2023-02-26 14:54:04',NULL),(549,'محمد السيد محمد خليل القطري',NULL,1,'2023-02-26 14:54:04','2023-02-26 14:54:04',NULL),(550,'محمد السيد عطية محمد',NULL,1,'2023-02-26 14:54:04','2023-02-26 14:54:04',NULL),(551,'محمد السيد عبدالباقي عبدالله',NULL,1,'2023-02-26 14:54:04','2023-02-26 14:54:04',NULL),(552,'محمد السيد سعيد غريب',NULL,1,'2023-02-26 14:54:04','2023-02-26 14:54:04',NULL),(553,'محمد الإمام رمضان إبراهيم ',NULL,1,'2023-02-26 14:54:04','2023-02-26 14:54:04',NULL),(554,'محمد اشرف نجم',NULL,1,'2023-02-26 14:54:04','2023-02-26 14:54:04',NULL),(555,'محمد اشرف مصطفى محمد الجمل',NULL,1,'2023-02-26 14:54:04','2023-02-26 14:54:04',NULL),(556,'محمد اشرف حامد',NULL,1,'2023-02-26 14:54:04','2023-02-26 14:54:04',NULL),(557,'محمد اسلام محمد عبد اللطيف',NULL,1,'2023-02-26 14:54:04','2023-02-26 14:54:04',NULL),(558,'محمد اسامه محمد بكري',NULL,1,'2023-02-26 14:54:04','2023-02-26 14:54:04',NULL),(559,'محمد احمد محمد عبده',4,7,'2023-02-26 14:54:04','2023-05-30 08:47:22',NULL),(560,'محمد احمد محمد عبد العزي',NULL,1,'2023-02-26 14:54:04','2023-02-26 14:54:04',NULL),(561,'محمد احمد محمد توفيق',NULL,1,'2023-02-26 14:54:04','2023-02-26 14:54:04',NULL),(562,'محمد احمد كامل',NULL,1,'2023-02-26 14:54:04','2023-02-26 14:54:04',NULL),(563,'محمد احمد فاروق',NULL,1,'2023-02-26 14:54:04','2023-02-26 14:54:04',NULL),(564,'محمد احمد عبدالمؤمن',NULL,1,'2023-02-26 14:54:04','2023-02-26 14:54:04',NULL),(565,'محمد احمد سليمان',NULL,1,'2023-02-26 14:54:04','2023-02-26 14:54:04',NULL),(566,'محمد احمد حسن شاوش',NULL,1,'2023-02-26 14:54:04','2023-02-26 14:54:04',NULL),(567,'محمد احمد تهامى',NULL,1,'2023-02-26 14:54:04','2023-02-26 14:54:04',NULL),(568,'محمد احمد الصفتى',NULL,1,'2023-02-26 14:54:04','2023-02-26 14:54:04',NULL),(569,'محمد احمد السيد عليوه',4,7,'2023-02-26 14:54:04','2023-05-30 08:23:58',NULL),(570,'محمد احمد ابراهيم ابو سنه',NULL,1,'2023-02-26 14:54:04','2023-02-26 14:54:04',NULL),(571,'محمد ابواليزيد سعد',NULL,1,'2023-02-26 14:54:04','2023-02-26 14:54:04',NULL),(572,'محمد ابو القاسم ',NULL,1,'2023-02-26 14:54:04','2023-02-26 14:54:04',NULL),(573,'محمد ابراهيم محمد ابراهيم',5,7,'2023-02-26 14:54:04','2023-05-29 12:53:43',NULL),(574,'محمد ابراهيم محمد',NULL,1,'2023-02-26 14:54:04','2023-02-26 14:54:04',NULL),(575,'محمد ابراهيم على',NULL,1,'2023-02-26 14:54:04','2023-02-26 14:54:04',NULL),(576,'محمد ابراهيم عز الدين محمد',NULL,1,'2023-02-26 14:54:04','2023-02-26 14:54:04',NULL),(577,'محمد ابراهيم عبدالحافظ ابراهيم',NULL,1,'2023-02-26 14:54:04','2023-02-26 14:54:04',NULL),(578,'محمد ابراهيم عبد الفتاح',NULL,1,'2023-02-26 14:54:04','2023-02-26 14:54:04',NULL),(579,'محمد ابراهيم عبد الرسول',23,7,'2023-02-26 14:54:04','2023-05-29 12:42:41',NULL),(580,'محمد ابراهيم عبد الحليم طه شعبان',NULL,1,'2023-02-26 14:54:04','2023-02-26 14:54:04',NULL),(581,'محمد ابراهيم سيد عماره',NULL,1,'2023-02-26 14:54:04','2023-02-26 14:54:04',NULL),(582,'محفوظ حافظ محفوظ',NULL,1,'2023-02-26 14:54:04','2023-02-26 14:54:04',NULL),(583,'محسن صبري راغب الدسوقي',NULL,1,'2023-02-26 14:54:04','2023-02-26 14:54:04',NULL),(584,'محسن سيف حافظ',NULL,1,'2023-02-26 14:54:04','2023-02-26 14:54:04',NULL),(585,'محجوب علي محجوب عوض',NULL,1,'2023-02-26 14:54:04','2023-02-26 14:54:04',NULL),(586,'مجدي عبد الرسول ',NULL,1,'2023-02-26 14:54:04','2023-02-26 14:54:04',NULL),(587,'مجدي حسن',NULL,1,'2023-02-26 14:54:04','2023-02-26 14:54:04',NULL),(588,'مجدى صبحى وهبه',NULL,1,'2023-02-26 14:54:04','2023-02-26 14:54:04',NULL),(589,'متولي حلمي متولي محمد',NULL,1,'2023-02-26 14:54:04','2023-02-26 14:54:04',NULL),(590,'مبارك احمد محمد يس',NULL,1,'2023-02-26 14:54:04','2023-02-26 14:54:04',NULL),(591,'ماهر محمد حسين',NULL,1,'2023-02-26 14:54:04','2023-02-26 14:54:04',NULL),(592,'مارينا وليم سيدهم',5,7,'2023-02-26 14:54:04','2023-05-29 12:49:40',NULL),(593,'مارينا وفيق شاكر',NULL,1,'2023-02-26 14:54:04','2023-02-26 14:54:04',NULL),(594,'ماري جرجس سيدهم',NULL,1,'2023-02-26 14:54:04','2023-02-26 14:54:04',NULL),(595,'مارتينا عادل ثابت',NULL,1,'2023-02-26 14:54:04','2023-02-26 14:54:04',NULL),(596,'ماجدة عواد سلامة',NULL,1,'2023-02-26 14:54:04','2023-02-26 14:54:04',NULL),(597,'ماجد سعيد جورج سعيد',23,7,'2023-02-26 14:54:04','2023-05-30 11:15:06',NULL),(598,'ليلى سامح صلاح الدين',NULL,1,'2023-02-26 14:54:04','2023-02-26 14:54:04',NULL),(599,'لؤى على',NULL,1,'2023-02-26 14:54:04','2023-02-26 14:54:04',NULL),(600,'لميس عاد',NULL,1,'2023-02-26 14:54:04','2023-02-26 14:54:04',NULL),(601,'كيرولوس',NULL,1,'2023-02-26 14:54:04','2023-02-26 14:54:04',NULL),(602,'كوندو افاجيت',NULL,1,'2023-02-26 14:54:04','2023-02-26 14:54:04',NULL),(603,'كوكب محمد ياسين',NULL,1,'2023-02-26 14:54:04','2023-02-26 14:54:04',NULL),(604,'كمال صالح فهمى محمد',NULL,1,'2023-02-26 14:54:04','2023-02-26 14:54:04',NULL),(605,'كريمه مصطفي',NULL,1,'2023-02-26 14:54:04','2023-02-26 14:54:04',NULL),(606,'كريم ناصر منصور',NULL,1,'2023-02-26 14:54:04','2023-02-26 14:54:04',NULL),(607,'كريم مواهى مصطفى مواهى',NULL,1,'2023-02-26 14:54:04','2023-02-26 14:54:04',NULL),(608,'كريم محمود محمد',NULL,1,'2023-02-26 14:54:04','2023-02-26 14:54:04',NULL),(609,'كريم محمد عبدالمنعم أحمد',NULL,1,'2023-02-26 14:54:04','2023-02-26 14:54:04',NULL),(610,'كريم محمد عبد السميع',NULL,1,'2023-02-26 14:54:04','2023-02-26 14:54:04',NULL),(611,'كريم محمد صابر',NULL,1,'2023-02-26 14:54:04','2023-02-26 14:54:04',NULL),(612,'كريم على ابراهيم',NULL,1,'2023-02-26 14:54:04','2023-02-26 14:54:04',NULL),(613,'كريم عبدالعال',NULL,1,'2023-02-26 14:54:04','2023-02-26 14:54:04',NULL),(614,'كريم طارق السيد',NULL,1,'2023-02-26 14:54:04','2023-02-26 14:54:04',NULL),(615,'كريم طارق ابراهيم عبدالحميد',NULL,1,'2023-02-26 14:54:04','2023-02-26 14:54:04',NULL),(616,'كريم شلبي يحي شلبي',NULL,1,'2023-02-26 14:54:04','2023-02-26 14:54:04',NULL),(617,'كريم سيد سراج النور السيد',NULL,1,'2023-02-26 14:54:04','2023-02-26 14:54:04',NULL),(618,'كريم سيد',NULL,1,'2023-02-26 14:54:04','2023-02-26 14:54:04',NULL),(619,'كريم سمير عباس عبده',NULL,1,'2023-02-26 14:54:04','2023-02-26 14:54:04',NULL),(620,'كريم سالم هاشم',NULL,1,'2023-02-26 14:54:04','2023-02-26 14:54:04',NULL),(621,'كريم خالد عبدالله',NULL,1,'2023-02-26 14:54:04','2023-02-26 14:54:04',NULL),(622,'كريم حسين عمر ',NULL,1,'2023-02-26 14:54:04','2023-02-26 14:54:04',NULL),(623,'كريم جمال محمد نور',NULL,1,'2023-02-26 14:54:04','2023-02-26 14:54:04',NULL),(624,'كريم احمد كمال محمد',2,7,'2023-02-26 14:54:04','2023-05-29 12:34:58',NULL),(625,'كريم احمد عبده',NULL,1,'2023-02-26 14:54:04','2023-02-26 14:54:04',NULL),(626,'كريم ابراهيم عبد ربه ',NULL,1,'2023-02-26 14:54:04','2023-02-26 14:54:04',NULL),(627,'كرم مختار محمدين',NULL,1,'2023-02-26 14:54:04','2023-02-26 14:54:04',NULL),(628,'كرم محمد مصطفى عبد المطلب',NULL,1,'2023-02-26 14:54:04','2023-02-26 14:54:04',NULL),(629,'كرم محمد',NULL,1,'2023-02-26 14:54:04','2023-02-26 14:54:04',NULL),(630,'كرم ابراهيم حسين ',NULL,1,'2023-02-26 14:54:04','2023-02-26 14:54:04',NULL),(631,'كرم ابراهيم',NULL,1,'2023-02-26 14:54:04','2023-02-26 14:54:04',NULL),(632,'كرستينا اشرف فريد',NULL,1,'2023-02-26 14:54:04','2023-02-26 14:54:04',NULL),(633,'كاشا ناسا',NULL,1,'2023-02-26 14:54:04','2023-02-26 14:54:04',NULL),(634,'كارولين نادر دانيال قلاده',3,7,'2023-02-26 14:54:04','2023-05-29 14:05:44',NULL),(635,'قاسم احمد قاسم',NULL,1,'2023-02-26 14:54:04','2023-02-26 14:54:04',NULL),(636,'فيصل عبد الله عبد الحميد',NULL,1,'2023-02-26 14:54:04','2023-02-26 14:54:04',NULL),(637,'فوزيه أحمد فهمى عبد الصمد',NULL,1,'2023-02-26 14:54:04','2023-02-26 14:54:04',NULL),(638,'فهمي محمد فهمي حامد',NULL,1,'2023-02-26 14:54:04','2023-02-26 14:54:04',NULL),(639,'فهمى حسين احمد',NULL,1,'2023-02-26 14:54:04','2023-02-26 14:54:04',NULL),(640,'فريدة محمد عبد العاطى',NULL,1,'2023-02-26 14:54:04','2023-02-26 14:54:04',NULL),(641,'فريد سلامة حجاب عبدالعال',NULL,1,'2023-02-26 14:54:04','2023-02-26 14:54:04',NULL),(642,'فرحة علي',NULL,1,'2023-02-26 14:54:04','2023-02-26 14:54:04',NULL),(643,'فرحات رض',NULL,1,'2023-02-26 14:54:04','2023-02-26 14:54:04',NULL),(644,'فرح السيد حسن صالح',NULL,1,'2023-02-26 14:54:04','2023-02-26 14:54:04',NULL),(645,'فجر محمد',NULL,1,'2023-02-26 14:54:04','2023-02-26 14:54:04',NULL),(646,'فتحى ممدوح',NULL,1,'2023-02-26 14:54:04','2023-02-26 14:54:04',NULL),(647,'فاطمه ابراهيم محمد',NULL,1,'2023-02-26 14:54:04','2023-02-26 14:54:04',NULL),(648,'فاطمة مواهي مصطفي',NULL,1,'2023-02-26 14:54:04','2023-02-26 14:54:04',NULL),(649,'فاطمة حسين طه اسماعيل',NULL,1,'2023-02-26 14:54:04','2023-02-26 14:54:04',NULL),(650,'فاطمة أحمد على محمد',NULL,1,'2023-02-26 14:54:04','2023-02-26 14:54:04',NULL),(651,'فاروق عادل عبدالظاهر',NULL,1,'2023-02-26 14:54:04','2023-02-26 14:54:04',NULL),(652,'فادى ابو المجد',NULL,1,'2023-02-26 14:54:04','2023-02-26 14:54:04',NULL),(653,'فاتن مجد',NULL,1,'2023-02-26 14:54:04','2023-02-26 14:54:04',NULL),(654,'عيد صبحي',NULL,1,'2023-02-26 14:54:04','2023-02-26 14:54:04',NULL),(655,'عيد حسيني عبد الفتاح أحمد',NULL,1,'2023-02-26 14:54:04','2023-02-26 14:54:04',NULL),(656,'عوض عبدالفتاح على عبد الرحمن',NULL,1,'2023-02-26 14:54:04','2023-02-26 14:54:04',NULL),(657,'عمرو يسر',NULL,1,'2023-02-26 14:54:04','2023-02-26 14:54:04',NULL),(658,'عمرو يحيى عبد النبى سيد',NULL,1,'2023-02-26 14:54:04','2023-02-26 14:54:04',NULL),(659,'عمرو نبيل محمد عبد المعطى',NULL,1,'2023-02-26 14:54:04','2023-02-26 14:54:04',NULL),(660,'عمرو ممدوح كمال عبدالسميع',NULL,1,'2023-02-26 14:54:04','2023-02-26 14:54:04',NULL),(661,'عمرو محمود رجب احمد',NULL,1,'2023-02-26 14:54:04','2023-02-26 14:54:04',NULL),(662,'عمرو محمود ',NULL,1,'2023-02-26 14:54:04','2023-02-26 14:54:04',NULL),(663,'عمرو محمد يوسف محمد',NULL,1,'2023-02-26 14:54:04','2023-02-26 14:54:04',NULL),(664,'عمرو محمد محمد  امين',NULL,1,'2023-02-26 14:54:04','2023-02-26 14:54:04',NULL),(665,'عمرو محمد محمد محمد السنة',1,7,'2023-02-26 14:54:04','2023-05-29 11:33:20',NULL),(666,'عمرو محف',NULL,1,'2023-02-26 14:54:04','2023-02-26 14:54:04',NULL),(667,'عمرو فارس محمد محمد',4,7,'2023-02-26 14:54:04','2023-06-18 11:52:04',NULL),(669,'عمرو علي احمد',NULL,1,'2023-02-26 14:54:04','2023-02-26 14:54:04',NULL),(670,'عمرو عز',NULL,1,'2023-02-26 14:54:04','2023-02-26 14:54:04',NULL),(671,'عمرو عبدالمنعم عبدالعزيز',NULL,1,'2023-02-26 14:54:04','2023-02-26 14:54:04',NULL),(672,'عمر عبد النبي عبد الخالق',4,7,'2023-02-26 14:54:04','2023-05-30 08:28:41',NULL),(673,'عمرو عبد الحميد عيد عبد الحميد',NULL,1,'2023-02-26 14:54:04','2023-02-26 14:54:04',NULL),(674,'عمرو عادل سعيد محمد',NULL,1,'2023-02-26 14:54:04','2023-02-26 14:54:04',NULL),(675,'عمرو صبرى',NULL,1,'2023-02-26 14:54:04','2023-02-26 14:54:04',NULL),(676,'عمرو سيد محمد',NULL,1,'2023-02-26 14:54:04','2023-02-26 14:54:04',NULL),(677,'عمرو سمير عبد الرؤوف',NULL,1,'2023-02-26 14:54:04','2023-02-26 14:54:04',NULL),(678,'عمرو سمي',NULL,1,'2023-02-26 14:54:04','2023-02-26 14:54:04',NULL),(679,'عمرو رجب',NULL,1,'2023-02-26 14:54:04','2023-02-26 14:54:04',NULL),(680,'عمرو خالد السيد',NULL,1,'2023-02-26 14:54:04','2023-02-26 14:54:04',NULL),(681,'عمرو حمد',NULL,1,'2023-02-26 14:54:04','2023-02-26 14:54:04',NULL),(682,'عمرو أحم',NULL,1,'2023-02-26 14:54:04','2023-02-26 14:54:04',NULL),(683,'عمرو ايمن صالح',NULL,1,'2023-02-26 14:54:04','2023-02-26 14:54:04',NULL),(684,'عمرو اسماعيل عبد السلام المغربي',4,2,'2023-02-26 14:54:04','2023-06-09 13:20:14',NULL),(685,'عمرو احمد تهامى',NULL,1,'2023-02-26 14:54:04','2023-02-26 14:54:04',NULL),(686,'عمران',NULL,1,'2023-02-26 14:54:04','2023-02-26 14:54:04',NULL),(687,'عمر مصطفى قاسم',NULL,1,'2023-02-26 14:54:04','2023-02-26 14:54:04',NULL),(688,'عمر مختار الصعيدي محمد',NULL,1,'2023-02-26 14:54:04','2023-02-26 14:54:04',NULL),(689,'عمر محمدي ذكي عمر',NULL,1,'2023-02-26 14:54:04','2023-02-26 14:54:04',NULL),(690,'عمر محمد مجاهد ',NULL,1,'2023-02-26 14:54:04','2023-02-26 14:54:04',NULL),(691,'عمر محمد على الليثى',NULL,1,'2023-02-26 14:54:04','2023-02-26 14:54:04',NULL),(692,'عمر فيصل السيد',NULL,1,'2023-02-26 14:54:04','2023-02-26 14:54:04',NULL),(693,'عمر فوزى',NULL,1,'2023-02-26 14:54:04','2023-02-26 14:54:04',NULL),(694,'عمر عادل عمر محمد',NULL,1,'2023-02-26 14:54:04','2023-02-26 14:54:04',NULL),(695,'عمر عادل علي',NULL,1,'2023-02-26 14:54:04','2023-02-26 14:54:04',NULL),(696,'عمر القا',NULL,1,'2023-02-26 14:54:04','2023-02-26 14:54:04',NULL),(697,'عمر الشافعي عاصم',NULL,1,'2023-02-26 14:54:04','2023-02-26 14:54:04',NULL),(698,'عمر اسماعيل محمد',NULL,1,'2023-02-26 14:54:04','2023-02-26 14:54:04',NULL),(699,'عمر اسامة محمد محمد ',NULL,1,'2023-02-26 14:54:04','2023-02-26 14:54:04',NULL),(700,'عمار محمد محمود',NULL,1,'2023-02-26 14:54:04','2023-02-26 14:54:04',NULL),(701,'عماد ماهر السيد محمد',NULL,1,'2023-02-26 14:54:04','2023-02-26 14:54:04',NULL),(702,'عماد لطفي يونس محمد',NULL,1,'2023-02-26 14:54:04','2023-02-26 14:54:04',NULL),(703,'عماد فراج محمد عبدالقادر',NULL,1,'2023-02-26 14:54:04','2023-02-26 14:54:04',NULL),(704,'عماد فتح',NULL,1,'2023-02-26 14:54:04','2023-02-26 14:54:04',NULL),(705,'عماد عطا على حبيب',NULL,1,'2023-02-26 14:54:04','2023-02-26 14:54:04',NULL),(706,'عماد عبدالحليم محمد',NULL,1,'2023-02-26 14:54:04','2023-02-26 14:54:04',NULL),(707,'عماد سعيد سلامة ',NULL,1,'2023-02-26 14:54:04','2023-02-26 14:54:04',NULL),(708,'عماد حمدي توفيق',NULL,1,'2023-02-26 14:54:04','2023-02-26 14:54:04',NULL),(709,'عماد الدين فكرى غريب',NULL,1,'2023-02-26 14:54:04','2023-02-26 14:54:04',NULL),(710,'علي يحي علي عثمان',NULL,1,'2023-02-26 14:54:04','2023-02-26 14:54:04',NULL),(711,'علي محمود علي مرسي',NULL,1,'2023-02-26 14:54:04','2023-02-26 14:54:04',NULL),(712,'علي محمد',NULL,1,'2023-02-26 14:54:04','2023-02-26 14:54:04',NULL),(713,'علي محمد',NULL,1,'2023-02-26 14:54:04','2023-02-26 14:54:04',NULL),(714,'علي عبد اللطيف علي حسن عبد اللطيف',NULL,1,'2023-02-26 14:54:04','2023-02-26 14:54:04',NULL),(715,'علي صبري',NULL,1,'2023-02-26 14:54:04','2023-02-26 14:54:04',NULL),(716,'علي ايمن',NULL,1,'2023-02-26 14:54:04','2023-02-26 14:54:04',NULL),(717,'علي اشرف',NULL,1,'2023-02-26 14:54:04','2023-02-26 14:54:04',NULL),(718,'علي احمد الشوادفي',NULL,1,'2023-02-26 14:54:04','2023-02-26 14:54:04',NULL),(719,'على نور احمد مصطفى',NULL,1,'2023-02-26 14:54:04','2023-02-26 14:54:04',NULL),(720,'على نصر',NULL,1,'2023-02-26 14:54:04','2023-02-26 14:54:04',NULL),(721,'على محمد على',NULL,1,'2023-02-26 14:54:04','2023-02-26 14:54:04',NULL),(722,'على محمد على',NULL,1,'2023-02-26 14:54:04','2023-02-26 14:54:04',NULL),(723,'على محمد',NULL,1,'2023-02-26 14:54:04','2023-02-26 14:54:04',NULL),(724,'على محمد',NULL,1,'2023-02-26 14:54:04','2023-02-26 14:54:04',NULL),(725,'على مجدى',NULL,1,'2023-02-26 14:54:04','2023-02-26 14:54:04',NULL),(726,'على مجدى',NULL,1,'2023-02-26 14:54:04','2023-02-26 14:54:04',NULL),(727,'على عبدالله خليل عطية',NULL,1,'2023-02-26 14:54:04','2023-02-26 14:54:04',NULL),(728,'على عبدالحفيظ',NULL,1,'2023-02-26 14:54:04','2023-02-26 14:54:04',NULL),(729,'على خميس',NULL,1,'2023-02-26 14:54:04','2023-02-26 14:54:04',NULL),(730,'على حسين',NULL,1,'2023-02-26 14:54:04','2023-02-26 14:54:04',NULL),(731,'على جاد',NULL,1,'2023-02-26 14:54:04','2023-02-26 14:54:04',NULL),(732,'على أشرف على عبدالحافظ',NULL,1,'2023-02-26 14:54:04','2023-02-26 14:54:04',NULL),(733,'على أحمد علي محمد',NULL,1,'2023-02-26 14:54:04','2023-02-26 14:54:04',NULL),(734,'على احمد العربى',NULL,1,'2023-02-26 14:54:04','2023-02-26 14:54:04',NULL),(735,'علام عبدالرازق علي',NULL,1,'2023-02-26 14:54:04','2023-02-26 14:54:04',NULL),(736,'علاء ناجي كمال عيسى',NULL,1,'2023-02-26 14:54:04','2023-02-26 14:54:04',NULL),(737,'علاء مصطفى حسن',NULL,1,'2023-02-26 14:54:04','2023-02-26 14:54:04',NULL),(738,'علاء فتح',NULL,1,'2023-02-26 14:54:04','2023-02-26 14:54:04',NULL),(739,'علاء علي ابراهيم',NULL,1,'2023-02-26 14:54:04','2023-02-26 14:54:04',NULL),(740,'علاء على ابراهيم احمد',NULL,1,'2023-02-26 14:54:04','2023-02-26 14:54:04',NULL),(741,'علاء على',NULL,1,'2023-02-26 14:54:04','2023-02-26 14:54:04',NULL),(742,'علاء عبد',NULL,1,'2023-02-26 14:54:04','2023-02-26 14:54:04',NULL),(743,'علاء سيد احمد',NULL,1,'2023-02-26 14:54:04','2023-02-26 14:54:04',NULL),(744,'علاء سيد',NULL,1,'2023-02-26 14:54:04','2023-02-26 14:54:04',NULL),(745,'علاء سميح محمد ابراهيم',NULL,1,'2023-02-26 14:54:04','2023-02-26 14:54:04',NULL),(746,'علاء رمضان يوسف',NULL,1,'2023-02-26 14:54:04','2023-02-26 14:54:04',NULL),(747,'علاء رفع',NULL,1,'2023-02-26 14:54:04','2023-02-26 14:54:04',NULL),(748,'علاء حسن بدرخان شريف',NULL,1,'2023-02-26 14:54:04','2023-02-26 14:54:04',NULL),(749,'علاء تواضروس',NULL,1,'2023-02-26 14:54:04','2023-02-26 14:54:04',NULL),(750,'علاء بلال عبدالسلام',NULL,1,'2023-02-26 14:54:04','2023-02-26 14:54:04',NULL),(751,'علاء الدين شوقى',NULL,1,'2023-02-26 14:54:04','2023-02-26 14:54:04',NULL),(752,'علا كامل حسن محمد',NULL,1,'2023-02-26 14:54:04','2023-02-26 14:54:04',NULL),(753,'علا رمضان محمد حسن عمارة',NULL,1,'2023-02-26 14:54:04','2023-02-26 14:54:04',NULL),(754,'علا خالد',NULL,1,'2023-02-26 14:54:04','2023-02-26 14:54:04',NULL),(755,'عفاف ناصر شحات',NULL,1,'2023-02-26 14:54:04','2023-02-26 14:54:04',NULL),(756,'عصام محمد علي العربي',NULL,1,'2023-02-26 14:54:04','2023-02-26 14:54:04',NULL),(757,'عصام محمد السيد الفيشاوي ',NULL,1,'2023-02-26 14:54:04','2023-02-26 14:54:04',NULL),(758,'عصام فرج سيد فرج',3,7,'2023-02-26 14:54:04','2023-05-28 15:31:35',NULL),(759,'عصام عبد الله المغربى',NULL,1,'2023-02-26 14:54:04','2023-02-26 14:54:04',NULL),(760,'عصام سيد سيد عامر',NULL,1,'2023-02-26 14:54:04','2023-02-26 14:54:04',NULL),(761,'عصام سيد',NULL,1,'2023-02-26 14:54:04','2023-02-26 14:54:04',NULL),(762,'عصام رفع',NULL,1,'2023-02-26 14:54:04','2023-02-26 14:54:04',NULL),(763,'عصام رفع',NULL,1,'2023-02-26 14:54:04','2023-02-26 14:54:04',NULL),(764,'عصام حمدي علي سيد',NULL,1,'2023-02-26 14:54:04','2023-02-26 14:54:04',NULL),(765,'عزيزه نبيل سيد بيومي',8,7,'2023-02-26 14:54:04','2023-05-29 13:07:36',NULL),(766,'عزيزه نب',NULL,1,'2023-02-26 14:54:04','2023-02-26 14:54:04',NULL),(767,'عزيزة صلاح محمد محمد',NULL,1,'2023-02-26 14:54:04','2023-02-26 14:54:04',NULL),(768,'عزيز محمد الشبراوي',NULL,1,'2023-02-26 14:54:04','2023-02-26 14:54:04',NULL),(769,'عزت محمد سيد القرموط',NULL,1,'2023-02-26 14:54:04','2023-02-26 14:54:04',NULL),(770,'عزت محمد امين ابراهيم',NULL,1,'2023-02-26 14:54:04','2023-02-26 14:54:04',NULL),(771,'عزت محمد',NULL,1,'2023-02-26 14:54:04','2023-02-26 14:54:04',NULL),(772,'عزت محمد',NULL,1,'2023-02-26 14:54:04','2023-02-26 14:54:04',NULL),(773,'عثمان محمد مهران',NULL,1,'2023-02-26 14:54:04','2023-02-26 14:54:04',NULL),(774,'عبير عادل ابراهيم نجم',NULL,1,'2023-02-26 14:54:04','2023-02-26 14:54:04',NULL),(775,'عبيد محمد محمود عبدالباقى',NULL,1,'2023-02-26 14:54:04','2023-02-26 14:54:04',NULL),(776,'عبدالنبى محمد ابراهيم محمود',NULL,1,'2023-02-26 14:54:04','2023-02-26 14:54:04',NULL),(777,'عبدالله شعبان',NULL,1,'2023-02-26 14:54:04','2023-02-26 14:54:04',NULL),(778,'عبدالله احمد عبدالحافظ محمود',NULL,1,'2023-02-26 14:54:04','2023-02-26 14:54:04',NULL),(779,'عبدالله ابراهيم',NULL,1,'2023-02-26 14:54:04','2023-02-26 14:54:04',NULL),(780,'عبدالله',NULL,1,'2023-02-26 14:54:04','2023-02-26 14:54:04',NULL),(781,'عبدالقادر خالد',NULL,1,'2023-02-26 14:54:04','2023-02-26 14:54:04',NULL),(782,'عبدالقادر ابراهيم ناصر',NULL,1,'2023-02-26 14:54:04','2023-02-26 14:54:04',NULL),(783,'عبدالفتاح سعيد',NULL,1,'2023-02-26 14:54:04','2023-02-26 14:54:04',NULL),(784,'عبدالعاطى فوزى عبدالعاطى عوض',NULL,1,'2023-02-26 14:54:04','2023-02-26 14:54:04',NULL),(785,'عبدالعاطى صبحى',NULL,1,'2023-02-26 14:54:04','2023-02-26 14:54:04',NULL),(786,'عبدالرحمن محمد محمود',NULL,1,'2023-02-26 14:54:04','2023-02-26 14:54:04',NULL),(787,'عبدالرحمن محمد علي أبو العينين',NULL,1,'2023-02-26 14:54:04','2023-02-26 14:54:04',NULL),(788,'عبدالرحمن مجدي حسن ',NULL,1,'2023-02-26 14:54:04','2023-02-26 14:54:04',NULL),(789,'عبدالرحمن حسين سيد',NULL,1,'2023-02-26 14:54:04','2023-02-26 14:54:04',NULL),(790,'عبد الموجود ياقوت محمد علي',NULL,1,'2023-02-26 14:54:04','2023-02-26 14:54:04',NULL),(791,'عبد المنعم ماجد عبد المنعم علي',4,7,'2023-02-26 14:54:04','2023-05-30 08:29:33',NULL),(792,'عبد المجيد ابراهيم عبد الرحمن',NULL,1,'2023-02-26 14:54:04','2023-02-26 14:54:04',NULL),(793,'عبد الله أحمد عبد الرحمن',NULL,1,'2023-02-26 14:54:04','2023-02-26 14:54:04',NULL),(794,'عبد العزيز فؤاد أنور جمعه',NULL,1,'2023-02-26 14:54:04','2023-02-26 14:54:04',NULL),(795,'عبد الرحمن منتصر جمعة حس',NULL,1,'2023-02-26 14:54:04','2023-02-26 14:54:04',NULL),(796,'عبد الرحمن مصطفي عبده مصطفي',NULL,1,'2023-02-26 14:54:04','2023-02-26 14:54:04',NULL),(797,'عبد الرحمن عماد',NULL,1,'2023-02-26 14:54:04','2023-02-26 14:54:04',NULL),(798,'عبد الرحمن صلاح موسى',NULL,1,'2023-02-26 14:54:04','2023-02-26 14:54:04',NULL),(799,'عبد الرحمن سمير عبد المجيد نصار',NULL,1,'2023-02-26 14:54:04','2023-02-26 14:54:04',NULL),(800,'عبد الرحمن أبو الفتوح ',NULL,1,'2023-02-26 14:54:04','2023-02-26 14:54:04',NULL),(801,'عبد الرحمن ابراهيم علي',4,7,'2023-02-26 14:54:04','2023-05-30 08:25:27',NULL),(802,'عبد الخالق محمود عبد الخالق',NULL,1,'2023-02-26 14:54:04','2023-02-26 14:54:04',NULL),(803,'عبد الحميد محمد عبد الحميد',NULL,1,'2023-02-26 14:54:04','2023-02-26 14:54:04',NULL),(804,'عبد الحميد اشرف',NULL,1,'2023-02-26 14:54:04','2023-02-26 14:54:04',NULL),(805,'عبد البديع جميل عبد البديع',NULL,1,'2023-02-26 14:54:04','2023-02-26 14:54:04',NULL),(806,'عباس محمد جامع',NULL,1,'2023-02-26 14:54:04','2023-02-26 14:54:04',NULL),(807,'عاطف جمعه رمضان عبدالغني',NULL,1,'2023-02-26 14:54:04','2023-02-26 14:54:04',NULL),(808,'عاطف ابراهيم عبد الرحمن سالمان',NULL,1,'2023-02-26 14:54:04','2023-02-26 14:54:04',NULL),(809,'عاصم محمد عبد الحميد عبد الرحمن',NULL,1,'2023-02-26 14:54:04','2023-02-26 14:54:04',NULL),(810,'عاصم عمر مصباح',1,7,'2023-02-26 14:54:04','2023-05-29 11:33:56',NULL),(811,'عادلى محمد',NULL,1,'2023-02-26 14:54:04','2023-02-26 14:54:04',NULL),(812,'عادل محمد ابراهيم الجمال',NULL,1,'2023-02-26 14:54:04','2023-02-26 14:54:04',NULL),(813,'عادل عرف',NULL,1,'2023-02-26 14:54:04','2023-02-26 14:54:04',NULL),(814,'عادل شحاتة ابراهيم',NULL,1,'2023-02-26 14:54:04','2023-02-26 14:54:04',NULL),(815,'عادل حسن',NULL,1,'2023-02-26 14:54:04','2023-02-26 14:54:04',NULL),(816,'عادل أنور علي',NULL,1,'2023-02-26 14:54:04','2023-02-26 14:54:04',NULL),(817,'عادل احمد عبد السلام ',NULL,1,'2023-02-26 14:54:04','2023-02-26 14:54:04',NULL),(818,'طه علام محمد على',NULL,1,'2023-02-26 14:54:04','2023-02-26 14:54:04',NULL),(819,'طه صلاح',NULL,1,'2023-02-26 14:54:04','2023-02-26 14:54:04',NULL),(820,'طلعت محمد طلعت محمد ',NULL,1,'2023-02-26 14:54:04','2023-02-26 14:54:04',NULL),(821,'طاهر محمد نجم سعيد',NULL,1,'2023-02-26 14:54:04','2023-02-26 14:54:04',NULL),(822,'طاهر عمر عبدالصبور',NULL,1,'2023-02-26 14:54:04','2023-02-26 14:54:04',NULL),(823,'طاهر ابو زيد محمد',NULL,1,'2023-02-26 14:54:04','2023-02-26 14:54:04',NULL),(824,'طارئ عبد الرازق عبد الشافى',NULL,1,'2023-02-26 14:54:04','2023-02-26 14:54:04',NULL),(825,'طارق محمود عبد اللطيف',NULL,1,'2023-02-26 14:54:04','2023-02-26 14:54:04',NULL),(826,'طارق محرم محمد',NULL,1,'2023-02-26 14:54:04','2023-02-26 14:54:04',NULL),(827,'طارق حمدى توفيق عبد الرحمن',NULL,1,'2023-02-26 14:54:04','2023-02-26 14:54:04',NULL),(828,'طارق أحمد حسين',NULL,1,'2023-02-26 14:54:04','2023-02-26 14:54:04',NULL),(829,'طارق أحمد السيد محمد إبراهيم',NULL,1,'2023-02-26 14:54:04','2023-02-26 14:54:04',NULL),(830,'طارق إسماعيل',NULL,1,'2023-02-26 14:54:04','2023-02-26 14:54:04',NULL),(831,'طارق السيد محمد العرابي',NULL,1,'2023-02-26 14:54:04','2023-02-26 14:54:04',NULL),(832,'ضياء على طه',NULL,1,'2023-02-26 14:54:04','2023-02-26 14:54:04',NULL),(833,'صلاح عبدالودود السيد',NULL,1,'2023-02-26 14:54:04','2023-02-26 14:54:04',NULL),(834,'صلاح طارق ابراهيم',NULL,1,'2023-02-26 14:54:04','2023-02-26 14:54:04',NULL),(835,'صلاح سمير صلاح لبيب',NULL,1,'2023-02-26 14:54:04','2023-02-26 14:54:04',NULL),(836,'صلاح ابوالحسن محمد',NULL,1,'2023-02-26 14:54:04','2023-02-26 14:54:04',NULL),(837,'صفية خالد فتحي',NULL,1,'2023-02-26 14:54:04','2023-02-26 14:54:04',NULL),(838,'صفاء حمدى',NULL,1,'2023-02-26 14:54:04','2023-02-26 14:54:04',NULL),(839,'صبيح زيدان محمد',NULL,1,'2023-02-26 14:54:04','2023-02-26 14:54:04',NULL),(840,'صبري محمد صلاح الدين',NULL,1,'2023-02-26 14:54:04','2023-02-26 14:54:04',NULL),(841,'صبحى صبرى ابو العنين',NULL,1,'2023-02-26 14:54:04','2023-02-26 14:54:04',NULL),(842,'صالح عبدالله صالح',NULL,1,'2023-02-26 14:54:04','2023-02-26 14:54:04',NULL),(843,'صابرين خليل محمد',NULL,1,'2023-02-26 14:54:04','2023-02-26 14:54:04',NULL),(844,'صابر جمعه رزق',NULL,1,'2023-02-26 14:54:04','2023-02-26 14:54:04',NULL),(845,'صابر جمعه',NULL,1,'2023-02-26 14:54:04','2023-02-26 14:54:04',NULL),(846,'شيماء ياسر محمود',NULL,1,'2023-02-26 14:54:04','2023-02-26 14:54:04',NULL),(847,'شيماء محمد سالم',NULL,1,'2023-02-26 14:54:04','2023-02-26 14:54:04',NULL),(848,'شهد طارق',NULL,1,'2023-02-26 14:54:04','2023-02-26 14:54:04',NULL),(849,'شكري علي احمد',NULL,1,'2023-02-26 14:54:04','2023-02-26 14:54:04',NULL),(850,'شريف ناصر',NULL,1,'2023-02-26 14:54:04','2023-02-26 14:54:04',NULL),(851,'شريف مصطفي ابراهيم ',NULL,1,'2023-02-26 14:54:04','2023-02-26 14:54:04',NULL),(852,'شريف محمد متولى',NULL,1,'2023-02-26 14:54:04','2023-02-26 14:54:04',NULL),(853,'شريف محمد عبدالوهاب',NULL,1,'2023-02-26 14:54:04','2023-02-26 14:54:04',NULL),(854,'شريف محمد عبد الوهاب',NULL,1,'2023-02-26 14:54:04','2023-02-26 14:54:04',NULL),(855,'شريف محمد حسن',NULL,1,'2023-02-26 14:54:04','2023-02-26 14:54:04',NULL),(856,'شريف عياد فريز',NULL,1,'2023-02-26 14:54:04','2023-02-26 14:54:04',NULL),(857,'شريف على',NULL,1,'2023-02-26 14:54:04','2023-02-26 14:54:04',NULL),(858,'شريف عصام',NULL,1,'2023-02-26 14:54:04','2023-02-26 14:54:04',NULL),(859,'شريف عبد المنعم عبد الحميد',NULL,1,'2023-02-26 14:54:04','2023-02-26 14:54:04',NULL),(860,'شريف عبد المنعم ',NULL,1,'2023-02-26 14:54:04','2023-02-26 14:54:04',NULL),(861,'شريف عبد القادر عبد المنعم',NULL,1,'2023-02-26 14:54:04','2023-02-26 14:54:04',NULL),(862,'شريف عادل امين',NULL,1,'2023-02-26 14:54:04','2023-02-26 14:54:04',NULL),(863,'شريف سيد غباش',NULL,1,'2023-02-26 14:54:04','2023-02-26 14:54:04',NULL),(864,'شريف سيد',NULL,1,'2023-02-26 14:54:04','2023-02-26 14:54:04',NULL),(865,'شريف رمضان خطاب',NULL,1,'2023-02-26 14:54:04','2023-02-26 14:54:04',NULL),(866,'شريف حامد صديق حسين',NULL,1,'2023-02-26 14:54:04','2023-02-26 14:54:04',NULL),(867,'شريف السيد',NULL,1,'2023-02-26 14:54:04','2023-02-26 14:54:04',NULL),(868,'شريف السباعى',NULL,1,'2023-02-26 14:54:04','2023-02-26 14:54:04',NULL),(869,'شريف اشرف حامد',NULL,1,'2023-02-26 14:54:04','2023-02-26 14:54:04',NULL),(870,'شروق محمد',NULL,1,'2023-02-26 14:54:04','2023-02-26 14:54:04',NULL),(871,'شحات بدر',NULL,1,'2023-02-26 14:54:04','2023-02-26 14:54:04',NULL),(872,'شادي صلاح محمد',NULL,1,'2023-02-26 14:54:04','2023-02-26 14:54:04',NULL),(873,'سيندي عماد عوض نجيب',3,7,'2023-02-26 14:54:04','2023-05-29 14:11:37',NULL),(874,'سيف عزت خليفة متولى',NULL,1,'2023-02-26 14:54:04','2023-02-26 14:54:04',NULL),(875,'سيد مكرم عبد الحفيظ محمد',NULL,1,'2023-02-26 14:54:04','2023-02-26 14:54:04',NULL),(876,'سيد مصطفى سيد',NULL,1,'2023-02-26 14:54:04','2023-02-26 14:54:04',NULL),(877,'سيد مرسي محمد مرسي',NULL,1,'2023-02-26 14:54:04','2023-02-26 14:54:04',NULL),(878,'سيد محمد مصطفى',NULL,1,'2023-02-26 14:54:04','2023-02-26 14:54:04',NULL),(879,'سيد محمد مرسى حسن',NULL,1,'2023-02-26 14:54:04','2023-02-26 14:54:04',NULL),(880,'سيد محمد مدكور',NULL,1,'2023-02-26 14:54:04','2023-02-26 14:54:04',NULL),(881,'سيد محمد',NULL,1,'2023-02-26 14:54:04','2023-02-26 14:54:04',NULL),(882,'سيد محمد',NULL,1,'2023-02-26 14:54:04','2023-02-26 14:54:04',NULL),(883,'سيد كمال على',NULL,1,'2023-02-26 14:54:04','2023-02-26 14:54:04',NULL),(884,'سيد فتحى محمد عبد العال',NULL,1,'2023-02-26 14:54:04','2023-02-26 14:54:04',NULL),(885,'سيد فايد',NULL,1,'2023-02-26 14:54:04','2023-02-26 14:54:04',NULL),(886,'سيد عدلي',NULL,1,'2023-02-26 14:54:04','2023-02-26 14:54:04',NULL),(887,'سيد عبدالمجيد عبدالحميد',NULL,1,'2023-02-26 14:54:04','2023-02-26 14:54:04',NULL),(888,'سيد عبد السلام احمد عقل',NULL,1,'2023-02-26 14:54:04','2023-02-26 14:54:04',NULL),(889,'سيد عاطف',NULL,1,'2023-02-26 14:54:04','2023-02-26 14:54:04',NULL),(890,'سيد طه السيد بدوي',NULL,1,'2023-02-26 14:54:04','2023-02-26 14:54:04',NULL),(891,'سيد طارق',NULL,1,'2023-02-26 14:54:04','2023-02-26 14:54:04',NULL),(892,'سيد صابر',NULL,1,'2023-02-26 14:54:04','2023-02-26 14:54:04',NULL),(893,'سيد سمير  السيد حافظ زغلول',NULL,1,'2023-02-26 14:54:04','2023-02-26 14:54:04',NULL),(894,'سيد سعيد',NULL,1,'2023-02-26 14:54:04','2023-02-26 14:54:04',NULL),(895,'سيد خلف الله كمال الدين ابراهيم',NULL,1,'2023-02-26 14:54:04','2023-02-26 14:54:04',NULL),(896,'سيد حسن عراقى مصطفى',NULL,1,'2023-02-26 14:54:04','2023-02-26 14:54:04',NULL),(897,'سيد جمال',NULL,1,'2023-02-26 14:54:04','2023-02-26 14:54:04',NULL),(898,'سيد جلال',NULL,1,'2023-02-26 14:54:04','2023-02-26 14:54:04',NULL),(899,'سيد أحمد',NULL,1,'2023-02-26 14:54:04','2023-02-26 14:54:04',NULL),(900,'سيد احمد سيد محمد',NULL,1,'2023-02-26 14:54:04','2023-02-26 14:54:04',NULL),(901,'سهل فكرى على محمد',NULL,1,'2023-02-26 14:54:04','2023-02-26 14:54:04',NULL),(902,'سميرة طلعت شحات شلبي',NULL,1,'2023-02-26 14:54:04','2023-02-26 14:54:04',NULL),(903,'سمير حسنى حامد محمد',NULL,1,'2023-02-26 14:54:04','2023-02-26 14:54:04',NULL),(904,'سمر مصري عبد النعيم محمد',8,7,'2023-02-26 14:54:04','2023-05-29 13:08:31',NULL),(905,'سماء رضا',NULL,1,'2023-02-26 14:54:04','2023-02-26 14:54:04',NULL),(906,'سلمي حسام حسين كامل مصطفي',NULL,1,'2023-02-26 14:54:04','2023-02-26 14:54:04',NULL),(907,'سلمى سعيد محمد',NULL,1,'2023-02-26 14:54:04','2023-02-26 14:54:04',NULL),(908,'سلمى سامى هلال',1,7,'2023-02-26 14:54:04','2023-05-29 11:34:46',NULL),(909,'سعيد محمد شريف محمد',NULL,1,'2023-02-26 14:54:04','2023-02-26 14:54:04',NULL),(910,'سعيد محمد حسن على',NULL,1,'2023-02-26 14:54:04','2023-02-26 14:54:04',NULL),(911,'سعيد ماهر سعيد محمود',NULL,1,'2023-02-26 14:54:04','2023-02-26 14:54:04',NULL),(912,'سعيد شبراوي عليوه ',NULL,1,'2023-02-26 14:54:04','2023-02-26 14:54:04',NULL),(913,'سعيد سيد احمد',NULL,1,'2023-02-26 14:54:04','2023-02-26 14:54:04',NULL),(914,'سعيد حسن',NULL,1,'2023-02-26 14:54:04','2023-02-26 14:54:04',NULL),(915,'سعيد السيد ابوسريع سعود',NULL,1,'2023-02-26 14:54:04','2023-02-26 14:54:04',NULL),(916,'سعيد ابراهيم حسين أبو زيد',NULL,1,'2023-02-26 14:54:04','2023-02-26 14:54:04',NULL),(917,'سعد محمد حسن',NULL,1,'2023-02-26 14:54:04','2023-02-26 14:54:04',NULL),(918,'سعد محمد',NULL,1,'2023-02-26 14:54:04','2023-02-26 14:54:04',NULL),(919,'سعد طارق سعد سالم',NULL,1,'2023-02-26 14:54:04','2023-02-26 14:54:04',NULL),(920,'سعد حنفى مصطفى سليم',NULL,1,'2023-02-26 14:54:04','2023-02-26 14:54:04',NULL),(921,'سامي محمود عطية الغباشي',4,2,'2023-02-26 14:54:04','2023-06-01 16:20:24',NULL),(922,'سامى عبدالظاهر محمد',NULL,1,'2023-02-26 14:54:04','2023-02-26 14:54:04',NULL),(923,'سامى عبد القوى سيد معروف',NULL,1,'2023-02-26 14:54:04','2023-02-26 14:54:04',NULL),(924,'سامى عبد الحميد امام',NULL,1,'2023-02-26 14:54:04','2023-02-26 14:54:04',NULL),(925,'سامح مجدي عطية',NULL,1,'2023-02-26 14:54:04','2023-02-26 14:54:04',NULL),(926,'سامح على أحمد الدكر',NULL,1,'2023-02-26 14:54:04','2023-02-26 14:54:04',NULL),(927,'سامح رمضان عبدالغنى',NULL,1,'2023-02-26 14:54:04','2023-02-26 14:54:04',NULL),(928,'سالم محمد سالم',NULL,1,'2023-02-26 14:54:04','2023-02-26 14:54:04',NULL),(929,'سالم حسن',NULL,1,'2023-02-26 14:54:04','2023-02-26 14:54:04',NULL),(930,'ساره محمد هانى سيد محمد',NULL,1,'2023-02-26 14:54:04','2023-02-26 14:54:04',NULL),(931,'ساره محمد عبد الفتاح محمد',NULL,1,'2023-02-26 14:54:04','2023-02-26 14:54:04',NULL),(932,'ساره عزت عفيفي',NULL,1,'2023-02-26 14:54:04','2023-02-26 14:54:04',NULL),(933,'سارة نبيل جاد الرب',NULL,1,'2023-02-26 14:54:04','2023-02-26 14:54:04',NULL),(934,'سارة حسن صالح',3,7,'2023-02-26 14:54:04','2023-05-30 10:46:54',NULL),(935,'سارة جمال',NULL,1,'2023-02-26 14:54:04','2023-02-26 14:54:04',NULL),(936,'زينب عادل ابراهيم السعده',NULL,7,'2023-02-26 14:54:04','2023-05-09 13:31:23',NULL),(937,'زينب جاب',NULL,1,'2023-02-26 14:54:04','2023-02-26 14:54:04',NULL),(938,'زينب بدر محمد',3,7,'2023-02-26 14:54:04','2023-05-29 14:03:52',NULL),(939,'زياد محمد عبد الموجود ',NULL,1,'2023-02-26 14:54:04','2023-02-26 14:54:04',NULL),(940,'زياد خالد عبدالمجيد محمود',NULL,1,'2023-02-26 14:54:04','2023-02-26 14:54:04',NULL),(941,'زكي طه زكي ',NULL,1,'2023-02-26 14:54:04','2023-02-26 14:54:04',NULL),(942,'ريهام محمود درويش',NULL,1,'2023-02-26 14:54:04','2023-02-26 14:54:04',NULL),(943,'ريهام درويش',13,7,'2023-02-26 14:54:04','2023-05-31 11:25:47',NULL),(944,'ريهام حسنى عبد العزيز',NULL,1,'2023-02-26 14:54:04','2023-02-26 14:54:04',NULL),(945,'ريم نعيم سعد الدين محمد',NULL,1,'2023-02-26 14:54:04','2023-02-26 14:54:04',NULL),(946,'ريم ماجد حسن احمد',NULL,1,'2023-02-26 14:54:04','2023-02-26 14:54:04',NULL),(947,'ريم ماجد',NULL,1,'2023-02-26 14:54:04','2023-02-26 14:54:04',NULL),(948,'ريم حاتم حسين عباس',NULL,1,'2023-02-26 14:54:04','2023-02-26 14:54:04',NULL),(949,'ريم الوزير',3,7,'2023-02-26 14:54:04','2023-05-29 14:05:08',NULL),(950,'رياض محمد رياض ابو حميد',NULL,1,'2023-02-26 14:54:04','2023-02-26 14:54:04',NULL),(951,'رهام حسن',NULL,1,'2023-02-26 14:54:04','2023-02-26 14:54:04',NULL),(952,'رنا عصام العربي',NULL,1,'2023-02-26 14:54:04','2023-02-26 14:54:04',NULL),(953,'رمضان مسعد عبدالله',NULL,1,'2023-02-26 14:54:04','2023-02-26 14:54:04',NULL),(954,'رمضان مرعى دكرورى',NULL,1,'2023-02-26 14:54:04','2023-02-26 14:54:04',NULL),(955,'رمضان محمد حسن ابوالعلا',NULL,1,'2023-02-26 14:54:04','2023-02-26 14:54:04',NULL),(956,'رمضان عبد العظيم دربال',NULL,1,'2023-02-26 14:54:04','2023-02-26 14:54:04',NULL),(957,'رمضان جمعة رياض',NULL,1,'2023-02-26 14:54:04','2023-02-26 14:54:04',NULL),(958,'رمضان احمد قطب',NULL,1,'2023-02-26 14:54:04','2023-02-26 14:54:04',NULL),(959,'رفعت سيد ',NULL,1,'2023-02-26 14:54:04','2023-02-26 14:54:04',NULL),(960,'رفاعي علي حسين',NULL,1,'2023-02-26 14:54:04','2023-02-26 14:54:04',NULL),(961,'رغده احمد محمد حسن هلال',3,7,'2023-02-26 14:54:04','2023-05-29 12:04:39',NULL),(962,'رضوى حسام الدين',NULL,1,'2023-02-26 14:54:04','2023-02-26 14:54:04',NULL),(963,'رضا ناجح مهنى',NULL,1,'2023-02-26 14:54:04','2023-02-26 14:54:04',NULL),(964,'رضا مصطف',NULL,1,'2023-02-26 14:54:04','2023-02-26 14:54:04',NULL),(965,'رضا محمد محمود عطية',5,7,'2023-02-26 14:54:04','2023-05-29 13:02:19',NULL),(966,'رضا على',NULL,1,'2023-02-26 14:54:04','2023-02-26 14:54:04',NULL),(967,'رضا عفيف',NULL,1,'2023-02-26 14:54:04','2023-02-26 14:54:04',NULL),(968,'رضا عفيف',NULL,1,'2023-02-26 14:54:04','2023-02-26 14:54:04',NULL),(969,'رضا عبد المجيد خليل',NULL,1,'2023-02-26 14:54:04','2023-02-26 14:54:04',NULL),(970,'رضا عبد الله مهنى',NULL,1,'2023-02-26 14:54:04','2023-02-26 14:54:04',NULL),(971,'رضا سيد ابراهيم',NULL,1,'2023-02-26 14:54:04','2023-02-26 14:54:04',NULL),(972,'رضا سيد',NULL,1,'2023-02-26 14:54:04','2023-02-26 14:54:04',NULL),(973,'رضا السيد شرف',NULL,1,'2023-02-26 14:54:04','2023-02-26 14:54:04',NULL),(974,'رشا مصطفى',NULL,1,'2023-02-26 14:54:04','2023-02-26 14:54:04',NULL),(975,'رشا مصطفى',NULL,1,'2023-02-26 14:54:04','2023-02-26 14:54:04',NULL),(976,'رشا صبري',NULL,1,'2023-02-26 14:54:04','2023-02-26 14:54:04',NULL),(977,'رحيم غازي',NULL,1,'2023-02-26 14:54:04','2023-02-26 14:54:04',NULL),(978,'رحاب منتصر',NULL,1,'2023-02-26 14:54:04','2023-02-26 14:54:04',NULL),(979,'رجب محمد',NULL,1,'2023-02-26 14:54:04','2023-02-26 14:54:04',NULL),(980,'رجب محمد',NULL,1,'2023-02-26 14:54:04','2023-02-26 14:54:04',NULL),(981,'رجب احمد',NULL,1,'2023-02-26 14:54:04','2023-02-26 14:54:04',NULL),(982,'رجاء علاء الدين صلاح',7,7,'2023-02-26 14:54:04','2023-05-29 10:41:45',NULL),(983,'رائد عزات جبر ابراهيم',NULL,1,'2023-02-26 14:54:04','2023-02-26 14:54:04',NULL),(984,'رانيا محمد احمد الفيومى',NULL,1,'2023-02-26 14:54:04','2023-02-26 14:54:04',NULL),(985,'رامي ابراهيم حسن',NULL,1,'2023-02-26 14:54:04','2023-02-26 14:54:04',NULL),(986,'دينا يحي',NULL,1,'2023-02-26 14:54:04','2023-02-26 14:54:04',NULL),(987,'دينا ياس',NULL,1,'2023-02-26 14:54:04','2023-02-26 14:54:04',NULL),(988,'دينا علاء محمد العزب',7,7,'2023-02-26 14:54:04','2023-05-29 10:41:12',NULL),(989,'دينا علا',NULL,1,'2023-02-26 14:54:04','2023-02-26 14:54:04',NULL),(990,'دينا عبد الفتاح ',NULL,1,'2023-02-26 14:54:04','2023-02-26 14:54:04',NULL),(991,'دينا عاطف عبد الحميد',NULL,1,'2023-02-26 14:54:04','2023-02-26 14:54:04',NULL),(992,'دنيا اكرم علام',3,7,'2023-02-26 14:54:04','2023-05-29 14:15:12',NULL),(993,'دليا نصار ',NULL,1,'2023-02-26 14:54:04','2023-02-26 14:54:04',NULL),(994,'دعاء محمود محمد فودة',NULL,1,'2023-02-26 14:54:04','2023-02-26 14:54:04',NULL),(995,'دعاء محمود عبدالسميع',NULL,1,'2023-02-26 14:54:04','2023-02-26 14:54:04',NULL),(996,'دعاء سلامه حسن',NULL,1,'2023-02-26 14:54:04','2023-02-26 14:54:04',NULL),(997,'دعاء حسن عبدالمنعم عباس',NULL,1,'2023-02-26 14:54:04','2023-02-26 14:54:04',NULL),(998,'دعاء اسماعيل يونس',NULL,1,'2023-02-26 14:54:04','2023-02-26 14:54:04',NULL),(999,'داليا ياسر محمود',NULL,1,'2023-02-26 14:54:04','2023-02-26 14:54:04',NULL),(1000,'خليل بنهاوى خليل ابراهيم',NULL,1,'2023-02-26 14:54:04','2023-02-26 14:54:04',NULL),(1001,'خلود يحي',NULL,1,'2023-02-26 14:54:04','2023-02-26 14:54:04',NULL),(1002,'خديجة سيد إمام القاضي',NULL,1,'2023-02-26 14:54:04','2023-02-26 14:54:04',NULL),(1003,'خالد محمد السيد طاحون',NULL,1,'2023-02-26 14:54:04','2023-02-26 14:54:04',NULL),(1004,'خالد محمد احمد',NULL,1,'2023-02-26 14:54:04','2023-02-26 14:54:04',NULL),(1005,'خالد قطب',NULL,1,'2023-02-26 14:54:04','2023-02-26 14:54:04',NULL),(1006,'خالد قطب',NULL,1,'2023-02-26 14:54:04','2023-02-26 14:54:04',NULL),(1007,'خالد فتحي بدر عبدالحميد',NULL,1,'2023-02-26 14:54:04','2023-02-26 14:54:04',NULL),(1008,'خالد عيد عبد التواب',NULL,1,'2023-02-26 14:54:04','2023-02-26 14:54:04',NULL),(1009,'خالد عوضين طه ابوالنصر',NULL,1,'2023-02-26 14:54:04','2023-02-26 14:54:04',NULL),(1010,'خالد علي محمد ',NULL,1,'2023-02-26 14:54:04','2023-02-26 14:54:04',NULL),(1011,'خالد على توحيد',1,7,'2023-02-26 14:54:04','2023-05-29 12:27:54',NULL),(1012,'خالد عبدالمنعم امين محمد',NULL,1,'2023-02-26 14:54:04','2023-02-26 14:54:04',NULL),(1013,'خالد عبد السلام سليمان',NULL,1,'2023-02-26 14:54:04','2023-02-26 14:54:04',NULL),(1014,'خالد عبد الحميد امين',NULL,1,'2023-02-26 14:54:04','2023-02-26 14:54:04',NULL),(1015,'خالد صبحى حسن',NULL,1,'2023-02-26 14:54:04','2023-02-26 14:54:04',NULL),(1016,'خالد سيد عواد',NULL,1,'2023-02-26 14:54:04','2023-02-26 14:54:04',NULL),(1017,'خالد رضا',NULL,1,'2023-02-26 14:54:04','2023-02-26 14:54:04',NULL),(1018,'خالد جميل علام',NULL,1,'2023-02-26 14:54:04','2023-02-26 14:54:04',NULL),(1019,'خالد جمال عبدالناصر',NULL,1,'2023-02-26 14:54:04','2023-02-26 14:54:04',NULL),(1020,'خالد اسامة رزق مطر',NULL,1,'2023-02-26 14:54:04','2023-02-26 14:54:04',NULL),(1021,'خالد احمد محمد',NULL,1,'2023-02-26 14:54:04','2023-02-26 14:54:04',NULL),(1022,'خالد احمد سالم',NULL,1,'2023-02-26 14:54:04','2023-02-26 14:54:04',NULL),(1023,'خالد ابو النصر يونس ',NULL,1,'2023-02-26 14:54:04','2023-02-26 14:54:04',NULL),(1024,'حنان طه',NULL,1,'2023-02-26 14:54:04','2023-02-26 14:54:04',NULL),(1025,'حمدي عبد العظيم طه',NULL,1,'2023-02-26 14:54:04','2023-02-26 14:54:04',NULL),(1026,'حمدى عبدالعظيم محمود عيش',NULL,1,'2023-02-26 14:54:04','2023-02-26 14:54:04',NULL),(1027,'حمدى حامد رشوان عبد الرحيم',NULL,1,'2023-02-26 14:54:04','2023-02-26 14:54:04',NULL),(1028,'حمدى أسامة الحماحمى',NULL,1,'2023-02-26 14:54:04','2023-02-26 14:54:04',NULL),(1029,'حمادة نبيل حسن',NULL,1,'2023-02-26 14:54:04','2023-02-26 14:54:04',NULL),(1030,'حمادة عبد المقصود',NULL,1,'2023-02-26 14:54:04','2023-02-26 14:54:04',NULL),(1031,'حلمى محمد حلمي عبد الغفار',NULL,1,'2023-02-26 14:54:04','2023-02-26 14:54:04',NULL),(1032,'حفنى سعد',NULL,1,'2023-02-26 14:54:04','2023-02-26 14:54:04',NULL),(1033,'حسين محمد السيد',NULL,1,'2023-02-26 14:54:04','2023-02-26 14:54:04',NULL),(1034,'حسين محم',NULL,1,'2023-02-26 14:54:04','2023-02-26 14:54:04',NULL),(1035,'حسين كما',NULL,1,'2023-02-26 14:54:04','2023-02-26 14:54:04',NULL),(1036,'حسين علي حسن',NULL,1,'2023-02-26 14:54:04','2023-02-26 14:54:04',NULL),(1037,'حسين عصام حسين ',NULL,1,'2023-02-26 14:54:04','2023-02-26 14:54:04',NULL),(1038,'حسين عبدالمنعم',NULL,1,'2023-02-26 14:54:04','2023-02-26 14:54:04',NULL),(1039,'حسين عبد الباسط عزمي',NULL,1,'2023-02-26 14:54:04','2023-02-26 14:54:04',NULL),(1040,'حسين سيد عبد العال علي',NULL,1,'2023-02-26 14:54:04','2023-02-26 14:54:04',NULL),(1041,'حسين رمضان محمد',NULL,1,'2023-02-26 14:54:04','2023-02-26 14:54:04',NULL),(1042,'حسني حسن',NULL,1,'2023-02-26 14:54:04','2023-02-26 14:54:04',NULL),(1043,'حسن محمد إبراهيم احمد',2,7,'2023-02-26 14:54:04','2023-05-29 12:31:18',NULL),(1044,'حسن محمد',NULL,1,'2023-02-26 14:54:04','2023-02-26 14:54:04',NULL),(1045,'حسن محمد',NULL,1,'2023-02-26 14:54:04','2023-02-26 14:54:04',NULL),(1046,'حسن محمد',NULL,1,'2023-02-26 14:54:04','2023-02-26 14:54:04',NULL),(1047,'حسن محمد',NULL,1,'2023-02-26 14:54:04','2023-02-26 14:54:04',NULL),(1048,'حسن محمد',NULL,1,'2023-02-26 14:54:04','2023-02-26 14:54:04',NULL),(1049,'حسن محسن فوزي',NULL,1,'2023-02-26 14:54:04','2023-02-26 14:54:04',NULL),(1050,'حسن محسن فوزى',NULL,1,'2023-02-26 14:54:04','2023-02-26 14:54:04',NULL),(1051,'حسن عيد عبد التواب عبدالغنى',NULL,1,'2023-02-26 14:54:04','2023-02-26 14:54:04',NULL),(1052,'حسن علي',NULL,1,'2023-02-26 14:54:04','2023-02-26 14:54:04',NULL),(1053,'حسن عبد الرحمن عامر حسن',NULL,1,'2023-02-26 14:54:04','2023-02-26 14:54:04',NULL),(1054,'حسن عباس سيد',NULL,1,'2023-02-26 14:54:04','2023-02-26 14:54:04',NULL),(1055,'حسن طلعت حسن سالم',NULL,1,'2023-02-26 14:54:04','2023-02-26 14:54:04',NULL),(1056,'حسن صالح احمد',NULL,1,'2023-02-26 14:54:04','2023-02-26 14:54:04',NULL),(1057,'حسن صالح',NULL,1,'2023-02-26 14:54:04','2023-02-26 14:54:04',NULL),(1058,'حسن صابر',NULL,1,'2023-02-26 14:54:04','2023-02-26 14:54:04',NULL),(1059,'حسن زغلو',NULL,1,'2023-02-26 14:54:04','2023-02-26 14:54:04',NULL),(1060,'حسن رضا حسن',NULL,1,'2023-02-26 14:54:04','2023-02-26 14:54:04',NULL),(1061,'حسن رجب احمد حسن',NULL,1,'2023-02-26 14:54:04','2023-02-26 14:54:04',NULL),(1062,'حسن حسين محمد',NULL,1,'2023-02-26 14:54:04','2023-02-26 14:54:04',NULL),(1063,'حسن حسين جوده',NULL,1,'2023-02-26 14:54:04','2023-02-26 14:54:04',NULL),(1064,'حسن حسام',NULL,1,'2023-02-26 14:54:04','2023-02-26 14:54:04',NULL),(1065,'حسن حامد',NULL,1,'2023-02-26 14:54:04','2023-02-26 14:54:04',NULL),(1066,'حسن أحمد زكى أحمد',NULL,1,'2023-02-26 14:54:04','2023-02-26 14:54:04',NULL),(1067,'حسن أحمد',NULL,1,'2023-02-26 14:54:04','2023-02-26 14:54:04',NULL),(1068,'حسن احمد',NULL,1,'2023-02-26 14:54:04','2023-02-26 14:54:04',NULL),(1069,'حسان محمد عبد المقصود',NULL,1,'2023-02-26 14:54:04','2023-02-26 14:54:04',NULL),(1070,'حسام محمد حسني مجاهد',NULL,1,'2023-02-26 14:54:04','2023-02-26 14:54:04',NULL),(1071,'حسام محسن جمعه عبد الحميد',NULL,1,'2023-02-26 14:54:04','2023-02-26 14:54:04',NULL),(1072,'حسام كمال عشماوى محمد',NULL,1,'2023-02-26 14:54:04','2023-02-26 14:54:04',NULL),(1073,'عمرو محمد طه بدر',NULL,7,'2023-02-26 14:54:04','2023-05-03 08:24:29',NULL),(1074,'حسام عبدالرحمن',NULL,1,'2023-02-26 14:54:04','2023-02-26 14:54:04',NULL),(1075,'حسام خليل سالم الالفي',NULL,1,'2023-02-26 14:54:04','2023-02-26 14:54:04',NULL),(1076,'حسام حسن عبد النعيم',NULL,1,'2023-02-26 14:54:04','2023-02-26 14:54:04',NULL),(1077,'حسام الدين جمال إبراهيم',NULL,1,'2023-02-26 14:54:04','2023-02-26 14:54:04',NULL),(1078,'حسام الدين احمد',NULL,1,'2023-02-26 14:54:04','2023-02-26 14:54:04',NULL),(1079,'حسام احمد محمد مرسى',NULL,1,'2023-02-26 14:54:04','2023-02-26 14:54:04',NULL),(1080,'حسام ابراهيم ',NULL,1,'2023-02-26 14:54:04','2023-02-26 14:54:04',NULL),(1081,'حبيبه محمود نصار',5,7,'2023-02-26 14:54:04','2023-05-29 12:50:05',NULL),(1082,'حامد نصر الدين سعد فرج',NULL,1,'2023-02-26 14:54:04','2023-02-26 14:54:04',NULL),(1083,'حازم فوزي ياقوت',NULL,1,'2023-02-26 14:54:04','2023-02-26 14:54:04',NULL),(1084,'حازم حسين إحسان',NULL,1,'2023-02-26 14:54:04','2023-02-26 14:54:04',NULL),(1085,'حاتم إيهاب',NULL,1,'2023-02-26 14:54:04','2023-02-26 14:54:04',NULL),(1086,'جون يسري رمزي',NULL,1,'2023-02-26 14:54:04','2023-02-26 14:54:04',NULL),(1087,'جهان سمير حامد ',NULL,1,'2023-02-26 14:54:04','2023-02-26 14:54:04',NULL),(1088,'جمال يحي علي',NULL,1,'2023-02-26 14:54:04','2023-02-26 14:54:04',NULL),(1089,'جمال نجم عبد الفتاح ',NULL,1,'2023-02-26 14:54:04','2023-02-26 14:54:04',NULL),(1090,'جمال ممدوح عبدالله محمد',NULL,1,'2023-02-26 14:54:04','2023-02-26 14:54:04',NULL),(1091,'جمال محمد عمر النادى',NULL,1,'2023-02-26 14:54:04','2023-02-26 14:54:04',NULL),(1092,'جمال محمد طه',NULL,1,'2023-02-26 14:54:04','2023-02-26 14:54:04',NULL),(1093,'جمال عبد الناصر',NULL,1,'2023-02-26 14:54:04','2023-02-26 14:54:04',NULL),(1094,'جمال صالح حسين صالح',NULL,1,'2023-02-26 14:54:04','2023-02-26 14:54:04',NULL),(1095,'جمال شعبان على عبد ربه',NULL,1,'2023-02-26 14:54:04','2023-02-26 14:54:04',NULL),(1096,'جمال سيد',NULL,1,'2023-02-26 14:54:04','2023-02-26 14:54:04',NULL),(1097,'جمال سالم على',NULL,1,'2023-02-26 14:54:04','2023-02-26 14:54:04',NULL),(1098,'جمال ابراهيم الهاوي',NULL,1,'2023-02-26 14:54:04','2023-02-26 14:54:04',NULL),(1099,'جلال مجدى صفوت محمد',1,7,'2023-02-26 14:54:04','2023-05-29 11:47:42',NULL),(1100,'جرجس فوزي روفائيل غبريال',NULL,1,'2023-02-26 14:54:04','2023-02-26 14:54:04',NULL),(1101,'جرجس اشرف موريس حبيب',NULL,1,'2023-02-26 14:54:04','2023-02-26 14:54:04',NULL),(1102,'جابر عامر السيد عامر',NULL,1,'2023-02-26 14:54:04','2023-02-26 14:54:04',NULL),(1103,'توفيق محمد توفيق الدش',NULL,1,'2023-02-26 14:54:04','2023-02-26 14:54:04',NULL),(1104,'تهامي محمد إسماعيل',NULL,1,'2023-02-26 14:54:04','2023-02-26 14:54:04',NULL),(1105,'تقى تامر امين',NULL,1,'2023-02-26 14:54:04','2023-02-26 14:54:04',NULL),(1106,'تسنيم سمير رشيد السيد ',NULL,1,'2023-02-26 14:54:04','2023-02-26 14:54:04',NULL),(1107,'تامر وحي',NULL,1,'2023-02-26 14:54:04','2023-02-26 14:54:04',NULL),(1108,'تامر هاني محمد علي',NULL,1,'2023-02-26 14:54:04','2023-02-26 14:54:04',NULL),(1109,'تامر عوض محمد احمد',NULL,1,'2023-02-26 14:54:04','2023-02-26 14:54:04',NULL),(1110,'تامر عنتر',NULL,1,'2023-02-26 14:54:04','2023-02-26 14:54:04',NULL),(1111,'تامر رمضان  على',NULL,1,'2023-02-26 14:54:04','2023-02-26 14:54:04',NULL),(1112,'بيومى فتحى بيومي عبد المجيد',NULL,1,'2023-02-26 14:54:04','2023-02-26 14:54:04',NULL),(1113,'بيتر ميلاد',NULL,1,'2023-02-26 14:54:04','2023-02-26 14:54:04',NULL),(1114,'بيتر مجدى ذكي حلقه',5,7,'2023-02-26 14:54:04','2023-05-29 12:55:48',NULL),(1115,'بيتر شكر',NULL,1,'2023-02-26 14:54:04','2023-02-26 14:54:04',NULL),(1116,'بولا اشرف موريس',4,2,'2023-02-26 14:54:04','2023-06-06 11:08:10',NULL),(1117,'بهجت جمال بهجت',NULL,1,'2023-02-26 14:54:04','2023-02-26 14:54:04',NULL),(1118,'بلال سعي',NULL,1,'2023-02-26 14:54:04','2023-02-26 14:54:04',NULL),(1119,'بلال حسن',NULL,1,'2023-02-26 14:54:04','2023-02-26 14:54:04',NULL),(1120,'بلال اسامة عبد العزيز',7,7,'2023-02-26 14:54:04','2023-05-29 10:42:40',NULL),(1121,'بشير ميانا خان',NULL,1,'2023-02-26 14:54:04','2023-02-26 14:54:04',NULL),(1122,'بسمة ابراهيم',NULL,1,'2023-02-26 14:54:04','2023-02-26 14:54:04',NULL),(1123,'بدرية عمر حسين',NULL,1,'2023-02-26 14:54:04','2023-02-26 14:54:04',NULL),(1124,'بدر فتحي إسماعيل عبدالرازق',NULL,1,'2023-02-26 14:54:04','2023-02-26 14:54:04',NULL),(1125,'بدر خالد بدر',NULL,1,'2023-02-26 14:54:04','2023-02-26 14:54:04',NULL),(1126,'بدر حنفى محمود جاد الرب',NULL,1,'2023-02-26 14:54:04','2023-02-26 14:54:04',NULL),(1127,'باسم محمد محمود',NULL,1,'2023-02-26 14:54:04','2023-02-26 14:54:04',NULL),(1128,'باسل محمد عبد الباسط ',NULL,1,'2023-02-26 14:54:04','2023-02-26 14:54:04',NULL),(1129,'باسل محمد عبد الباسط',NULL,1,'2023-02-26 14:54:04','2023-02-26 14:54:04',NULL),(1130,'آيه طارق عبدالنبى',NULL,1,'2023-02-26 14:54:04','2023-02-26 14:54:04',NULL),(1131,'أيمن محمد عبد المنعم ',NULL,1,'2023-02-26 14:54:04','2023-02-26 14:54:04',NULL),(1132,'أيمن عبد المنعم عبد الحميد',NULL,1,'2023-02-26 14:54:04','2023-02-26 14:54:04',NULL),(1133,'أيمن سمير السيد محمود',NULL,1,'2023-02-26 14:54:04','2023-02-26 14:54:04',NULL),(1134,'أيمن رجب',NULL,1,'2023-02-26 14:54:04','2023-02-26 14:54:04',NULL),(1135,'أيمن حسن محمد أحمد',NULL,1,'2023-02-26 14:54:04','2023-02-26 14:54:04',NULL),(1136,'أميرة محمد احمد اسماعيل',NULL,1,'2023-02-26 14:54:04','2023-02-26 14:54:04',NULL),(1137,'أمير زغلول فليب بطرس',NULL,1,'2023-02-26 14:54:04','2023-02-26 14:54:04',NULL),(1138,'أمنية حسين حسن',1,7,'2023-02-26 14:54:04','2023-05-29 11:32:49',NULL),(1139,'ألاء فاروق عبد المجيد',1,7,'2023-02-26 14:54:04','2023-05-29 14:51:39',NULL),(1140,'أشرف محمد الحافظ مجاهد',1,7,'2023-02-26 14:54:04','2023-05-29 08:11:56',NULL),(1141,'أشرف سعيد محمود حسين',NULL,1,'2023-02-26 14:54:04','2023-02-26 14:54:04',NULL),(1142,'أسامة محمد السيد',NULL,1,'2023-02-26 14:54:04','2023-02-26 14:54:04',NULL),(1143,'أسامة سعيد محمود عبدربه',NULL,1,'2023-02-26 14:54:04','2023-02-26 14:54:04',NULL),(1144,'أسامة حمدى محمد إبراهيم',NULL,1,'2023-02-26 14:54:04','2023-02-26 14:54:04',NULL),(1145,'أحمدعليوة سالم حسين',NULL,1,'2023-02-26 14:54:04','2023-02-26 14:54:04',NULL),(1146,'أحمد وحيد رفاعي بدوى',NULL,1,'2023-02-26 14:54:04','2023-02-26 14:54:04',NULL),(1147,'أحمد وحي',NULL,1,'2023-02-26 14:54:04','2023-02-26 14:54:04',NULL),(1148,'أحمد مصطفي سيد',NULL,1,'2023-02-26 14:54:04','2023-02-26 14:54:04',NULL),(1149,'أحمد مصطفى محمد محمد ',NULL,1,'2023-02-26 14:54:04','2023-02-26 14:54:04',NULL),(1150,'أحمد مدحت عاصم',NULL,1,'2023-02-26 14:54:04','2023-02-26 14:54:04',NULL),(1151,'أحمد محى جمال محمد العربى ',NULL,1,'2023-02-26 14:54:04','2023-02-26 14:54:04',NULL),(1152,'أحمد محمود عبداللطيف محمد',NULL,1,'2023-02-26 14:54:04','2023-02-26 14:54:04',NULL),(1153,'أحمد محمد فيصل أبوالخير',4,7,'2023-02-26 14:54:04','2023-05-30 08:22:39',NULL),(1154,'أحمد محمد علي ابراهيم',NULL,1,'2023-02-26 14:54:04','2023-02-26 14:54:04',NULL),(1155,'أحمد محمد عبدالوهاب',NULL,1,'2023-02-26 14:54:04','2023-02-26 14:54:04',NULL),(1156,'أحمد محمد عبدالباقى على',NULL,1,'2023-02-26 14:54:04','2023-02-26 14:54:04',NULL),(1157,'أحمد محمد عبد الفتاح محمد',NULL,1,'2023-02-26 14:54:04','2023-02-26 14:54:04',NULL),(1158,'أحمد محمد بيومى عبد الدايم',NULL,1,'2023-02-26 14:54:04','2023-02-26 14:54:04',NULL),(1159,'أحمد محمد أحمد هيبة',NULL,1,'2023-02-26 14:54:04','2023-02-26 14:54:04',NULL),(1160,'أحمد محمد أحمد عفيفي',NULL,1,'2023-02-26 14:54:04','2023-02-26 14:54:04',NULL),(1161,'أحمد محسن محمد حسني محمد',NULL,1,'2023-02-26 14:54:04','2023-02-26 14:54:04',NULL),(1162,'أحمد فؤاد معوض',NULL,1,'2023-02-26 14:54:04','2023-02-26 14:54:04',NULL),(1163,'أحمد فاروق سعيد حمزة',NULL,1,'2023-02-26 14:54:04','2023-02-26 14:54:04',NULL),(1164,'أحمد علي عبده علي',NULL,1,'2023-02-26 14:54:04','2023-02-26 14:54:04',NULL),(1165,'أحمد عطية محمد ',NULL,1,'2023-02-26 14:54:04','2023-02-26 14:54:04',NULL),(1166,'أحمد عبده احمد صالحين',NULL,1,'2023-02-26 14:54:04','2023-02-26 14:54:04',NULL),(1167,'أحمد عبدالهادى عبدالرازق',NULL,1,'2023-02-26 14:54:04','2023-02-26 14:54:04',NULL),(1168,'أحمد عبدالفتاح مرزوق سعد',NULL,1,'2023-02-26 14:54:04','2023-02-26 14:54:04',NULL),(1169,'أحمد عبدالعليم ابراهيم صيام',NULL,1,'2023-02-26 14:54:04','2023-02-26 14:54:04',NULL),(1170,'أحمد عبدالعاطى',NULL,1,'2023-02-26 14:54:04','2023-02-26 14:54:04',NULL),(1171,'أحمد عبد النبى عواد عبد الوهاب ',NULL,1,'2023-02-26 14:54:04','2023-02-26 14:54:04',NULL),(1172,'أحمد عبد الفتاح محمد ',NULL,1,'2023-02-26 14:54:04','2023-02-26 14:54:04',NULL),(1173,'أحمد عبد الحليم محمد أحمد',NULL,1,'2023-02-26 14:54:04','2023-02-26 14:54:04',NULL),(1174,'أحمد عبد الحليم رضوان',NULL,1,'2023-02-26 14:54:04','2023-02-26 14:54:04',NULL),(1175,'أحمد عادل حنفي',NULL,1,'2023-02-26 14:54:04','2023-02-26 14:54:04',NULL),(1176,'أحمد صلاح صبحى محمد يونس',NULL,1,'2023-02-26 14:54:04','2023-02-26 14:54:04',NULL),(1177,'أحمد صبر',NULL,1,'2023-02-26 14:54:04','2023-02-26 14:54:04',NULL),(1178,'أحمد صبحى مصطفى محمد',NULL,1,'2023-02-26 14:54:04','2023-02-26 14:54:04',NULL),(1179,'أحمد شكر',NULL,1,'2023-02-26 14:54:04','2023-02-26 14:54:04',NULL),(1180,'أحمد سيد محمد أحمد',NULL,1,'2023-02-26 14:54:04','2023-02-26 14:54:04',NULL),(1181,'أحمد سيد محمد',NULL,1,'2023-02-26 14:54:04','2023-02-26 14:54:04',NULL),(1182,'أحمد سمير محمد حسين',NULL,1,'2023-02-26 14:54:04','2023-02-26 14:54:04',NULL),(1183,'أحمد سمير عبد السلام أحمد',NULL,1,'2023-02-26 14:54:04','2023-02-26 14:54:04',NULL),(1184,'أحمد سعيد محمد احمد',NULL,1,'2023-02-26 14:54:04','2023-02-26 14:54:04',NULL),(1185,'أحمد سعيد رفعت',NULL,1,'2023-02-26 14:54:04','2023-02-26 14:54:04',NULL),(1186,'أحمد سعد غريب حسن حسن',NULL,1,'2023-02-26 14:54:04','2023-02-26 14:54:04',NULL),(1187,'أحمد ريان فاروق',NULL,1,'2023-02-26 14:54:04','2023-02-26 14:54:04',NULL),(1188,'أحمد دمرداش أحمد محمد',NULL,1,'2023-02-26 14:54:04','2023-02-26 14:54:04',NULL),(1189,'أحمد حمدى محمود',NULL,1,'2023-02-26 14:54:04','2023-02-26 14:54:04',NULL),(1190,'أحمد حسين محمود',NULL,1,'2023-02-26 14:54:04','2023-02-26 14:54:04',NULL),(1191,'أحمد حسين عبدالحميد',NULL,1,'2023-02-26 14:54:04','2023-02-26 14:54:04',NULL),(1192,'أحمد حسن إبراهيم أحمد',NULL,1,'2023-02-26 14:54:04','2023-02-26 14:54:04',NULL),(1193,'أحمد حسن',NULL,1,'2023-02-26 14:54:04','2023-02-26 14:54:04',NULL),(1194,'أحمد جمال محمد نعمه',NULL,1,'2023-02-26 14:54:04','2023-02-26 14:54:04',NULL),(1195,'أحمد السيد جبر الحديدى',NULL,1,'2023-02-26 14:54:04','2023-02-26 14:54:04',NULL),(1196,'أحمد السعيد عبد الفتاح',NULL,1,'2023-02-26 14:54:04','2023-02-26 14:54:04',NULL),(1197,'إيمان ممدوح فتحى محمود',NULL,1,'2023-02-26 14:54:04','2023-02-26 14:54:04',NULL),(1198,'إسماعيل غانم كمال موسي',NULL,1,'2023-02-26 14:54:04','2023-02-26 14:54:04',NULL),(1199,'إسلام محمد عبدالهادى عبدالفتاح',NULL,1,'2023-02-26 14:54:04','2023-02-26 14:54:04',NULL),(1200,'إسلام مجدى أحمد محمد',NULL,1,'2023-02-26 14:54:04','2023-02-26 14:54:04',NULL),(1201,'إسلام طارق احمد عبد المنعم',NULL,1,'2023-02-26 14:54:04','2023-02-26 14:54:04',NULL),(1202,'إسلام حلمي حسني',NULL,1,'2023-02-26 14:54:04','2023-02-26 14:54:04',NULL),(1203,'إسلام جمال محمود',NULL,1,'2023-02-26 14:54:04','2023-02-26 14:54:04',NULL),(1204,'إسراء شريف رمضان',NULL,1,'2023-02-26 14:54:04','2023-02-26 14:54:04',NULL),(1205,'إبراهيم عبد المعبود علي',NULL,1,'2023-02-26 14:54:04','2023-02-26 14:54:04',NULL),(1206,'إبراهيم عبد الفتاح محمد',NULL,1,'2023-02-26 14:54:04','2023-02-26 14:54:04',NULL),(1207,'إبراهيم حسن عبد الهادي ابراهيم',NULL,1,'2023-02-26 14:54:04','2023-02-26 14:54:04',NULL),(1208,'إبراهيم جوهرجي إمام محمود',NULL,1,'2023-02-26 14:54:04','2023-02-26 14:54:04',NULL),(1209,'ايهاب محمد عباس محمد',NULL,1,'2023-02-26 14:54:04','2023-02-26 14:54:04',NULL),(1210,'ايهاب عبد الفتاح محمد',NULL,1,'2023-02-26 14:54:04','2023-02-26 14:54:04',NULL),(1211,'ايهاب عبد الرازق زكى',4,7,'2023-02-26 14:54:04','2023-05-30 11:09:28',NULL),(1212,'ايه ناصر محمد محمد',NULL,1,'2023-02-26 14:54:04','2023-02-26 14:54:04',NULL),(1213,'ايه فارس',NULL,1,'2023-02-26 14:54:04','2023-02-26 14:54:04',NULL),(1214,'ايه علي ',NULL,1,'2023-02-26 14:54:04','2023-02-26 14:54:04',NULL),(1215,'ايه عاطف',NULL,1,'2023-02-26 14:54:04','2023-02-26 14:54:04',NULL),(1216,'ايمن محمد عبد المعبود عبد الستار',3,7,'2023-02-26 14:54:04','2023-05-29 14:00:38',NULL),(1217,'ايمن محمد عباس',NULL,1,'2023-02-26 14:54:04','2023-02-26 14:54:04',NULL),(1218,'ايمن علي',NULL,1,'2023-02-26 14:54:04','2023-02-26 14:54:04',NULL),(1219,'ايمن عبد العزيز احمد احمد',NULL,1,'2023-02-26 14:54:04','2023-02-26 14:54:04',NULL),(1220,'ايمن عادل احمد',NULL,1,'2023-02-26 14:54:04','2023-02-26 14:54:04',NULL),(1221,'ايمن سمير محمد احمد',NULL,1,'2023-02-26 14:54:04','2023-02-26 14:54:04',NULL),(1222,'ايمن رجب سيد ابوبكر',23,7,'2023-02-26 14:54:04','2023-05-29 12:41:44',NULL),(1223,'ايمن حسن كامل عثمان',NULL,1,'2023-02-26 14:54:04','2023-02-26 14:54:04',NULL),(1224,'ايمن حسن',NULL,1,'2023-02-26 14:54:04','2023-02-26 14:54:04',NULL),(1225,'ايمن جابر توفيق',NULL,1,'2023-02-26 14:54:04','2023-02-26 14:54:04',NULL),(1226,'ايمن احمد كامل ',NULL,1,'2023-02-26 14:54:04','2023-02-26 14:54:04',NULL),(1227,'ايمان محمد علي',NULL,1,'2023-02-26 14:54:04','2023-02-26 14:54:04',NULL),(1228,'ايمان صابر حسن',NULL,1,'2023-02-26 14:54:04','2023-02-26 14:54:04',NULL),(1229,'ايمان جمال محمد',NULL,1,'2023-02-26 14:54:04','2023-02-26 14:54:04',NULL),(1230,'ايمان بخيت ابو العطا',NULL,1,'2023-02-26 14:54:04','2023-02-26 14:54:04',NULL),(1231,'امينة محمد جلال',NULL,1,'2023-02-26 14:54:04','2023-02-26 14:54:04',NULL),(1232,'امين محمد امين',NULL,1,'2023-02-26 14:54:04','2023-02-26 14:54:04',NULL),(1233,'امين مجدي رزق حافظ هيكل',NULL,1,'2023-02-26 14:54:04','2023-02-26 14:54:04',NULL),(1234,'امين حسين',NULL,1,'2023-02-26 14:54:04','2023-02-26 14:54:04',NULL),(1235,'امين حسنين احمد',NULL,1,'2023-02-26 14:54:04','2023-02-26 14:54:04',NULL),(1236,'امير محمد فهيم الزلطة',7,7,'2023-02-26 14:54:04','2023-05-29 10:40:36',NULL),(1237,'امير محمد عبد الفتاح موسي',4,7,'2023-02-26 14:54:04','2023-05-30 08:30:09',NULL),(1238,'امير محمد ابراهيم مرسي',NULL,1,'2023-02-26 14:54:04','2023-02-26 14:54:04',NULL),(1239,'امل ندا',2,7,'2023-02-26 14:54:04','2023-05-30 13:58:06',NULL),(1240,'امتلاك حازم محمد نبيل حجاب',NULL,1,'2023-02-26 14:54:04','2023-02-26 14:54:04',NULL),(1241,'الشاذلى',NULL,1,'2023-02-26 14:54:04','2023-02-26 14:54:04',NULL),(1242,'السيد محمد صلاح الدين',NULL,1,'2023-02-26 14:54:04','2023-02-26 14:54:04',NULL),(1243,'السيد محمد دمرداش احمد',NULL,1,'2023-02-26 14:54:04','2023-02-26 14:54:04',NULL),(1244,'السيد محمد السيد نصر',NULL,1,'2023-02-26 14:54:04','2023-02-26 14:54:04',NULL),(1245,'السيد محمد السيد',NULL,1,'2023-02-26 14:54:04','2023-02-26 14:54:04',NULL),(1246,'السيد السعيد السيد',NULL,1,'2023-02-26 14:54:04','2023-02-26 14:54:04',NULL),(1247,'السعيد اشرف السعيد',NULL,1,'2023-02-26 14:54:04','2023-02-26 14:54:04',NULL),(1248,'الاء مصطفى احمد',NULL,1,'2023-02-26 14:54:04','2023-02-26 14:54:04',NULL),(1249,'الاء محسن محمود عيد',5,7,'2023-02-26 14:54:04','2023-05-29 12:50:27',NULL),(1250,'الاء احمد السيد',NULL,1,'2023-02-26 14:54:04','2023-02-26 14:54:04',NULL),(1251,'اعتدال رفعت',NULL,1,'2023-02-26 14:54:04','2023-02-26 14:54:04',NULL),(1252,'اشرف يوسف عبدالفتاح',NULL,1,'2023-02-26 14:54:04','2023-02-26 14:54:04',NULL),(1253,'اشرف محمود عبد الهادي ',NULL,1,'2023-02-26 14:54:04','2023-02-26 14:54:04',NULL),(1254,'اشرف محمود عبد الله عياد',NULL,1,'2023-02-26 14:54:04','2023-02-26 14:54:04',NULL),(1255,'اشرف محمد عوض محمد',NULL,1,'2023-02-26 14:54:04','2023-02-26 14:54:04',NULL),(1256,'اشرف عدل',NULL,1,'2023-02-26 14:54:04','2023-02-26 14:54:04',NULL),(1257,'اشرف عبد الله محمد عبد المطلب',NULL,1,'2023-02-26 14:54:04','2023-02-26 14:54:04',NULL),(1258,'اشرف عبد الراضي ابو زيد',NULL,1,'2023-02-26 14:54:04','2023-02-26 14:54:04',NULL),(1259,'اشرف سليمان عبدالحميد اسماعيل',NULL,1,'2023-02-26 14:54:04','2023-02-26 14:54:04',NULL),(1260,'اشرف احمد محمد',NULL,1,'2023-02-26 14:54:04','2023-02-26 14:54:04',NULL),(1261,'اشجان مكارم محمود',NULL,1,'2023-02-26 14:54:04','2023-02-26 14:54:04',NULL),(1262,'اشجان محمد علي',NULL,1,'2023-02-26 14:54:04','2023-02-26 14:54:04',NULL),(1263,'اسماعيل محمد سعد',NULL,1,'2023-02-26 14:54:04','2023-02-26 14:54:04',NULL),(1264,'اسماعيل صلاح اسماعيل',NULL,1,'2023-02-26 14:54:04','2023-02-26 14:54:04',NULL),(1265,'اسماعيل حامد ابراهيم',NULL,1,'2023-02-26 14:54:04','2023-02-26 14:54:04',NULL),(1266,'اسماعيل ابراهيم محمود',NULL,1,'2023-02-26 14:54:04','2023-02-26 14:54:04',NULL),(1267,'اسماء يوسف',NULL,1,'2023-02-26 14:54:04','2023-02-26 14:54:04',NULL),(1268,'اسماء محمد عبد المجيد',5,7,'2023-02-26 14:54:04','2023-05-29 12:58:38',NULL),(1269,'اسلام محمد عبد الوهاب محمد',NULL,1,'2023-02-26 14:54:04','2023-02-26 14:54:04',NULL),(1270,'اسلام فواد فهمى',4,7,'2023-02-26 14:54:04','2023-05-30 11:07:56',NULL),(1271,'اسلام علام السيد علام',NULL,1,'2023-02-26 14:54:04','2023-02-26 14:54:04',NULL),(1272,'اسلام رضا ابراهيم',NULL,1,'2023-02-26 14:54:04','2023-02-26 14:54:04',NULL),(1273,'اسلام خالد مصطفى',NULL,1,'2023-02-26 14:54:04','2023-02-26 14:54:04',NULL),(1274,'اسلام خالد صبحي الششتاوي',NULL,1,'2023-02-26 14:54:04','2023-02-26 14:54:04',NULL),(1275,'اسلام حمدي حامد',NULL,1,'2023-02-26 14:54:04','2023-02-26 14:54:04',NULL),(1276,'اسلام حلمي محمد السيسي',NULL,1,'2023-02-26 14:54:04','2023-02-26 14:54:04',NULL),(1277,'اسلام جمال محمد نور',NULL,1,'2023-02-26 14:54:04','2023-02-26 14:54:04',NULL),(1278,'اسلام انور عبد الرؤوف',NULL,1,'2023-02-26 14:54:04','2023-02-26 14:54:04',NULL),(1279,'اسلام السيد حسن حسن حجازي',NULL,1,'2023-02-26 14:54:04','2023-02-26 14:54:04',NULL),(1280,'اسلام السيد',NULL,1,'2023-02-26 14:54:04','2023-02-26 14:54:04',NULL),(1281,'اسلام اشرف عبد الغني',NULL,1,'2023-02-26 14:54:04','2023-02-26 14:54:04',NULL),(1282,'اسراء يسري اسماعيل',NULL,1,'2023-02-26 14:54:04','2023-02-26 14:54:04',NULL),(1283,'اسراء محمد جمال',1,7,'2023-02-26 14:54:04','2023-05-29 11:41:53',NULL),(1284,'اسراء سعيد شعبان',NULL,1,'2023-02-26 14:54:04','2023-02-26 14:54:04',NULL),(1285,'اسامه رفعت سلامه',NULL,1,'2023-02-26 14:54:04','2023-02-26 14:54:04',NULL),(1286,'اسامة محمد عبد اللاه عبد الرحمن',NULL,1,'2023-02-26 14:54:04','2023-02-26 14:54:04',NULL),(1287,'اسامة رمضان محمود عبدالغفار',NULL,1,'2023-02-26 14:54:04','2023-02-26 14:54:04',NULL),(1288,'اسامة ابراهيم السيد',NULL,1,'2023-02-26 14:54:04','2023-02-26 14:54:04',NULL),(1289,'اروى السيد عماد الدين',2,7,'2023-02-26 14:54:04','2023-05-30 13:23:25',NULL),(1290,'احمد يحيي محمود',NULL,1,'2023-02-26 14:54:04','2023-02-26 14:54:04',NULL),(1291,'احمد ياسين زكي',NULL,1,'2023-02-26 14:54:04','2023-02-26 14:54:04',NULL),(1292,'احمد ياسر محمد عبد الرحمن عبد الوهاب',NULL,1,'2023-02-26 14:54:04','2023-02-26 14:54:04',NULL),(1293,'احمد ياسر محمد',NULL,1,'2023-02-26 14:54:04','2023-02-26 14:54:04',NULL),(1294,'احمد وحيد سعد',5,7,'2023-02-26 14:54:04','2023-05-29 12:57:10',NULL),(1295,'احمد همام ',NULL,1,'2023-02-26 14:54:04','2023-02-26 14:54:04',NULL),(1296,'احمد هشام كفوري',NULL,1,'2023-02-26 14:54:04','2023-02-26 14:54:04',NULL),(1297,'احمد نشأ',NULL,1,'2023-02-26 14:54:04','2023-02-26 14:54:04',NULL),(1298,'احمد منير محمد محمود',NULL,1,'2023-02-26 14:54:04','2023-02-26 14:54:04',NULL),(1299,'احمد مني',NULL,1,'2023-02-26 14:54:04','2023-02-26 14:54:04',NULL),(1300,'احمد ممدوح احمد عبد الرازق',3,7,'2023-02-26 14:54:04','2023-05-28 15:30:21',NULL),(1301,'احمد مصطفى محمود الرشيدي',NULL,1,'2023-02-26 14:54:04','2023-02-26 14:54:04',NULL),(1302,'احمد مصطفى محمود احمد',NULL,1,'2023-02-26 14:54:04','2023-02-26 14:54:04',NULL),(1303,'احمد مصطفى عيسى',NULL,1,'2023-02-26 14:54:04','2023-02-26 14:54:04',NULL),(1304,'احمد مصطفى رزق محمد',NULL,1,'2023-02-26 14:54:04','2023-02-26 14:54:04',NULL),(1305,'احمد مختار عمر حسن',NULL,1,'2023-02-26 14:54:04','2023-02-26 14:54:04',NULL),(1306,'احمد مختار',NULL,1,'2023-02-26 14:54:04','2023-02-26 14:54:04',NULL),(1307,'احمد محمود محمود حسين',NULL,1,'2023-02-26 14:54:04','2023-02-26 14:54:04',NULL),(1308,'احمد محمود محمد احمد',NULL,1,'2023-02-26 14:54:04','2023-02-26 14:54:04',NULL),(1309,'احمد محمود عبد الله عياد',NULL,1,'2023-02-26 14:54:04','2023-02-26 14:54:04',NULL),(1310,'احمد محمد يوسف حسان',NULL,1,'2023-02-26 14:54:04','2023-02-26 14:54:04',NULL),(1311,'احمد محمد مرسي ',NULL,1,'2023-02-26 14:54:04','2023-02-26 14:54:04',NULL),(1312,'احمد محمد محمد عيد',NULL,1,'2023-02-26 14:54:04','2023-02-26 14:54:04',NULL),(1313,'احمد محمد محمد على سالم',3,7,'2023-02-26 14:54:04','2023-05-29 14:01:25',NULL),(1314,'احمد محمد محمد عبد الحميد',NULL,1,'2023-02-26 14:54:04','2023-02-26 14:54:04',NULL),(1315,'احمد محمد محمد خالد',NULL,1,'2023-02-26 14:54:04','2023-02-26 14:54:04',NULL),(1316,'احمد محمد كمال احمد',NULL,1,'2023-02-26 14:54:04','2023-02-26 14:54:04',NULL),(1317,'احمد محمد عوض',NULL,1,'2023-02-26 14:54:04','2023-02-26 14:54:04',NULL),(1318,'احمد محمد علي محمد شلبي',NULL,1,'2023-02-26 14:54:04','2023-02-26 14:54:04',NULL),(1319,'احمد محمد عبد المحسن الخضرجي',NULL,1,'2023-02-26 14:54:04','2023-02-26 14:54:04',NULL),(1320,'احمد محمد عبد الفتاح',NULL,1,'2023-02-26 14:54:04','2023-02-26 14:54:04',NULL),(1321,'احمد محمد عبد الحميد',NULL,1,'2023-02-26 14:54:04','2023-02-26 14:54:04',NULL),(1322,'احمد محمد عبد الحميد',NULL,1,'2023-02-26 14:54:04','2023-02-26 14:54:04',NULL),(1323,'احمد محمد شوقى كامل عليوة',NULL,1,'2023-02-26 14:54:04','2023-02-26 14:54:04',NULL),(1324,'احمد محمد توفيق',NULL,1,'2023-02-26 14:54:04','2023-02-26 14:54:04',NULL),(1325,'احمد محمد الطوخي محمد',NULL,1,'2023-02-26 14:54:04','2023-02-26 14:54:04',NULL),(1326,'احمد محمد السيد عبدالسلام الفيشاوي',NULL,1,'2023-02-26 14:54:04','2023-02-26 14:54:04',NULL),(1327,'احمد محمد السيد',NULL,1,'2023-02-26 14:54:04','2023-02-26 14:54:04',NULL),(1328,'احمد محمد احمد عوض عامر',4,2,'2023-02-26 14:54:04','2023-06-06 11:21:45',NULL),(1329,'احمد محمد ابراهيم متولي',4,2,'2023-02-26 14:54:04','2023-06-08 13:01:27',NULL),(1330,'احمد محمد ابراهيم بسيوني',NULL,1,'2023-02-26 14:54:04','2023-02-26 14:54:04',NULL),(1331,'احمد محسن احمد',NULL,1,'2023-02-26 14:54:04','2023-02-26 14:54:04',NULL),(1332,'احمد مجدي عبد العظيم  ',NULL,1,'2023-02-26 14:54:04','2023-02-26 14:54:04',NULL),(1333,'احمد مجدي عبد الحافظ محفوظ',NULL,1,'2023-02-26 14:54:04','2023-02-26 14:54:04',NULL),(1334,'احمد مجدي سيد طه',NULL,1,'2023-02-26 14:54:04','2023-02-26 14:54:04',NULL),(1335,'احمد مجدى',NULL,1,'2023-02-26 14:54:04','2023-02-26 14:54:04',NULL),(1336,'احمد مجدى',NULL,1,'2023-02-26 14:54:04','2023-02-26 14:54:04',NULL),(1337,'احمد مجد',NULL,1,'2023-02-26 14:54:04','2023-02-26 14:54:04',NULL),(1338,'احمد ماهر محمد',NULL,1,'2023-02-26 14:54:04','2023-02-26 14:54:04',NULL),(1339,'احمد ماهر مجاهد',NULL,1,'2023-02-26 14:54:04','2023-02-26 14:54:04',NULL),(1340,'احمد ماهر حميدو',NULL,1,'2023-02-26 14:54:04','2023-02-26 14:54:04',NULL),(1341,'احمد ماهر بيومي',NULL,1,'2023-02-26 14:54:04','2023-02-26 14:54:04',NULL),(1342,'احمد كمال عبد العزيز عبيد',NULL,1,'2023-02-26 14:54:04','2023-02-26 14:54:04',NULL),(1343,'احمد قدرى عادل احمد قدرى',23,7,'2023-02-26 14:54:04','2023-05-29 12:44:32',NULL),(1344,'احمد فكرى عبدالعظيم',NULL,1,'2023-02-26 14:54:04','2023-02-26 14:54:04',NULL),(1345,'احمد فقير محمد',NULL,1,'2023-02-26 14:54:04','2023-02-26 14:54:04',NULL),(1346,'احمد فتحى محمد',NULL,1,'2023-02-26 14:54:04','2023-02-26 14:54:04',NULL),(1347,'احمد فتحى عثمان',NULL,1,'2023-02-26 14:54:04','2023-02-26 14:54:04',NULL),(1348,'احمد فاروق محمد',NULL,1,'2023-02-26 14:54:04','2023-02-26 14:54:04',NULL),(1349,'احمد فارس محمد',NULL,1,'2023-02-26 14:54:04','2023-02-26 14:54:04',NULL),(1350,'احمد غريب احمد اسماعيل',NULL,1,'2023-02-26 14:54:04','2023-02-26 14:54:04',NULL),(1351,'احمد عيد',NULL,1,'2023-02-26 14:54:04','2023-02-26 14:54:04',NULL),(1352,'احمد عنتر محمد ',NULL,1,'2023-02-26 14:54:04','2023-02-26 14:54:04',NULL),(1353,'احمد عنتر منصور',1,7,'2023-02-26 14:54:04','2023-05-29 11:36:30',NULL),(1354,'احمد عمرو صالح كمال توسيلي',NULL,1,'2023-02-26 14:54:04','2023-02-26 14:54:04',NULL),(1355,'احمد علي',NULL,1,'2023-02-26 14:54:04','2023-02-26 14:54:04',NULL),(1356,'احمد على السيد محمد',NULL,1,'2023-02-26 14:54:04','2023-02-26 14:54:04',NULL),(1357,'احمد علا',NULL,1,'2023-02-26 14:54:04','2023-02-26 14:54:04',NULL),(1358,'احمد عزت',NULL,1,'2023-02-26 14:54:04','2023-02-26 14:54:04',NULL),(1359,'احمد عبده عبد الصادق',NULL,1,'2023-02-26 14:54:04','2023-02-26 14:54:04',NULL),(1360,'احمد عبدالمولى منصور',NULL,1,'2023-02-26 14:54:04','2023-02-26 14:54:04',NULL),(1361,'احمد عبدالله عبد الحميد',NULL,1,'2023-02-26 14:54:04','2023-02-26 14:54:04',NULL),(1362,'احمد عبدالعزيز ابراهيم عبدالعزيز',NULL,1,'2023-02-26 14:54:04','2023-02-26 14:54:04',NULL),(1363,'احمد عبدالعاطى سعيد',NULL,1,'2023-02-26 14:54:04','2023-02-26 14:54:04',NULL),(1364,'احمد عبدالرحمن على مصطفى',NULL,1,'2023-02-26 14:54:04','2023-02-26 14:54:04',NULL),(1365,'احمد عبدالرحمن على الحاج',NULL,1,'2023-02-26 14:54:04','2023-02-26 14:54:04',NULL),(1366,'احمد عبدالجواد محمد',NULL,1,'2023-02-26 14:54:04','2023-02-26 14:54:04',NULL),(1367,'احمد عبدالباسط محمد سالم',1,7,'2023-02-26 14:54:04','2023-05-29 12:27:19',NULL),(1368,'احمد عبد الهادي علي',NULL,1,'2023-02-26 14:54:04','2023-02-26 14:54:04',NULL),(1369,'احمد عبد الله محمد',NULL,1,'2023-02-26 14:54:04','2023-02-26 14:54:04',NULL),(1370,'احمد عبد الكريم',NULL,1,'2023-02-26 14:54:04','2023-02-26 14:54:04',NULL),(1371,'احمد عبد الظاهر عواد احمد',NULL,1,'2023-02-26 14:54:04','2023-02-26 14:54:04',NULL),(1372,'احمد عبد الستار عبد الرازق',NULL,1,'2023-02-26 14:54:04','2023-02-26 14:54:04',NULL),(1373,'احمد عبد الرازق',NULL,1,'2023-02-26 14:54:04','2023-02-26 14:54:04',NULL),(1374,'احمد عبد الحافظ احمد',NULL,1,'2023-02-26 14:54:04','2023-02-26 14:54:04',NULL),(1375,'احمد عادل محمد',NULL,1,'2023-02-26 14:54:04','2023-02-26 14:54:04',NULL),(1376,'احمد عادل رمضان عبدالغنى',NULL,1,'2023-02-26 14:54:04','2023-02-26 14:54:04',NULL),(1377,'احمد عادل احمد',NULL,1,'2023-02-26 14:54:04','2023-02-26 14:54:04',NULL),(1378,'احمد طلعت',NULL,1,'2023-02-26 14:54:04','2023-02-26 14:54:04',NULL),(1379,'احمد طارق سعد',NULL,1,'2023-02-26 14:54:04','2023-02-26 14:54:04',NULL),(1380,'احمد صلاح عباس',NULL,1,'2023-02-26 14:54:04','2023-02-26 14:54:04',NULL),(1381,'احمد صبري محمود ',NULL,1,'2023-02-26 14:54:04','2023-02-26 14:54:04',NULL),(1382,'احمد صبري محمد',NULL,1,'2023-02-26 14:54:04','2023-02-26 14:54:04',NULL),(1383,'احمد صبرى',NULL,1,'2023-02-26 14:54:04','2023-02-26 14:54:04',NULL),(1384,'احمد صبحي عبد السميع',NULL,1,'2023-02-26 14:54:04','2023-02-26 14:54:04',NULL),(1385,'احمد صابر محمد',NULL,1,'2023-02-26 14:54:04','2023-02-26 14:54:04',NULL),(1386,'احمد صابر السباعى',NULL,1,'2023-02-26 14:54:04','2023-02-26 14:54:04',NULL),(1387,'احمد شوقى احمد إسماعيل',NULL,1,'2023-02-26 14:54:04','2023-02-26 14:54:04',NULL),(1388,'احمد شعبان عبد السلام عبدالمقصود',NULL,1,'2023-02-26 14:54:04','2023-02-26 14:54:04',NULL),(1389,'احمد شاكر شديد',NULL,1,'2023-02-26 14:54:04','2023-02-26 14:54:04',NULL),(1390,'احمد سيد محمد',NULL,1,'2023-02-26 14:54:04','2023-02-26 14:54:04',NULL),(1391,'احمد سيد عبد المنعم عبد الرحمن',NULL,1,'2023-02-26 14:54:04','2023-02-26 14:54:04',NULL),(1392,'احمد سيد عبد السلام',NULL,1,'2023-02-26 14:54:04','2023-02-26 14:54:04',NULL),(1393,'احمد سمير مصطفي سليمان',5,7,'2023-02-26 14:54:04','2023-05-29 12:54:09',NULL),(1394,'احمد سمير محمود',NULL,1,'2023-02-26 14:54:04','2023-02-26 14:54:04',NULL),(1395,'احمد سلامة محسن محمد',NULL,1,'2023-02-26 14:54:04','2023-02-26 14:54:04',NULL),(1396,'احمد سعيد نصر الله ',NULL,1,'2023-02-26 14:54:04','2023-02-26 14:54:04',NULL),(1397,'احمد سعيد محمد السيد',NULL,1,'2023-02-26 14:54:04','2023-02-26 14:54:04',NULL),(1398,'احمد سعيد كامل محمد السيد',NULL,1,'2023-02-26 14:54:04','2023-02-26 14:54:04',NULL),(1399,'احمد سعيد حسن محمد',NULL,1,'2023-02-26 14:54:04','2023-02-26 14:54:04',NULL),(1400,'احمد رمضان محمد حسن',NULL,1,'2023-02-26 14:54:04','2023-02-26 14:54:04',NULL),(1401,'احمد رمضان محجوب',4,2,'2023-02-26 14:54:04','2023-06-06 11:25:24',NULL),(1402,'احمد رمضان عشرى',NULL,1,'2023-02-26 14:54:04','2023-02-26 14:54:04',NULL),(1403,'احمد رمضان صالح',NULL,1,'2023-02-26 14:54:04','2023-02-26 14:54:04',NULL),(1404,'احمد رمضان ابراهيم',NULL,1,'2023-02-26 14:54:04','2023-02-26 14:54:04',NULL),(1405,'احمد رضا عبد ربه',NULL,1,'2023-02-26 14:54:04','2023-02-26 14:54:04',NULL),(1406,'احمد رضا اسماعيل',NULL,1,'2023-02-26 14:54:04','2023-02-26 14:54:04',NULL),(1407,'احمد رجب محمد عبد الله',NULL,1,'2023-02-26 14:54:04','2023-02-26 14:54:04',NULL),(1408,'احمد رجب احمد عبد المنعم',NULL,1,'2023-02-26 14:54:04','2023-02-26 14:54:04',NULL),(1409,'احمد رجب',NULL,1,'2023-02-26 14:54:04','2023-02-26 14:54:04',NULL),(1410,'احمد رجب',NULL,1,'2023-02-26 14:54:04','2023-02-26 14:54:04',NULL),(1411,'احمد ربيع محمد مرسى',NULL,1,'2023-02-26 14:54:04','2023-02-26 14:54:04',NULL),(1412,'احمد خميس فتحى احمد',NULL,1,'2023-02-26 14:54:04','2023-02-26 14:54:04',NULL),(1413,'احمد حمدي محمد',NULL,1,'2023-02-26 14:54:04','2023-02-26 14:54:04',NULL),(1414,'احمد حلمي محمد',NULL,1,'2023-02-26 14:54:04','2023-02-26 14:54:04',NULL),(1415,'احمد حشمت ذكى',NULL,1,'2023-02-26 14:54:04','2023-02-26 14:54:04',NULL),(1416,'احمد حسين محمد السروجى',NULL,1,'2023-02-26 14:54:04','2023-02-26 14:54:04',NULL),(1417,'احمد حسين عبدالحميد حسين',NULL,1,'2023-02-26 14:54:04','2023-02-26 14:54:04',NULL),(1418,'احمد حسنى أحمدعطية',NULL,1,'2023-02-26 14:54:04','2023-02-26 14:54:04',NULL),(1419,'احمد حسن عبد المنعم',NULL,1,'2023-02-26 14:54:04','2023-02-26 14:54:04',NULL),(1420,'احمد حسانين محمد حسانين ',NULL,1,'2023-02-26 14:54:04','2023-02-26 14:54:04',NULL),(1421,'احمد حسام الدين محمد',NULL,1,'2023-02-26 14:54:04','2023-02-26 14:54:04',NULL),(1422,'احمد جمال السيد',NULL,1,'2023-02-26 14:54:04','2023-02-26 14:54:04',NULL),(1423,'احمد جابر عبد العزيز',NULL,1,'2023-02-26 14:54:04','2023-02-26 14:54:04',NULL),(1424,'احمد بهاء',NULL,1,'2023-02-26 14:54:04','2023-02-26 14:54:04',NULL),(1425,'احمد بدوي على',NULL,1,'2023-02-26 14:54:04','2023-02-26 14:54:04',NULL),(1426,'احمد بدوى',NULL,1,'2023-02-26 14:54:04','2023-02-26 14:54:04',NULL),(1427,'احمد انور عبدالهادى عبدالمقصود',NULL,1,'2023-02-26 14:54:04','2023-02-26 14:54:04',NULL),(1428,'احمد امين ',NULL,1,'2023-02-26 14:54:04','2023-02-26 14:54:04',NULL),(1429,'احمد امام محمد عمر',NULL,1,'2023-02-26 14:54:04','2023-02-26 14:54:04',NULL),(1430,'احمد السيد محمد عبدالباقي',NULL,1,'2023-02-26 14:54:04','2023-02-26 14:54:04',NULL),(1431,'احمد السيد عبد الحميد',NULL,1,'2023-02-26 14:54:04','2023-02-26 14:54:04',NULL),(1432,'احمد السيد ابو المجد',NULL,1,'2023-02-26 14:54:04','2023-02-26 14:54:04',NULL),(1433,'احمد ابراهيم علي عبد الصمد',NULL,1,'2023-02-26 14:54:04','2023-02-26 14:54:04',NULL),(1434,'احمد ابراهيم احمد',NULL,1,'2023-02-26 14:54:04','2023-02-26 14:54:04',NULL),(1435,'احلام عطيه محمد المغازي',NULL,1,'2023-02-26 14:54:04','2023-02-26 14:54:04',NULL),(1436,'ابو المجد احمد عمران',NULL,1,'2023-02-26 14:54:04','2023-02-26 14:54:04',NULL),(1437,'ابراهيم مصطفى اسماعيل حبيب',NULL,1,'2023-02-26 14:54:04','2023-02-26 14:54:04',NULL),(1438,'ابراهيم محمد محمود شهاب',NULL,1,'2023-02-26 14:54:04','2023-02-26 14:54:04',NULL),(1439,'ابراهيم محمد عثمان',4,7,'2023-02-26 14:54:04','2023-05-30 08:25:57',NULL),(1440,'ابراهيم كامل مصطفى',NULL,1,'2023-02-26 14:54:04','2023-02-26 14:54:04',NULL),(1441,'ابراهيم فرغلى على',NULL,1,'2023-02-26 14:54:04','2023-02-26 14:54:04',NULL),(1442,'ابراهيم عادل ابراهيم احمد',NULL,1,'2023-02-26 14:54:04','2023-02-26 14:54:04',NULL),(1443,'ابراهيم صابر محمد توفيق',NULL,1,'2023-02-26 14:54:04','2023-02-26 14:54:04',NULL),(1444,'ابراهيم حسن',NULL,1,'2023-02-26 14:54:04','2023-02-26 14:54:04',NULL),(1445,'ابراهيم حسانين احمد مرسى',NULL,1,'2023-02-26 14:54:04','2023-02-26 14:54:04',NULL),(1446,'ابراهيم احمد عبد الغفار',NULL,1,'2023-02-26 14:54:04','2023-02-26 14:54:04',NULL),(1447,'ابراهيم ابو العيون محمد',NULL,1,'2023-02-26 14:54:04','2023-02-26 14:54:04',NULL),(1448,'ابانوب سامى حليم',NULL,1,'2023-02-26 14:54:04','2023-02-26 14:54:04',NULL),(1449,'ZEYAD ASHRAF',NULL,1,'2023-02-26 14:54:04','2023-02-26 14:54:04',NULL),(1450,'YOUSEF TALAAT',NULL,1,'2023-02-26 14:54:04','2023-02-26 14:54:04',NULL),(1451,'Yonis Mohamed Yonis',NULL,1,'2023-02-26 14:54:04','2023-02-26 14:54:04',NULL),(1452,'Yaser Maksod',NULL,1,'2023-02-26 14:54:04','2023-02-26 14:54:04',NULL),(1453,'Yahia Ibrahim Ramadan',NULL,1,'2023-02-26 14:54:04','2023-02-26 14:54:04',NULL),(1454,'Wael Mohamed Mahmoud Hasan',NULL,1,'2023-02-26 14:54:04','2023-02-26 14:54:04',NULL),(1455,'Waael Sid',NULL,1,'2023-02-26 14:54:04','2023-02-26 14:54:04',NULL),(1456,'Waael Amer',NULL,1,'2023-02-26 14:54:04','2023-02-26 14:54:04',NULL),(1457,'VLADIMIR YEGHIAZARIAN',NULL,1,'2023-02-26 14:54:04','2023-02-26 14:54:04',NULL),(1458,'Vikas',NULL,1,'2023-02-26 14:54:04','2023-02-26 14:54:04',NULL),(1459,'Vener Mendoza',NULL,1,'2023-02-26 14:54:04','2023-02-26 14:54:04',NULL),(1460,'Tarek Yehia',NULL,1,'2023-02-26 14:54:04','2023-02-26 14:54:04',NULL),(1461,'tarek samanta',NULL,1,'2023-02-26 14:54:04','2023-02-26 14:54:04',NULL),(1462,'TARAK MONDAL',NULL,1,'2023-02-26 14:54:04','2023-02-26 14:54:04',NULL),(1463,'Tamer Atta',NULL,1,'2023-02-26 14:54:04','2023-02-26 14:54:04',NULL),(1464,'Taha Hussein',NULL,1,'2023-02-26 14:54:04','2023-02-26 14:54:04',NULL),(1465,'Taha Abd ElRahman Mohamed',NULL,1,'2023-02-26 14:54:04','2023-02-26 14:54:04',NULL),(1466,'Swapan Kumar Manna',NULL,1,'2023-02-26 14:54:04','2023-02-26 14:54:04',NULL),(1467,'SUSANTA KOLY',NULL,1,'2023-02-26 14:54:04','2023-02-26 14:54:04',NULL),(1468,'Suraj malick',NULL,1,'2023-02-26 14:54:04','2023-02-26 14:54:04',NULL),(1469,'Sunil Kumar Bhaumick',NULL,1,'2023-02-26 14:54:04','2023-02-26 14:54:04',NULL),(1470,'sunil',NULL,1,'2023-02-26 14:54:04','2023-02-26 14:54:04',NULL),(1471,'Sukumar',NULL,1,'2023-02-26 14:54:04','2023-02-26 14:54:04',NULL),(1472,'SOURAV DEY',NULL,1,'2023-02-26 14:54:04','2023-02-26 14:54:04',NULL),(1473,'SOMNATH DAS',NULL,1,'2023-02-26 14:54:04','2023-02-26 14:54:04',NULL),(1474,'SOMNAT BAGUI',NULL,1,'2023-02-26 14:54:04','2023-02-26 14:54:04',NULL),(1475,'sk minhazuddin',NULL,1,'2023-02-26 14:54:04','2023-02-26 14:54:04',NULL),(1476,'SK BADSHA',NULL,1,'2023-02-26 14:54:04','2023-02-26 14:54:04',NULL),(1477,'Sid Eid',NULL,1,'2023-02-26 14:54:04','2023-02-26 14:54:04',NULL),(1478,'SHOUMAJIT PAL',NULL,1,'2023-02-26 14:54:04','2023-02-26 14:54:04',NULL),(1479,'Shaik Haneef',NULL,1,'2023-02-26 14:54:04','2023-02-26 14:54:04',NULL),(1480,'Shady Mohamed Abd ElSalam',NULL,1,'2023-02-26 14:54:04','2023-02-26 14:54:04',NULL),(1481,'Sayed Se',NULL,1,'2023-02-26 14:54:04','2023-02-26 14:54:04',NULL),(1482,'Sayed Mohamed Sayed',NULL,1,'2023-02-26 14:54:04','2023-02-26 14:54:04',NULL),(1483,'Sayed Mahmoud Ahmed',NULL,1,'2023-02-26 14:54:04','2023-02-26 14:54:04',NULL),(1484,'Sayed Ga',NULL,1,'2023-02-26 14:54:04','2023-02-26 14:54:04',NULL),(1485,'Sayed ElBadry',NULL,1,'2023-02-26 14:54:04','2023-02-26 14:54:04',NULL),(1486,'Sara Mohamed Ahmed',NULL,1,'2023-02-26 14:54:04','2023-02-26 14:54:04',NULL),(1487,'SANTRA HIRALAL',NULL,1,'2023-02-26 14:54:04','2023-02-26 14:54:04',NULL),(1488,'SANTI RAM',NULL,1,'2023-02-26 14:54:04','2023-02-26 14:54:04',NULL),(1489,'Sameh Ahmed Mohamed',NULL,1,'2023-02-26 14:54:04','2023-02-26 14:54:04',NULL),(1490,'Saleh Tarek Mohamed',NULL,1,'2023-02-26 14:54:04','2023-02-26 14:54:04',NULL),(1491,'Safiul Sekh',NULL,1,'2023-02-26 14:54:04','2023-02-26 14:54:04',NULL),(1492,'Safaa Osama Mohamed',NULL,1,'2023-02-26 14:54:04','2023-02-26 14:54:04',NULL),(1493,'Saeed Elshalaany',NULL,1,'2023-02-26 14:54:04','2023-02-26 14:54:04',NULL),(1494,'Sadek Abd Elzaher Awwad',NULL,1,'2023-02-26 14:54:04','2023-02-26 14:54:04',NULL),(1495,'ROHAN',NULL,1,'2023-02-26 14:54:04','2023-02-26 14:54:04',NULL),(1496,'Reda Ham',NULL,1,'2023-02-26 14:54:04','2023-02-26 14:54:04',NULL),(1497,'Rasha Sabry Mohamed',NULL,1,'2023-02-26 14:54:04','2023-02-26 14:54:04',NULL),(1498,'Rania Essam Abd ElWahhab',NULL,1,'2023-02-26 14:54:04','2023-02-26 14:54:04',NULL),(1499,'RAMEZ MOURAD',NULL,1,'2023-02-26 14:54:04','2023-02-26 14:54:04',NULL),(1500,'Ramadan Shaban Sayed',NULL,1,'2023-02-26 14:54:04','2023-02-26 14:54:04',NULL),(1501,'Rabin Das',NULL,1,'2023-02-26 14:54:04','2023-02-26 14:54:04',NULL),(1502,'Rabee Shaban Ateya',NULL,1,'2023-02-26 14:54:04','2023-02-26 14:54:04',NULL),(1503,'Pradip Santra',NULL,1,'2023-02-26 14:54:04','2023-02-26 14:54:04',NULL),(1504,'pattana anantasaena',NULL,1,'2023-02-26 14:54:04','2023-02-26 14:54:04',NULL),(1505,'Palash Polley',NULL,1,'2023-02-26 14:54:04','2023-02-26 14:54:04',NULL),(1506,'ÕÝÇÁ ÇÓÇãÉ',NULL,1,'2023-02-26 14:54:04','2023-02-26 14:54:04',NULL),(1507,'Osama Mohamed El Sayed',NULL,1,'2023-02-26 14:54:04','2023-02-26 14:54:04',NULL),(1508,'Omar Amin Abd ElLateef',NULL,1,'2023-02-26 14:54:04','2023-02-26 14:54:04',NULL),(1509,'Olena pyro3hok',NULL,1,'2023-02-26 14:54:04','2023-02-26 14:54:04',NULL),(1510,'noor el',NULL,1,'2023-02-26 14:54:04','2023-02-26 14:54:04',NULL),(1511,'nantu dey',NULL,1,'2023-02-26 14:54:04','2023-02-26 14:54:04',NULL),(1512,'nandu lal ash',NULL,1,'2023-02-26 14:54:04','2023-02-26 14:54:04',NULL),(1513,'Nada Sayed Zakarya',NULL,1,'2023-02-26 14:54:04','2023-02-26 14:54:04',NULL),(1514,'Nada Abd',NULL,1,'2023-02-26 14:54:04','2023-02-26 14:54:04',NULL),(1515,'Mostafa Mohamed',NULL,1,'2023-02-26 14:54:04','2023-02-26 14:54:04',NULL),(1516,'Mostafa Mahmoud Mohamed',NULL,1,'2023-02-26 14:54:04','2023-02-26 14:54:04',NULL),(1517,'MOSTAFA MAHMOUD',NULL,1,'2023-02-26 14:54:04','2023-02-26 14:54:04',NULL),(1518,'Mostafa Ali ElGhareeb',NULL,1,'2023-02-26 14:54:04','2023-02-26 14:54:04',NULL),(1519,'Mohammed Nishatha Devundara Liyanawaduge',NULL,1,'2023-02-26 14:54:04','2023-02-26 14:54:04',NULL),(1520,'MOHAMMED NAZRUL ISALAM',NULL,1,'2023-02-26 14:54:04','2023-02-26 14:54:04',NULL),(1521,'Mohamed Taha Abd ElAziz',NULL,1,'2023-02-26 14:54:04','2023-02-26 14:54:04',NULL),(1522,'Mohamed Sayed Abd ElMottalib',NULL,1,'2023-02-26 14:54:04','2023-02-26 14:54:04',NULL),(1523,'mohamed sabry',NULL,1,'2023-02-26 14:54:04','2023-02-26 14:54:04',NULL),(1524,'Mohamed Saad Mohamed',NULL,1,'2023-02-26 14:54:04','2023-02-26 14:54:04',NULL),(1525,'MOHAMED OSAMA',NULL,1,'2023-02-26 14:54:04','2023-02-26 14:54:04',NULL),(1526,'MOHAMED MOSTAFA ',NULL,1,'2023-02-26 14:54:04','2023-02-26 14:54:04',NULL),(1527,'Mohamed Mosaad Mohamed',NULL,1,'2023-02-26 14:54:04','2023-02-26 14:54:04',NULL),(1528,'Mohamed Mohiey ElDin',NULL,1,'2023-02-26 14:54:04','2023-02-26 14:54:04',NULL),(1529,'Mohamed Mohamed ElAraby',NULL,1,'2023-02-26 14:54:04','2023-02-26 14:54:04',NULL),(1530,'MOHAMED MAHMOUD MOHAMED',NULL,1,'2023-02-26 14:54:04','2023-02-26 14:54:04',NULL),(1531,'Mohamed Mahmoud Hasan',NULL,1,'2023-02-26 14:54:04','2023-02-26 14:54:04',NULL),(1532,'Mohamed Magdy Hosain',NULL,1,'2023-02-26 14:54:04','2023-02-26 14:54:04',NULL),(1533,'Mohamed Khedr Hosain',NULL,1,'2023-02-26 14:54:04','2023-02-26 14:54:04',NULL),(1534,'Mohamed Khalil Khalil',NULL,1,'2023-02-26 14:54:04','2023-02-26 14:54:04',NULL),(1535,'Mohamed Ibrahim Mohamed',NULL,1,'2023-02-26 14:54:04','2023-02-26 14:54:04',NULL),(1536,'MOHAMED HELAL',NULL,1,'2023-02-26 14:54:04','2023-02-26 14:54:04',NULL),(1537,'Mohamed Hatem Foaad',NULL,1,'2023-02-26 14:54:04','2023-02-26 14:54:04',NULL),(1538,'Mohamed Foaad Abd ElAziz',NULL,1,'2023-02-26 14:54:04','2023-02-26 14:54:04',NULL),(1539,'Mohamed Fathi ElSayed',NULL,1,'2023-02-26 14:54:04','2023-02-26 14:54:04',NULL),(1540,'MOHAMED ESSAM',NULL,1,'2023-02-26 14:54:04','2023-02-26 14:54:04',NULL),(1541,'MOHAMED EID',NULL,1,'2023-02-26 14:54:04','2023-02-26 14:54:04',NULL),(1542,'Mohamed Bahaa ElDeen Helmy',NULL,1,'2023-02-26 14:54:04','2023-02-26 14:54:04',NULL),(1543,'MOHAMED AYMAN',NULL,1,'2023-02-26 14:54:04','2023-02-26 14:54:04',NULL),(1544,'Mohamed Atef Omar',NULL,1,'2023-02-26 14:54:04','2023-02-26 14:54:04',NULL),(1545,'Mohamed Alaa Mohamed',NULL,1,'2023-02-26 14:54:04','2023-02-26 14:54:04',NULL),(1546,'Mohamed Ahmed Tohamy',NULL,1,'2023-02-26 14:54:04','2023-02-26 14:54:04',NULL),(1547,'Mohamed Abdelfatah',NULL,1,'2023-02-26 14:54:04','2023-02-26 14:54:04',NULL),(1548,'MOHAMED ABD EL-REHEM',NULL,1,'2023-02-26 14:54:04','2023-02-26 14:54:04',NULL),(1549,'Mohamed',NULL,1,'2023-02-26 14:54:04','2023-02-26 14:54:04',NULL),(1550,'Mohamed',NULL,1,'2023-02-26 14:54:04','2023-02-26 14:54:04',NULL),(1551,'Mohamed',NULL,1,'2023-02-26 14:54:04','2023-02-26 14:54:04',NULL),(1552,'Mohamed',NULL,1,'2023-02-26 14:54:04','2023-02-26 14:54:04',NULL),(1553,'Mohamed',NULL,1,'2023-02-26 14:54:04','2023-02-26 14:54:04',NULL),(1554,'Mohamed',NULL,1,'2023-02-26 14:54:04','2023-02-26 14:54:04',NULL),(1555,'Mobarak',NULL,1,'2023-02-26 14:54:04','2023-02-26 14:54:04',NULL),(1556,'Mithun Kundu',NULL,1,'2023-02-26 14:54:04','2023-02-26 14:54:04',NULL),(1557,'mewan indika',NULL,1,'2023-02-26 14:54:04','2023-02-26 14:54:04',NULL),(1558,'Menaria mukesh',NULL,1,'2023-02-26 14:54:04','2023-02-26 14:54:04',NULL),(1559,'Martin Jr Enriquez Cala',NULL,1,'2023-02-26 14:54:04','2023-02-26 14:54:04',NULL),(1560,'martin jr',NULL,1,'2023-02-26 14:54:04','2023-02-26 14:54:04',NULL),(1561,'marlon sanchez',NULL,1,'2023-02-26 14:54:04','2023-02-26 14:54:04',NULL),(1562,'Mariam Adel',NULL,1,'2023-02-26 14:54:04','2023-02-26 14:54:04',NULL),(1563,'Makar Maher Israel',NULL,1,'2023-02-26 14:54:04','2023-02-26 14:54:04',NULL),(1564,'Mahmoud Zainhom Abd ElAziz',NULL,1,'2023-02-26 14:54:04','2023-02-26 14:54:04',NULL),(1565,'Mahmoud Shaker Mohamed',NULL,1,'2023-02-26 14:54:04','2023-02-26 14:54:04',NULL),(1566,'Mahmoud Sameh Ibrahim',NULL,1,'2023-02-26 14:54:04','2023-02-26 14:54:04',NULL),(1567,'Mahmoud Saad Ahmed',NULL,1,'2023-02-26 14:54:04','2023-02-26 14:54:04',NULL),(1568,'Mahmoud Mostafa Mahmoud',NULL,1,'2023-02-26 14:54:04','2023-02-26 14:54:04',NULL),(1569,'Mahmoud Mostafa Abd ElHameed',NULL,1,'2023-02-26 14:54:04','2023-02-26 14:54:04',NULL),(1570,'Mahmoud Mohamed Mohamed Haggag',NULL,1,'2023-02-26 14:54:04','2023-02-26 14:54:04',NULL),(1571,'MAHMOUD MOHAMED',NULL,1,'2023-02-26 14:54:04','2023-02-26 14:54:04',NULL),(1572,'mahmoud magdy',NULL,1,'2023-02-26 14:54:04','2023-02-26 14:54:04',NULL),(1573,'Mahmoud Ibrahim',NULL,1,'2023-02-26 14:54:04','2023-02-26 14:54:04',NULL),(1574,'Mahmoud Hosain Abd ElSalam',NULL,1,'2023-02-26 14:54:04','2023-02-26 14:54:04',NULL),(1575,'Mahmoud Abd ElFattah',NULL,1,'2023-02-26 14:54:04','2023-02-26 14:54:04',NULL),(1576,'Mahmoud Abd ElBadee Abd ElGawwad',NULL,1,'2023-02-26 14:54:04','2023-02-26 14:54:04',NULL),(1577,'M. Mawgo',NULL,1,'2023-02-26 14:54:04','2023-02-26 14:54:04',NULL),(1578,'Kuntal Das',NULL,1,'2023-02-26 14:54:04','2023-02-26 14:54:04',NULL),(1579,'kiran Sa',NULL,1,'2023-02-26 14:54:04','2023-02-26 14:54:04',NULL),(1580,'Kholoud Zakarya Mohamed',NULL,1,'2023-02-26 14:54:04','2023-02-26 14:54:04',NULL),(1581,'khaled k',NULL,1,'2023-02-26 14:54:04','2023-02-26 14:54:04',NULL),(1582,'KHALED AYMAN',NULL,1,'2023-02-26 14:54:04','2023-02-26 14:54:04',NULL),(1583,'Khaled Abd ElHady Abd ElSalam',NULL,1,'2023-02-26 14:54:04','2023-02-26 14:54:04',NULL),(1584,'KAREM RAGB',NULL,1,'2023-02-26 14:54:04','2023-02-26 14:54:04',NULL),(1585,'KAREM ABDELNASER',NULL,1,'2023-02-26 14:54:04','2023-02-26 14:54:04',NULL),(1586,'KAREM ABD ELAATY',NULL,1,'2023-02-26 14:54:04','2023-02-26 14:54:04',NULL),(1587,'JEAN CHIREJIAN',NULL,1,'2023-02-26 14:54:04','2023-02-26 14:54:04',NULL),(1588,'Jahntu Nemal',NULL,1,'2023-02-26 14:54:04','2023-02-26 14:54:04',NULL),(1589,'Jahangir Sekh',NULL,1,'2023-02-26 14:54:04','2023-02-26 14:54:04',NULL),(1590,'Islam Khan',NULL,1,'2023-02-26 14:54:04','2023-02-26 14:54:04',NULL),(1591,'Islam Khan',NULL,1,'2023-02-26 14:54:04','2023-02-26 14:54:04',NULL),(1592,'IBRAHIM MOHAMED',NULL,1,'2023-02-26 14:54:04','2023-02-26 14:54:04',NULL),(1593,'Ibrahim',NULL,1,'2023-02-26 14:54:04','2023-02-26 14:54:04',NULL),(1594,'Hosam Gamal ElDin Hasab',NULL,1,'2023-02-26 14:54:04','2023-02-26 14:54:04',NULL),(1595,'Hosain Kamal ElShaikh',NULL,1,'2023-02-26 14:54:04','2023-02-26 14:54:04',NULL),(1596,'Hemdan O',NULL,1,'2023-02-26 14:54:04','2023-02-26 14:54:04',NULL),(1597,'Hebat Allah Anwar Abd ElDayem',NULL,1,'2023-02-26 14:54:04','2023-02-26 14:54:04',NULL),(1598,'Heba Shabaan',NULL,1,'2023-02-26 14:54:04','2023-02-26 14:54:04',NULL),(1599,'Hazem Mohamed Abd ElMawgoud',NULL,1,'2023-02-26 14:54:04','2023-02-26 14:54:04',NULL),(1600,'Hatem Abd ElFattah Zakarya',NULL,1,'2023-02-26 14:54:04','2023-02-26 14:54:04',NULL),(1601,'Hassan M',NULL,1,'2023-02-26 14:54:04','2023-02-26 14:54:04',NULL),(1602,'Hassan Ibrahem Ali',NULL,1,'2023-02-26 14:54:04','2023-02-26 14:54:04',NULL),(1603,'Hassan Ahmed (Jurwat',NULL,1,'2023-02-26 14:54:04','2023-02-26 14:54:04',NULL),(1604,'Hasan Mosad Zaki',NULL,1,'2023-02-26 14:54:04','2023-02-26 14:54:04',NULL),(1605,'Hany Nagdi Ahmed',NULL,1,'2023-02-26 14:54:04','2023-02-26 14:54:04',NULL),(1606,'Hany Mohamed Hasan',NULL,1,'2023-02-26 14:54:04','2023-02-26 14:54:04',NULL),(1607,'Hany Abd ElMoneim Mohamed',NULL,1,'2023-02-26 14:54:04','2023-02-26 14:54:04',NULL),(1608,'Hamdy Abdelsalam',NULL,1,'2023-02-26 14:54:04','2023-02-26 14:54:04',NULL),(1609,'Hamada Heshmat Abd ElHameed',NULL,1,'2023-02-26 14:54:04','2023-02-26 14:54:04',NULL),(1610,'Hafiz',NULL,1,'2023-02-26 14:54:04','2023-02-26 14:54:04',NULL),(1611,'Gorachand Karmakar',NULL,1,'2023-02-26 14:54:04','2023-02-26 14:54:04',NULL),(1612,'GOKUL MANNA',NULL,1,'2023-02-26 14:54:04','2023-02-26 14:54:04',NULL),(1613,'Georg Ibrahim Salama',NULL,1,'2023-02-26 14:54:04','2023-02-26 14:54:04',NULL),(1614,'Farouk Mohamed Farouk',23,7,'2023-02-26 14:54:04','2023-05-29 12:41:04',NULL),(1615,'Fagr Mohmed',NULL,1,'2023-02-26 14:54:04','2023-02-26 14:54:04',NULL),(1616,'Ezzat Yousef Abd ElSalam',NULL,1,'2023-02-26 14:54:04','2023-02-26 14:54:04',NULL),(1617,'Esraa Ibrahim Abd ElHady',NULL,1,'2023-02-26 14:54:04','2023-02-26 14:54:04',NULL),(1618,'Enas Shebl Abd ElKader',NULL,1,'2023-02-26 14:54:04','2023-02-26 14:54:04',NULL),(1619,'Eman Ahmed Nasr',NULL,1,'2023-02-26 14:54:04','2023-02-26 14:54:04',NULL),(1620,'Emad Mahmoud Salem',NULL,1,'2023-02-26 14:54:04','2023-02-26 14:54:04',NULL),(1621,'Emad Ali Ghanem',NULL,1,'2023-02-26 14:54:04','2023-02-26 14:54:04',NULL),(1622,'Emad Abd',NULL,1,'2023-02-26 14:54:04','2023-02-26 14:54:04',NULL),(1623,'ELSAYED HAKEM',NULL,1,'2023-02-26 14:54:04','2023-02-26 14:54:04',NULL),(1624,'Eid Sobhy Eid',NULL,1,'2023-02-26 14:54:04','2023-02-26 14:54:04',NULL),(1625,'Dijoprasad Bera',NULL,1,'2023-02-26 14:54:04','2023-02-26 14:54:04',NULL),(1626,'Das Manik',NULL,1,'2023-02-26 14:54:04','2023-02-26 14:54:04',NULL),(1627,'Danilo Lano',NULL,1,'2023-02-26 14:54:04','2023-02-26 14:54:04',NULL),(1628,'D- Ibrahem',NULL,1,'2023-02-26 14:54:04','2023-02-26 14:54:04',NULL),(1629,'biswajeet jayanto',NULL,1,'2023-02-26 14:54:04','2023-02-26 14:54:04',NULL),(1630,'bisojet',NULL,1,'2023-02-26 14:54:04','2023-02-26 14:54:04',NULL),(1631,'Bassant Omar',NULL,1,'2023-02-26 14:54:04','2023-02-26 14:54:04',NULL),(1632,'Bahaa Abd ElWahab',NULL,1,'2023-02-26 14:54:04','2023-02-26 14:54:04',NULL),(1633,'Bag Achinta',NULL,1,'2023-02-26 14:54:04','2023-02-26 14:54:04',NULL),(1634,'BABLU DAS',NULL,1,'2023-02-26 14:54:04','2023-02-26 14:54:04',NULL),(1635,'AZIM ABDUL',NULL,1,'2023-02-26 14:54:04','2023-02-26 14:54:04',NULL),(1636,'AZIM ABDUL',NULL,1,'2023-02-26 14:54:04','2023-02-26 14:54:04',NULL),(1637,'Ayman Mohamed ',NULL,1,'2023-02-26 14:54:04','2023-02-26 14:54:04',NULL),(1638,'Ayman Abd ElKader',NULL,1,'2023-02-26 14:54:04','2023-02-26 14:54:04',NULL),(1639,'Aya Atef',NULL,1,'2023-02-26 14:54:04','2023-02-26 14:54:04',NULL),(1640,'Asmaa Emad ElAaref',NULL,1,'2023-02-26 14:54:04','2023-02-26 14:54:04',NULL),(1641,'ASIM DHARA',NULL,1,'2023-02-26 14:54:04','2023-02-26 14:54:04',NULL),(1642,'Ashraf Sayed Moawad',NULL,1,'2023-02-26 14:54:04','2023-02-26 14:54:04',NULL),(1643,'Anastasya',NULL,1,'2023-02-26 14:54:04','2023-02-26 14:54:04',NULL),(1644,'Amullya',NULL,1,'2023-02-26 14:54:04','2023-02-26 14:54:04',NULL),(1645,'Amr Mahfooz Abd Elaziz',NULL,1,'2023-02-26 14:54:04','2023-02-26 14:54:04',NULL),(1646,'Amr Awwad Esmaeel',NULL,1,'2023-02-26 14:54:04','2023-02-26 14:54:04',NULL),(1647,'Amr Abde',NULL,1,'2023-02-26 14:54:04','2023-02-26 14:54:04',NULL),(1648,'Amr Abd ElRaheem Dosoki',NULL,1,'2023-02-26 14:54:04','2023-02-26 14:54:04',NULL),(1649,'Amit Bhowmick',NULL,1,'2023-02-26 14:54:04','2023-02-26 14:54:04',NULL),(1650,'amir hossain',NULL,1,'2023-02-26 14:54:04','2023-02-26 14:54:04',NULL),(1651,'ambar bablu',NULL,1,'2023-02-26 14:54:04','2023-02-26 14:54:04',NULL),(1652,'Ali abdelmawgood',NULL,1,'2023-02-26 14:54:04','2023-02-26 14:54:04',NULL),(1653,'Alaa Sayed Ahmed',NULL,1,'2023-02-26 14:54:04','2023-02-26 14:54:04',NULL),(1654,'Alaa Khaliry Mohamed',NULL,1,'2023-02-26 14:54:04','2023-02-26 14:54:04',NULL),(1655,'Alaa Ahmed Hasan',NULL,1,'2023-02-26 14:54:04','2023-02-26 14:54:04',NULL),(1656,'Ahmed.M.R',NULL,1,'2023-02-26 14:54:04','2023-02-26 14:54:04',NULL),(1657,'Ahmed Tarek',NULL,1,'2023-02-26 14:54:04','2023-02-26 14:54:04',NULL),(1658,'Ahmed Saleh Abd ElHameed',NULL,1,'2023-02-26 14:54:04','2023-02-26 14:54:04',NULL),(1659,'ahmed sa',NULL,1,'2023-02-26 14:54:04','2023-02-26 14:54:04',NULL),(1660,'ahmed Sa',NULL,1,'2023-02-26 14:54:04','2023-02-26 14:54:04',NULL),(1661,'Ahmed Rabee Abd ElWahed',NULL,1,'2023-02-26 14:54:04','2023-02-26 14:54:04',NULL),(1662,'AHMED OMRAN',NULL,1,'2023-02-26 14:54:04','2023-02-26 14:54:04',NULL),(1663,'Ahmed Mostafa Ahmed Hasan',NULL,1,'2023-02-26 14:54:04','2023-02-26 14:54:04',NULL),(1664,'Ahmed Mostafa Ahmed',NULL,1,'2023-02-26 14:54:04','2023-02-26 14:54:04',NULL),(1665,'Ahmed Mostafa',NULL,1,'2023-02-26 14:54:04','2023-02-26 14:54:04',NULL),(1666,'Ahmed Mo',NULL,1,'2023-02-26 14:54:04','2023-02-26 14:54:04',NULL),(1667,'Ahmed Mahmoud Mohamed',NULL,1,'2023-02-26 14:54:04','2023-02-26 14:54:04',NULL),(1668,'Ahmed Mahfouz Ahmed',NULL,1,'2023-02-26 14:54:04','2023-02-26 14:54:04',NULL),(1669,'AHMED MAHER',NULL,1,'2023-02-26 14:54:04','2023-02-26 14:54:04',NULL),(1670,'Ahmed Maarouf Rashwan',NULL,1,'2023-02-26 14:54:04','2023-02-26 14:54:04',NULL),(1671,'Ahmed Khaled',NULL,1,'2023-02-26 14:54:04','2023-02-26 14:54:04',NULL),(1672,'Ahmed Ibrahim Helmy',NULL,1,'2023-02-26 14:54:04','2023-02-26 14:54:04',NULL),(1673,'Ahmed Helmy Bayomy',NULL,1,'2023-02-26 14:54:04','2023-02-26 14:54:04',NULL),(1674,'Ahmed Helmy Ahmed',NULL,1,'2023-02-26 14:54:04','2023-02-26 14:54:04',NULL),(1675,'Ahmed Hamzawy',NULL,1,'2023-02-26 14:54:04','2023-02-26 14:54:04',NULL),(1676,'Ahmed Hamdy Nayed',NULL,1,'2023-02-26 14:54:04','2023-02-26 14:54:04',NULL),(1677,'Ahmed Fawzy ElSayed',NULL,1,'2023-02-26 14:54:04','2023-02-26 14:54:04',NULL),(1678,'AHMED FATHY',NULL,1,'2023-02-26 14:54:04','2023-02-26 14:54:04',NULL),(1679,'Ahmed Farahat Sayed',NULL,1,'2023-02-26 14:54:04','2023-02-26 14:54:04',NULL),(1680,'Ahmed Emam',NULL,1,'2023-02-26 14:54:04','2023-02-26 14:54:04',NULL),(1681,'Ahmed Eb',NULL,1,'2023-02-26 14:54:04','2023-02-26 14:54:04',NULL),(1682,'AHMED ALI',NULL,1,'2023-02-26 14:54:04','2023-02-26 14:54:04',NULL),(1683,'Ahmed ab',NULL,1,'2023-02-26 14:54:04','2023-02-26 14:54:04',NULL),(1684,'ADHAM HASSAN',NULL,1,'2023-02-26 14:54:04','2023-02-26 14:54:04',NULL),(1685,'ABRAHAM NAZARETH JOUMJIAN',NULL,1,'2023-02-26 14:54:04','2023-02-26 14:54:04',NULL),(1686,'ABHIJIT KOLE',NULL,1,'2023-02-26 14:54:04','2023-02-26 14:54:04',NULL),(1687,'AbdelKod',NULL,1,'2023-02-26 14:54:04','2023-02-26 14:54:04',NULL),(1688,'Abdelazi',NULL,1,'2023-02-26 14:54:04','2023-02-26 14:54:04',NULL),(1689,'Abd ElRahman Fathi Mahmoud',NULL,1,'2023-02-26 14:54:04','2023-02-26 14:54:04',NULL),(1690,'Abd ElMageed Mahmoud Abd ElMageed',NULL,1,'2023-02-26 14:54:04','2023-02-26 14:54:04',NULL),(1691,'Abd ElGhaffar Saleh Abd ElGhaffar',NULL,1,'2023-02-26 14:54:04','2023-02-26 14:54:04',NULL),(1692,' ندا فرج سليمان',NULL,1,'2023-02-26 14:54:04','2023-02-26 14:54:04',NULL),(1693,' محمد حسام ',NULL,1,'2023-02-26 14:54:04','2023-02-26 14:54:04',NULL),(1694,' كريم صلاح عبد المنعم',NULL,1,'2023-02-26 14:54:04','2023-02-26 14:54:04',NULL),(1696,'شادي فيكتور لبيب',NULL,2,'2023-03-13 15:57:37','2023-03-13 15:59:26',NULL),(1697,'سلمي محمد مدحت',NULL,2,'2023-03-13 15:59:52','2023-03-13 15:59:52',NULL),(1698,'احمد ابو المكارم',NULL,2,'2023-03-13 17:16:02','2023-03-13 17:16:02',NULL),(1699,'عمرو غنيم',NULL,2,'2023-03-13 18:27:55','2023-03-13 18:27:55',NULL),(1700,'احمد خالد',NULL,2,'2023-03-13 18:42:06','2023-03-13 18:42:06',NULL),(1701,'محمود صابر',NULL,2,'2023-03-13 18:55:25','2023-03-13 18:55:25',NULL),(1702,'محمد الخياط',NULL,2,'2023-03-13 19:25:55','2023-03-13 19:25:55',NULL),(1703,'Berlant Zulfakar',NULL,2,'2023-03-15 12:38:38','2023-03-15 12:38:38',NULL),(1704,'Sherif Ali',NULL,2,'2023-03-16 12:45:45','2023-03-16 12:45:45',NULL),(1705,'محمود ابراهيم عبد الوهاب',NULL,7,'2023-03-25 11:44:19','2023-03-25 11:44:19',NULL),(1706,'محمود محمد محمود حمدى',NULL,7,'2023-03-28 12:10:06','2023-03-28 12:10:06',NULL),(1707,'اشرف جمال',NULL,7,'2023-04-08 10:51:21','2023-04-08 10:51:21',NULL),(1708,'Loay Osman Siran',NULL,7,'2023-05-02 13:25:22','2023-05-02 13:25:22',NULL),(1709,'طارق أحمد محمد ثابت',NULL,7,'2023-05-03 08:17:34','2023-05-03 08:17:34',NULL),(1710,'باهر محمد صلاح الدين الليثى',NULL,7,'2023-05-03 08:18:20','2023-05-03 08:18:20',NULL),(1711,'محمد عبده أحمد حسن',NULL,7,'2023-05-03 08:18:53','2023-05-03 08:18:53',NULL),(1712,'دينا أحمد محمد أحمد مرسى',NULL,7,'2023-05-03 08:21:25','2023-05-03 08:21:25',NULL),(1713,'محمد رضا فؤاد عوض',NULL,7,'2023-05-03 08:22:51','2023-05-03 08:22:51',NULL),(1714,'مصطفى محمود على احمد',NULL,7,'2023-05-03 08:23:23','2023-05-03 08:23:23',NULL),(1715,'ريهام مصطفى الزينى ثابت',NULL,7,'2023-05-03 08:25:24','2023-05-03 08:25:24',NULL),(1716,'مؤمن جابر خليل خليل',5,7,'2023-05-03 12:08:23','2023-05-29 12:50:55',NULL),(1717,'شيرين اشرف عطية',7,7,'2023-05-07 13:19:59','2023-05-29 10:42:57',NULL),(1718,'خالد احمد عبد الرحيم',4,7,'2023-05-08 14:55:54','2023-05-30 10:34:11',NULL),(1719,'احمد محمد السيد',4,7,'2023-05-08 15:07:06','2023-05-30 11:05:12',NULL),(1720,'محمد احمد عبد الرحمن حسن',4,7,'2023-05-08 15:28:38','2023-05-30 11:05:02',NULL),(1721,'مصطفى عزت عامر',4,7,'2023-05-08 15:32:21','2023-05-30 11:04:51',NULL),(1722,'فاطمة مجدى محمد',4,7,'2023-05-08 15:45:14','2023-05-30 11:04:38',NULL),(1723,'مصطفى محمد عبد المنعم',4,7,'2023-05-08 15:52:03','2023-05-30 11:04:27',NULL),(1724,'رنا احمد شوقى',1,7,'2023-05-09 07:22:55','2023-05-29 11:37:04',NULL),(1725,'محمد شعبان طنطاوى',23,7,'2023-05-09 08:04:46','2023-05-30 11:13:09',NULL),(1726,'ادارة المراجعة الداخلية IRAM',23,7,'2023-05-09 08:29:38','2023-05-30 10:25:40',NULL),(1727,'باكينام عبد المجيد محمد',3,7,'2023-05-09 08:44:34','2023-05-30 10:44:57',NULL),(1728,'منة الله طارق محمد سعد',3,7,'2023-05-09 08:55:58','2023-05-30 10:44:42',NULL),(1729,'هانى فوزى على اسماعيل',23,7,'2023-05-09 09:10:27','2023-05-30 10:24:26',NULL),(1730,'البير وجدى شوقى',23,7,'2023-05-09 10:49:16','2023-05-30 10:24:05',NULL),(1731,'ادارة الحسابات IRam',4,7,'2023-05-09 12:24:39','2023-05-30 10:24:45',NULL),(1732,'ادارة الحسابات BTC',4,7,'2023-05-09 12:25:09','2023-05-30 10:24:55',NULL),(1733,'ادارة المراجعة الداخلية BTC',23,7,'2023-05-09 12:26:00','2023-05-30 10:25:05',NULL),(1734,'ادارة الموارد البشرية BTC',2,7,'2023-05-09 12:26:30','2023-05-30 10:25:16',NULL),(1735,'ادارة الموارد البشرية IRam',2,7,'2023-05-09 12:27:08','2023-05-30 10:25:23',NULL),(1736,'دعاء محى الدين عبد الحميد',2,7,'2023-05-09 14:22:41','2023-05-30 10:23:19',NULL),(1737,'داليا عصمت على',2,7,'2023-05-09 14:39:44','2023-05-30 10:23:11',NULL),(1738,'هالة سمير جميل واصف',3,7,'2023-05-14 10:35:46','2023-05-30 10:36:40',NULL),(1739,'ادارة التسويق SIRAN',3,7,'2023-05-14 10:44:00','2023-05-30 10:35:33',NULL),(1740,'احمد عبد الصمد مصطفى حسن',1,7,'2023-05-16 08:32:05','2023-05-29 12:26:46',NULL),(1741,'هدى احمد عبد العال',NULL,7,'2023-05-22 13:55:23','2023-05-22 13:55:23',NULL),(1742,'الهام علاء وهران',7,7,'2023-05-23 11:57:33','2023-05-29 10:45:24',NULL),(1743,'رضوى محمد رفيق',3,7,'2023-05-23 12:14:30','2023-05-30 11:10:48',NULL),(1744,'أمير محمد',19,11,'2023-05-28 09:39:57','2023-05-28 13:25:19',NULL),(1745,'هبه شعبان',19,11,'2023-05-28 09:40:52','2023-05-28 13:25:12',NULL),(1746,'أيمن عبدالقادر',19,11,'2023-05-28 09:41:57','2023-05-28 13:25:02',NULL),(1747,'مصطفى محمد',19,11,'2023-05-28 09:42:16','2023-05-28 13:24:51',NULL),(1748,'محمود عبدالفتاح',19,11,'2023-05-28 09:42:59','2023-05-28 13:24:39',NULL),(1749,'آية عصام',19,11,'2023-05-28 09:44:28','2023-05-28 13:24:31',NULL),(1750,'صالح طارق',2,11,'2023-05-28 09:44:57','2023-05-28 13:24:16',NULL),(1751,'محمود عبد البديع',17,11,'2023-05-28 09:45:31','2023-05-28 13:24:05',NULL),(1752,'وائل محمد',10,11,'2023-05-28 09:45:54','2023-05-28 13:23:56',NULL),(1753,'سيد البدري',16,11,'2023-05-28 09:46:24','2023-05-28 13:23:46',NULL),(1754,'مريم عادل',16,11,'2023-05-28 09:46:42','2023-05-28 13:23:35',NULL),(1755,'محمد صبري',16,11,'2023-05-28 09:47:04','2023-05-28 13:23:21',NULL),(1756,'أحمد حلمي',16,11,'2023-05-28 09:47:46','2023-05-28 13:23:10',NULL),(1757,'بهاء عبدالوهاب',16,11,'2023-05-28 09:55:40','2023-05-28 13:23:00',NULL),(1758,'أيمن محمد',16,11,'2023-05-28 09:55:55','2023-05-28 13:22:47',NULL),(1759,'محمود مجدي',16,11,'2023-05-28 09:56:09','2023-05-28 13:22:38',NULL),(1760,'عمرو عواد',16,11,'2023-05-28 09:56:23','2023-05-28 13:22:27',NULL),(1761,'محمد بهاء',17,11,'2023-05-28 09:56:48','2023-05-28 13:22:09',NULL),(1762,'يحيي إبراهيم',17,11,'2023-05-28 09:57:45','2023-05-28 13:03:48',NULL),(1763,'محمد درويش',17,11,'2023-05-28 09:58:01','2023-05-28 13:03:30',NULL),(1764,'سامح توفيق',17,11,'2023-05-28 10:01:51','2023-05-28 13:03:18',NULL),(1765,'عبد الغفار صالح',18,11,'2023-05-28 10:02:43','2023-05-28 13:03:05',NULL),(1766,'عمرو خطاب',18,11,'2023-05-28 10:03:26','2023-05-28 13:02:55',NULL),(1767,'إيناس شبل',18,11,'2023-05-28 10:04:03','2023-05-28 13:02:45',NULL),(1768,'حازم محمد',18,11,'2023-05-28 10:04:39','2023-05-28 13:02:29',NULL),(1769,'رشا صبري',18,11,'2023-05-28 10:04:51','2023-05-28 13:02:20',NULL),(1770,'مقار ماهر',18,11,'2023-05-28 10:05:04','2023-05-28 13:02:09',NULL),(1771,'خلود زكريا',18,11,'2023-05-28 10:05:21','2023-05-28 13:01:30',NULL),(1772,'ندى سيد',18,11,'2023-05-28 10:05:35','2023-05-28 13:01:16',NULL),(1773,'منة رضا',18,11,'2023-05-28 10:05:52','2023-05-28 13:00:57',NULL),(1774,'رانيا عصام',18,11,'2023-05-28 10:06:06','2023-05-28 13:00:47',NULL),(1775,'خلود يحيي',18,11,'2023-05-28 10:06:26','2023-05-28 13:00:31',NULL),(1776,'إسراء إبراهيم',18,11,'2023-05-28 10:06:43','2023-05-28 13:00:20',NULL),(1777,'محمود زينهم',18,11,'2023-05-28 10:07:45','2023-05-28 13:00:09',NULL),(1778,'سارة محمد',18,11,'2023-05-28 10:07:58','2023-05-28 12:59:50',NULL),(1779,'هبه أنور',18,11,'2023-05-28 10:08:17','2023-05-28 12:59:33',NULL),(1780,'وفاء عادل',18,11,'2023-05-28 10:08:54','2023-05-28 12:59:21',NULL),(1781,'بسنت أحمد',18,11,'2023-05-28 10:09:20','2023-05-28 12:59:10',NULL),(1782,'محمد إلدو',18,11,'2023-05-28 10:09:50','2023-05-28 12:58:57',NULL),(1783,'بيشو',18,11,'2023-05-28 10:10:06','2023-05-28 12:58:39',NULL),(1787,'منصور عبد القادر',10,13,'2023-05-28 11:44:31','2023-05-28 11:44:31',NULL),(1788,'محمد خالد',10,13,'2023-05-28 11:46:14','2023-05-28 11:46:14',NULL),(1789,'محمود الاسود',4,13,'2023-05-28 11:55:54','2023-05-28 11:55:54',NULL),(1790,'ألآء اسامة',4,13,'2023-05-28 11:58:31','2023-05-28 11:58:31',NULL),(1791,'حسام عامر',12,13,'2023-05-28 11:58:49','2023-05-28 11:58:49',NULL),(1792,'نيفين نصار',3,13,'2023-05-28 12:00:33','2023-05-28 12:00:33',NULL),(1793,'نورا طارق',3,13,'2023-05-28 12:01:03','2023-05-28 12:01:03',NULL),(1794,'دعاء محمد',3,13,'2023-05-28 12:01:25','2023-05-28 12:01:25',NULL),(1795,'شيماء عبد الفتاح',3,13,'2023-05-28 12:02:16','2023-05-28 12:02:16',NULL),(1796,'انس حربى',3,13,'2023-05-28 12:02:31','2023-05-28 12:02:31',NULL),(1797,'يوسف محمد',3,13,'2023-05-28 12:02:49','2023-05-28 12:02:49',NULL),(1798,'ماجدة محمد',4,13,'2023-05-28 12:04:33','2023-05-28 12:04:33',NULL),(1799,'وفاء لبيب',4,13,'2023-05-28 12:04:56','2023-05-28 12:04:56',NULL),(1800,'اسراء شريف',4,13,'2023-05-28 12:05:18','2023-05-28 12:05:18',NULL),(1801,'اروى محمد',4,13,'2023-05-28 12:05:39','2023-05-28 12:05:39',NULL),(1802,'يوسف شعبان',4,13,'2023-05-28 12:05:52','2023-05-28 12:05:52',NULL),(1803,'حسين وائل',4,13,'2023-05-28 12:06:16','2023-05-28 12:06:16',NULL),(1804,'ميار محمد',4,13,'2023-05-28 12:06:46','2023-05-28 12:06:46',NULL),(1805,'اسراء محمود',4,13,'2023-05-28 12:07:03','2023-05-28 12:07:03',NULL),(1806,'همس محمد',13,13,'2023-05-28 12:07:34','2023-05-28 12:07:34',NULL),(1807,'محمد جمال',4,13,'2023-05-28 12:07:48','2023-05-28 12:07:48',NULL),(1808,'احمد الشال',4,13,'2023-05-28 12:08:02','2023-05-28 12:08:02',NULL),(1809,'نادية طارق',3,13,'2023-05-28 12:08:21','2023-05-28 12:08:21',NULL),(1810,'مها محمود',3,13,'2023-05-28 12:08:42','2023-05-28 12:08:42',NULL),(1811,'محمد عدس',10,13,'2023-05-28 12:08:58','2023-05-28 12:08:58',NULL),(1812,'احمد مصطفى',10,13,'2023-05-28 12:09:17','2023-05-28 12:09:17',NULL),(1813,'علاء شعلان',10,13,'2023-05-28 12:09:37','2023-05-28 12:09:37',NULL),(1814,'احمد هادى',2,13,'2023-05-28 12:09:52','2023-05-28 12:09:52',NULL),(1815,'محمد كامل',10,13,'2023-05-28 12:10:20','2023-05-28 12:10:20',NULL),(1816,'وائل سمير',10,13,'2023-05-28 12:10:34','2023-05-28 12:10:34',NULL),(1817,'ابراهيم محمد',10,13,'2023-05-28 12:10:50','2023-05-28 12:10:50',NULL),(1818,'رانيا شريف',4,13,'2023-05-28 12:11:08','2023-05-28 12:11:08',NULL),(1819,'نجلاء اشرف',3,13,'2023-05-28 12:11:36','2023-05-28 12:11:36',NULL),(1820,'محمد حسن',3,13,'2023-05-28 12:12:02','2023-05-28 12:12:02',NULL),(1821,'Ahmed Khaled',12,11,'2023-05-28 13:26:41','2023-05-28 13:26:41',NULL),(1822,'Ahmed Bekir',4,11,'2023-05-28 13:30:45','2023-05-28 13:30:45',NULL),(1823,'Ahmed tarek',4,11,'2023-05-28 13:30:58','2023-05-28 13:30:58',NULL),(1824,'Ahmed Elhadidi',4,11,'2023-05-28 13:31:11','2023-05-28 13:31:11',NULL),(1825,'Mahmoud Saied',17,11,'2023-05-28 13:31:38','2023-05-28 13:31:38',NULL),(1826,'Ali Abdullatif',18,11,'2023-05-28 13:31:53','2023-05-28 13:31:53',NULL),(1827,'Wael Eissa',10,11,'2023-05-28 13:32:07','2023-05-28 13:32:07',NULL),(1828,'Ibrahim Metwally',10,11,'2023-05-28 13:32:22','2023-05-28 13:32:22',NULL),(1829,'Yasser Abdelmaksoud',19,11,'2023-05-28 13:32:38','2023-05-28 13:32:38',NULL),(1830,'Ahmed Abuelmagd',19,11,'2023-05-28 13:32:52','2023-05-28 13:32:52',NULL),(1831,'Ahmed Elmashtoly',19,11,'2023-05-28 13:33:06','2023-05-28 13:33:06',NULL),(1832,'Ahmed Saeed',19,11,'2023-05-28 13:33:18','2023-05-28 13:33:18',NULL),(1833,'Reda Abdelmaged',19,11,'2023-05-28 13:33:32','2023-05-28 13:33:32',NULL),(1834,'Amin Elgamal',19,11,'2023-05-28 13:33:47','2023-05-28 13:33:47',NULL),(1837,'test best 4050',2,2,'2023-05-28 15:02:12','2023-05-28 15:02:12',NULL),(1838,'test40 60',1,2,'2023-05-28 15:11:13','2023-05-28 15:11:13',NULL),(1839,'test 40 70',1,2,'2023-05-28 15:20:37','2023-05-28 15:20:37',NULL),(1840,'محمد جمال سعيد ليثى',1,7,'2023-05-29 08:28:24','2023-05-29 08:28:24',NULL),(1841,'ahmed saeed elsayed',21,5,'2023-05-29 09:01:27','2023-05-29 15:11:39',NULL),(1842,'kareem abdelfatah',4,5,'2023-05-29 09:02:05','2023-05-29 09:02:05',NULL),(1843,'maha ashry',19,5,'2023-05-29 09:02:49','2023-05-29 09:02:49',NULL),(1844,'amr mohamed',4,5,'2023-05-29 09:03:23','2023-05-29 09:03:23',NULL),(1845,'ahmed fouad',4,5,'2023-05-29 09:03:48','2023-05-29 09:03:48',NULL),(1846,'rasha moustafa',14,5,'2023-05-29 09:04:16','2023-05-30 10:33:56',NULL),(1847,'shahenda mohamed',14,5,'2023-05-29 09:04:48','2023-05-29 09:04:48',NULL),(1848,'alaa mustafa',14,5,'2023-05-29 09:05:16','2023-05-29 09:05:16',NULL),(1849,'ahmed fouad 2',4,5,'2023-05-29 09:05:55','2023-05-29 09:06:36',NULL),(1850,'mohamed el hariry',14,5,'2023-05-29 09:07:10','2023-05-29 09:07:10',NULL),(1851,'essam elaraby',19,5,'2023-05-29 09:08:03','2023-05-29 09:08:03',NULL),(1852,'mohamed aly',4,5,'2023-05-29 09:08:35','2023-05-29 09:08:35',NULL),(1853,'khaled reda',4,5,'2023-05-29 09:09:07','2023-05-29 09:09:07',NULL),(1854,'kareem sharaf',4,5,'2023-05-29 09:09:31','2023-05-29 09:09:31',NULL),(1855,'mohamed eed',21,5,'2023-05-29 09:10:04','2023-05-29 15:12:22',NULL),(1856,'hend abdelfatah',25,5,'2023-05-29 09:10:43','2023-05-30 10:35:01',NULL),(1857,'asmaa emad',18,5,'2023-05-29 09:11:13','2023-05-29 09:11:13',NULL),(1858,'mohamed abed',3,5,'2023-05-29 09:11:42','2023-05-29 09:11:42',NULL),(1859,'ashraf saeed',21,5,'2023-05-29 09:12:12','2023-05-30 10:32:50',NULL),(1860,'kareem ibrahem',21,5,'2023-05-29 09:13:34','2023-05-30 10:34:23',NULL),(1861,'hesham araby',4,5,'2023-05-29 09:14:11','2023-05-29 09:14:11',NULL),(1862,'reham sayed',7,5,'2023-05-29 09:14:51','2023-05-29 09:14:51',NULL),(1863,'ibrahem eed',10,5,'2023-05-29 09:16:03','2023-05-29 09:16:03',NULL),(1864,'alaa ibrahim',26,5,'2023-05-29 09:16:37','2023-05-30 10:33:09',NULL),(1865,'moustfa mamoud',4,5,'2023-05-29 09:17:15','2023-05-29 09:17:15',NULL),(1866,'ramy hassan',4,5,'2023-05-29 09:18:21','2023-05-29 09:18:21',NULL),(1867,'mahmoud hassan',20,5,'2023-05-29 09:18:45','2023-05-29 15:10:30',NULL),(1868,'mohamed amin',20,5,'2023-05-29 09:19:18','2023-05-29 15:10:46',NULL),(1869,'raymonda edward',24,5,'2023-05-29 09:19:38','2023-05-29 14:05:42',NULL),(1870,'moustafa fawzy',20,5,'2023-05-29 09:20:03','2023-05-29 15:13:52',NULL),(1871,'medhat mohamed',4,5,'2023-05-29 09:20:41','2023-05-29 09:20:41',NULL),(1872,'mohamed hassan',4,5,'2023-05-29 09:21:16','2023-05-29 09:21:16',NULL),(1873,'ahmed elserwogy',21,5,'2023-05-29 09:21:48','2023-05-29 15:11:03',NULL),(1874,'نهال كمال',7,7,'2023-05-29 10:44:32','2023-05-29 10:44:32',NULL),(1875,'هدى اجمد',7,7,'2023-05-29 10:45:02','2023-05-29 10:45:02',NULL),(1876,'مصطفى احمد سليمان',7,7,'2023-05-29 10:46:25','2023-05-29 10:46:25',NULL),(1877,'يوسف محمد كامل',1,7,'2023-05-29 11:38:15','2023-05-29 11:38:15',NULL),(1878,'سيف الدين خالد عليوة',5,7,'2023-05-29 12:49:18','2023-05-29 12:49:18',NULL),(1879,'عبد الرحمن مجدى حسن',5,7,'2023-05-29 12:56:28','2023-05-29 12:56:28',NULL),(1880,'منى مسعود دونجل',8,7,'2023-05-29 13:11:16','2023-05-29 13:11:16',NULL),(1881,'اسلام طارق احمد',8,7,'2023-05-29 13:12:41','2023-05-29 13:12:41',NULL),(1882,'mostafa saeed',1,5,'2023-05-29 13:45:39','2023-05-29 13:45:39',NULL),(1883,'ahmed mansour',1,5,'2023-05-29 13:45:58','2023-05-29 13:45:58',NULL),(1884,'Mohamed Shamel',13,12,'2023-05-29 14:01:31','2023-05-30 11:32:51',NULL),(1885,'G/Yasser Hassanein',10,12,'2023-05-29 14:02:58','2023-05-29 14:02:58',NULL),(1886,'Eslam Fahmy',4,12,'2023-05-29 14:03:22','2023-05-29 14:03:22',NULL),(1887,'Mohamed Sakr',4,12,'2023-05-29 14:03:41','2023-05-29 14:03:41',NULL),(1888,'Ahmed Sabry',4,12,'2023-05-29 14:04:20','2023-05-29 14:04:20',NULL),(1889,'Nihal Salah',27,12,'2023-05-29 14:18:21','2023-05-30 11:30:37',NULL),(1890,'Emad-Eldin  El Saharty',3,12,'2023-05-29 14:19:04','2023-05-29 14:19:04',NULL),(1891,'Mohamed Abo Zekry',13,12,'2023-05-29 14:19:53','2023-05-29 14:19:53',NULL),(1892,'Ahmed Mahrous',28,12,'2023-05-29 14:20:30','2023-05-30 11:36:04',NULL),(1893,'Mohamed Mostafa Rihan',1,12,'2023-05-29 14:21:49','2023-05-29 14:21:49',NULL),(1894,'Mohamed Farag',21,12,'2023-05-29 14:49:02','2023-05-29 14:49:02',NULL),(1895,'abdelrahman nageeb',4,5,'2023-05-29 15:09:18','2023-05-29 15:09:18',NULL),(1896,'abo almagd omran',4,5,'2023-05-29 15:09:49','2023-05-29 15:09:49',NULL),(1897,'عبد الله صافى فوزى محمود ابو العنين',4,7,'2023-05-30 08:36:31','2023-05-30 08:36:31',NULL),(1898,'المنتصر بالله سليمان محمود',4,7,'2023-05-30 08:45:24','2023-05-30 08:45:24',NULL),(1899,'محمود محمد رفعت',4,7,'2023-05-30 08:45:40','2023-05-30 08:45:40',NULL),(1900,'محمد طارق محمد عبد الرحمن',2,7,'2023-05-30 10:43:06','2023-05-30 10:43:06',NULL),(1901,'ألبير',6,11,'2023-05-30 12:03:11','2023-05-30 12:03:11',NULL),(1902,'أحمد إمام',17,11,'2023-05-30 12:39:11','2023-05-30 12:39:11',NULL),(1903,'منى لطفي',17,11,'2023-05-30 13:14:47','2023-05-30 13:14:47',NULL),(1907,'Essam Abdel Moneim',10,14,'2023-05-31 09:14:13','2023-05-31 09:14:13',NULL),(1908,'Ramy El Sayed',2,14,'2023-05-31 09:14:47','2023-05-31 09:14:47',NULL),(1909,'Amr Samir',19,14,'2023-05-31 09:17:14','2023-05-31 09:17:14',NULL),(1910,'Mahmoud Ragab',12,14,'2023-05-31 09:18:55','2023-05-31 09:18:55',NULL),(1911,'محمد شافعي زاده',29,2,'2023-06-01 17:19:31','2023-06-01 17:19:31',NULL),(1912,'Ahmed Omran',2,11,'2023-06-03 09:44:14','2023-06-03 09:44:14',NULL),(1913,'اية محمد انور',12,7,'2023-06-04 08:53:51','2023-06-04 08:53:51',NULL),(1914,'نور غريب',12,7,'2023-06-04 09:07:55','2023-06-04 09:07:55',NULL),(1915,'Menna Zahra',3,7,'2023-06-05 07:42:08','2023-06-05 07:42:08',NULL),(1916,'Lobna Omar',3,7,'2023-06-05 07:42:30','2023-06-05 07:42:30',NULL),(1917,'Heba Ahmed Abdel-Hay',29,7,'2023-06-07 08:08:46','2023-06-07 08:08:46',NULL),(1918,'يمنى بدر عبدالله بدر',3,2,'2023-06-07 19:02:41','2023-06-07 19:02:41',NULL),(1919,'اسماء محمد عبدالعزيز',4,2,'2023-06-08 08:45:54','2023-06-08 08:45:54',NULL),(1920,'محمد رفعت محمد تمام',17,2,'2023-06-08 09:04:29','2023-06-08 09:04:29',NULL),(1921,'احمد محمد سيد علي',17,2,'2023-06-08 09:28:41','2023-06-08 09:28:41',NULL),(1922,'محمد وحيد رفاعي',4,2,'2023-06-08 10:59:52','2023-06-08 10:59:52',NULL),(1923,'محمد سمير محمد السيد',30,4,'2023-06-08 11:33:58','2024-01-09 11:00:24',NULL),(1924,'عبدالرحمن مجدي سيد',4,2,'2023-06-08 12:05:41','2023-06-08 12:05:41',NULL),(1925,'عمر محمد عبدالهادي',4,2,'2023-06-08 13:22:38','2023-06-08 13:22:38',NULL),(1926,'محمد جلال محمود ابراهيم',4,2,'2023-06-09 13:32:59','2023-06-09 13:32:59',NULL),(1927,'شئون ادارية BTC',10,2,'2023-06-09 15:31:05','2023-06-09 15:32:21',NULL),(1928,'اسراء حسام محمد محمد',30,2,'2023-06-12 10:04:43','2023-06-12 10:04:43',NULL),(1929,'اسراء فؤاد عبدالحكيم ابو الخير',30,2,'2023-06-12 12:37:30','2023-06-12 12:37:30',NULL),(1930,'احمد حسين زكريا',13,7,'2023-06-17 13:17:49','2023-06-17 13:17:49',NULL),(1931,'شهد محمد عبد الفتاح',30,2,'2023-06-18 11:27:12','2023-06-18 11:27:12',NULL),(1932,'شهد محمد / اسراء حسام',30,2,'2023-06-18 11:28:39','2023-06-18 11:28:39',NULL),(1934,'مصطفي عادل',4,2,'2023-06-18 18:26:04','2023-06-18 18:26:04',NULL),(1935,'منتصر سليمان محمود سليمان',4,2,'2023-06-23 14:06:21','2023-06-23 14:06:21',NULL),(1936,'امير سوريال',10,7,'2023-06-26 12:44:20','2023-06-26 12:44:20',NULL),(1937,'عمرو هشام',3,15,'2023-07-04 11:27:46','2023-07-04 11:27:46',NULL),(1938,'محمد لطفي',13,9,'2023-07-05 13:25:54','2023-07-11 12:57:47',NULL),(1939,'محمد صادق',13,9,'2023-07-06 18:05:39','2023-07-06 18:05:39',NULL),(1940,'أحمد التوسيلى',13,9,'2023-07-08 20:07:17','2023-07-08 20:07:17',NULL),(1941,'عبد الرحمن سمير',13,9,'2023-07-08 20:14:07','2023-07-08 20:14:07',NULL),(1942,'سعيد الدفراوى',13,9,'2023-07-08 20:21:38','2023-07-08 20:21:38',NULL),(1943,'مينا ماهر',13,9,'2023-07-08 20:28:37','2023-07-08 20:28:37',NULL),(1944,'اسلام حجازى',13,9,'2023-07-11 13:04:49','2023-07-11 13:04:49',NULL),(1945,'فيكتور مفرح داود',13,9,'2023-07-12 11:59:50','2023-07-12 12:10:26',NULL),(1946,'منتصر ابو بكر',13,9,'2023-07-15 20:21:05','2023-07-15 20:21:05',NULL),(1947,'احمد ماجد',13,9,'2023-07-15 20:22:03','2023-07-15 20:22:03',NULL),(1948,'شيماء يوسف',7,15,'2023-07-19 13:42:14','2023-07-19 13:42:14',NULL),(1949,'عبدالرحمن محمد سيد',7,15,'2023-07-19 13:44:51','2023-07-19 13:44:51',NULL),(1950,'محمد عبد الحميد',31,9,'2023-07-19 13:49:31','2023-07-19 13:49:31',NULL),(1951,'احمد سعيد محمد احمد',32,9,'2023-07-19 14:07:24','2023-07-19 14:07:24',NULL),(1952,'يوسف احمد محمد',1,15,'2023-07-19 14:19:39','2023-07-19 14:19:39',NULL),(1953,'احمد عبده مصطفى',31,15,'2023-07-24 16:07:49','2023-07-24 16:07:49',NULL),(1954,'ايمن محمد عبدالعزيز عماره',31,15,'2023-07-25 13:13:23','2023-07-25 13:13:23',NULL),(1955,'هبه الهامي لبيب يني',33,2,'2023-08-08 13:36:01','2023-08-08 13:36:01',NULL),(1956,'Rehab Rabie',2,16,'2023-08-27 12:12:54','2023-08-27 12:12:54',NULL),(1957,'سيد ابراهيم',20,9,'2023-08-31 14:47:30','2023-08-31 14:47:30',NULL),(1958,'Hager Gad',8,16,'2023-09-06 11:01:31','2023-09-06 11:01:31',NULL),(1959,'Engy Magdy',4,16,'2023-09-06 11:34:02','2023-09-06 11:34:02',NULL),(1960,'Radwa Tarek',8,16,'2023-09-06 11:37:47','2023-09-06 11:37:47',NULL),(1962,'Toka Rafaat',8,16,'2023-09-06 11:55:52','2023-09-06 11:55:52',NULL),(1963,'احمد محمد الطوخى',13,9,'2023-09-06 14:58:20','2023-09-06 14:58:20',NULL),(1964,'تامر ابراهيم',6,16,'2023-09-12 14:02:24','2023-09-12 14:02:24',NULL),(1965,'Tarek Thabet',11,19,'2023-09-18 11:51:11','2023-09-18 11:51:11',NULL),(1966,'Kirollos Zaki',13,9,'2023-10-01 01:00:45','2023-10-01 01:00:45',NULL),(1967,'kareem thabet',13,9,'2023-10-01 01:08:45','2023-10-01 01:08:45',NULL),(1968,'kareem AbdAllah',13,9,'2023-10-01 01:22:02','2023-10-01 01:22:02',NULL),(1969,'Mahmoud Terzaki IT Temp. Inventory',1,9,'2023-10-01 01:48:22','2023-10-01 01:48:22',NULL),(1970,'Eman Mahmoud',14,19,'2023-10-12 07:59:49','2023-10-12 07:59:49',NULL),(1971,'Sandy Fouad',14,19,'2023-10-12 08:00:03','2023-10-12 08:00:03',NULL),(1972,'Amira Arfa',14,19,'2023-10-12 08:00:36','2023-10-12 08:00:36',NULL),(1973,'ismail Ibrahim',20,9,'2023-10-12 14:21:01','2023-10-12 14:21:01',NULL),(1974,'مصطفي محمد النجار',25,16,'2023-10-17 13:31:12','2023-10-17 13:31:12',NULL),(1975,'احمد بركات',4,16,'2023-10-19 12:27:44','2023-10-19 12:27:44',NULL),(1976,'اسلام انور عبد الرؤوف الغباشي',4,2,'2023-10-25 15:24:55','2023-10-25 15:24:55',NULL),(1977,'Nourhan Elsawy',31,9,'2023-11-07 12:37:24','2023-11-07 12:37:24',NULL),(1978,'Ahmed Ali Mohamed Saleh',21,4,'2023-11-08 14:43:11','2023-11-08 14:43:11',NULL),(1979,'منتصر ابو بكر',4,16,'2023-11-09 15:02:20','2023-11-09 15:02:20',NULL),(1980,'محمد سمير كسبر',4,16,'2023-11-09 15:03:55','2023-11-09 15:03:55',NULL),(1981,'mark yassa',31,9,'2023-11-11 18:12:25','2023-11-11 18:12:25',NULL),(1982,'محمد عبد العزيز عبدو',4,16,'2023-11-15 14:25:34','2023-11-15 14:25:34',NULL),(1983,'Mohamed Nasr',32,9,'2023-11-15 16:00:03','2023-11-15 16:00:03',NULL),(1984,'مينا وفدى-- جهاز لمسؤلى حسابات العملاءBTC',31,9,'2023-11-15 17:36:16','2023-11-15 17:36:16',NULL),(1985,'Mohamed Mohey',2,16,'2023-11-22 14:25:45','2023-11-22 14:25:45',NULL),(1986,'محمد عاطف عبد المنعم محمد',4,4,'2023-12-06 12:54:29','2023-12-06 12:54:29',NULL),(1987,'محمد عبد الفتاح فاروق',4,4,'2023-12-11 12:03:32','2023-12-11 12:03:32',NULL),(1988,'امير محمد حسن',5,15,'2023-12-12 13:55:55','2023-12-12 13:55:55',NULL),(1989,'مصطفي محمد محمود بشير',6,1,'2023-12-21 12:23:24','2023-12-21 12:23:24',NULL),(1990,'محمد يسري احمد ابراهيم',4,1,'2023-12-21 12:34:28','2023-12-21 12:34:28',NULL),(1991,'Mohamed Hassan',1,2,'2023-12-25 14:19:18','2023-12-25 14:19:18',NULL),(1992,'محمد عاشور',6,16,'2024-01-09 14:36:13','2024-01-09 14:36:13',NULL),(1993,'Eslam Ebrahim Essa',4,4,'2024-01-11 11:02:48','2024-01-11 11:02:48',NULL),(1994,'Mohamed Reda',11,19,'2024-01-29 12:19:46','2024-01-29 12:19:46',NULL),(1995,'Mahmoud Elgendy',11,16,'2024-01-30 11:33:15','2024-01-30 11:33:15',NULL),(1996,'Mostafa Alii',6,16,'2024-01-30 14:13:49','2024-01-30 14:13:49',NULL),(1997,'Nada Sherif Ehsan',2,16,'2024-01-31 14:38:38','2024-01-31 14:38:38',NULL);
/*!40000 ALTER TABLE `employees` ENABLE KEYS */;
UNLOCK TABLES;

--
-- Table structure for table `employees_departments`
--

DROP TABLE IF EXISTS `employees_departments`;
/*!40101 SET @saved_cs_client     = @@character_set_client */;
/*!40101 SET character_set_client = utf8 */;
CREATE TABLE `employees_departments` (
  `id` int(11) unsigned NOT NULL AUTO_INCREMENT,
  `department_name` varchar(50) CHARACTER SET utf8 COLLATE utf8_general_ci NOT NULL,
  `created_by` bigint(20) unsigned NOT NULL,
  `created_at` datetime NOT NULL,
  `updated_at` datetime NOT NULL,
  `deleted_at` datetime DEFAULT NULL,
  PRIMARY KEY (`id`),
  UNIQUE KEY `department_name` (`department_name`),
  KEY `department_created_by_fk` (`created_by`),
  CONSTRAINT `department_created_by_fk` FOREIGN KEY (`created_by`) REFERENCES `users` (`id`)
) ENGINE=InnoDB AUTO_INCREMENT=34 DEFAULT CHARSET=utf8 COLLATE=utf8_unicode_ci;
/*!40101 SET character_set_client = @saved_cs_client */;

--
-- Dumping data for table `employees_departments`
--

LOCK TABLES `employees_departments` WRITE;
/*!40000 ALTER TABLE `employees_departments` DISABLE KEYS */;
INSERT INTO `employees_departments` VALUES (1,'IT',1,'2023-02-09 15:52:02','2023-02-09 15:52:02',NULL),(2,'HR',1,'2023-02-09 15:52:12','2023-02-09 15:52:12',NULL),(3,'Marketing',1,'2023-02-09 15:52:32','2023-02-09 15:52:32',NULL),(4,'Accounting',1,'2023-02-12 17:25:57','2023-02-12 17:25:57',NULL),(5,'Dealing',1,'2023-02-12 17:26:14','2023-02-12 17:26:14',NULL),(6,'Audit',1,'2023-02-12 17:26:33','2023-02-12 17:26:33',NULL),(7,'Moderation',1,'2023-02-12 17:26:48','2023-02-12 17:26:48',NULL),(8,'Outbound',1,'2023-02-12 17:27:00','2023-02-12 17:27:00',NULL),(9,'E-Commerce',1,'2023-02-12 17:27:12','2023-02-12 17:27:12',NULL),(10,'Administration',1,'2023-02-12 17:27:42','2023-02-12 17:27:42',NULL),(11,'Legal',1,'2023-02-12 17:28:04','2023-02-12 17:28:04',NULL),(12,'Engineering',1,'2023-02-12 17:28:23','2023-02-12 17:28:23',NULL),(13,'Sales',1,'2023-02-12 17:28:38','2023-02-12 17:28:38',NULL),(14,'Call Center',1,'2023-02-12 17:28:57','2023-02-12 17:28:57',NULL),(15,'Taxes',1,'2023-02-12 17:29:46','2023-02-12 17:29:46',NULL),(16,'Planning',2,'2023-05-28 14:50:08','2023-05-28 14:50:08',NULL),(17,'Production',2,'2023-05-28 14:50:23','2023-05-28 14:50:23',NULL),(18,'Models',2,'2023-05-28 14:50:31','2023-05-28 14:50:31',NULL),(19,'Financial',2,'2023-05-28 14:50:47','2023-05-28 14:52:37',NULL),(20,'Stones',1,'2023-05-29 12:51:23','2023-05-29 12:51:23',NULL),(21,'Stock',1,'2023-05-29 12:51:57','2023-05-29 12:51:57',NULL),(23,'Internal Audit',7,'2023-05-29 14:17:05','2023-05-29 14:21:44',NULL),(24,'Public Relations',1,'2023-05-29 15:47:21','2023-05-29 15:47:21',NULL),(25,'Photography',1,'2023-05-30 12:17:40','2023-05-30 12:17:40',NULL),(26,'Technical Inspection',1,'2023-05-30 12:18:23','2023-05-30 12:18:23',NULL),(27,'CRM (Reception)',7,'2023-05-30 13:24:04','2023-05-30 13:24:04',NULL),(28,'Work Shop',7,'2023-05-30 13:31:34','2023-05-30 13:31:34',NULL),(29,'Art',1,'2023-06-01 19:16:11','2023-06-01 19:16:11',NULL),(30,'Design',1,'2023-06-01 19:16:32','2023-06-01 19:16:32',NULL),(31,'BTC Operation',9,'2023-07-19 15:49:01','2023-07-19 15:49:01',NULL),(32,'BTC Financial Control',9,'2023-07-19 16:03:02','2023-07-19 16:03:02',NULL),(33,'TRAVEL-BOUTIQUE Operation',2,'2023-08-08 15:35:35','2023-08-08 15:35:35',NULL);
/*!40000 ALTER TABLE `employees_departments` ENABLE KEYS */;
UNLOCK TABLES;

--
-- Table structure for table `failed_jobs`
--

DROP TABLE IF EXISTS `failed_jobs`;
/*!40101 SET @saved_cs_client     = @@character_set_client */;
/*!40101 SET character_set_client = utf8 */;
CREATE TABLE `failed_jobs` (
  `id` bigint(20) unsigned NOT NULL AUTO_INCREMENT,
  `uuid` varchar(255) NOT NULL,
  `connection` text NOT NULL,
  `queue` text NOT NULL,
  `payload` longtext NOT NULL,
  `exception` longtext NOT NULL,
  `failed_at` timestamp NOT NULL DEFAULT current_timestamp(),
  PRIMARY KEY (`id`),
  UNIQUE KEY `failed_jobs_uuid_unique` (`uuid`)
) ENGINE=InnoDB DEFAULT CHARSET=utf8mb4 COLLATE=utf8mb4_unicode_ci;
/*!40101 SET character_set_client = @saved_cs_client */;

--
-- Dumping data for table `failed_jobs`
--

LOCK TABLES `failed_jobs` WRITE;
/*!40000 ALTER TABLE `failed_jobs` DISABLE KEYS */;
/*!40000 ALTER TABLE `failed_jobs` ENABLE KEYS */;
UNLOCK TABLES;

--
-- Table structure for table `flags`
--

DROP TABLE IF EXISTS `flags`;
/*!40101 SET @saved_cs_client     = @@character_set_client */;
/*!40101 SET character_set_client = utf8 */;
CREATE TABLE `flags` (
  `id` int(10) unsigned NOT NULL AUTO_INCREMENT,
  `flag_name` varchar(50) DEFAULT NULL,
  `created_at` timestamp NULL DEFAULT NULL,
  `updated_at` timestamp NULL DEFAULT NULL,
  PRIMARY KEY (`id`)
) ENGINE=InnoDB AUTO_INCREMENT=4 DEFAULT CHARSET=utf8 COLLATE=utf8_unicode_ci;
/*!40101 SET character_set_client = @saved_cs_client */;

--
-- Dumping data for table `flags`
--

LOCK TABLES `flags` WRITE;
/*!40000 ALTER TABLE `flags` DISABLE KEYS */;
INSERT INTO `flags` VALUES (1,'in stock',NULL,NULL),(2,'Delivered',NULL,NULL),(3,'Damaged',NULL,NULL);
/*!40000 ALTER TABLE `flags` ENABLE KEYS */;
UNLOCK TABLES;

--
-- Table structure for table `governorates`
--

DROP TABLE IF EXISTS `governorates`;
/*!40101 SET @saved_cs_client     = @@character_set_client */;
/*!40101 SET character_set_client = utf8 */;
CREATE TABLE `governorates` (
  `id` int(11) unsigned NOT NULL AUTO_INCREMENT,
  `governorate_name` varchar(50) NOT NULL,
  PRIMARY KEY (`id`),
  UNIQUE KEY `governorate_name` (`governorate_name`)
) ENGINE=InnoDB AUTO_INCREMENT=28 DEFAULT CHARSET=utf8 COLLATE=utf8_unicode_ci;
/*!40101 SET character_set_client = @saved_cs_client */;

--
-- Dumping data for table `governorates`
--

LOCK TABLES `governorates` WRITE;
/*!40000 ALTER TABLE `governorates` DISABLE KEYS */;
INSERT INTO `governorates` VALUES (3,'Alexandria'),(16,'Assiut'),(15,'Aswan'),(6,'Beheira'),(17,'Beni Suef'),(1,'Cairo'),(4,'Dakahlia'),(19,'Damietta'),(7,'Fayoum'),(8,'Gharbiya'),(2,'Giza'),(9,'Ismailia'),(22,'Kafr Al sheikh'),(24,'Luxor'),(23,'Matrouh'),(10,'Menofia'),(11,'Minya'),(13,'New Valley'),(26,'North Sinai'),(18,'Port Said'),(12,'Qaliubiya'),(25,'Qena'),(5,'Red Sea'),(20,'Sharkia'),(27,'Sohag'),(21,'South Sinai'),(14,'Suez');
/*!40000 ALTER TABLE `governorates` ENABLE KEYS */;
UNLOCK TABLES;

--
-- Table structure for table `gpu_tb`
--

DROP TABLE IF EXISTS `gpu_tb`;
/*!40101 SET @saved_cs_client     = @@character_set_client */;
/*!40101 SET character_set_client = utf8 */;
CREATE TABLE `gpu_tb` (
  `id` int(10) unsigned NOT NULL AUTO_INCREMENT,
  `gpu_name` varchar(50) NOT NULL,
  `created_by` bigint(20) unsigned NOT NULL,
  `created_at` timestamp NULL DEFAULT NULL,
  `updated_at` timestamp NULL DEFAULT NULL,
  `deleted_at` timestamp NULL DEFAULT NULL,
  PRIMARY KEY (`id`),
  UNIQUE KEY `gpu_name` (`gpu_name`),
  KEY `gpu_created_by_fk` (`created_by`),
  CONSTRAINT `gpu_created_by_fk` FOREIGN KEY (`created_by`) REFERENCES `users` (`id`)
) ENGINE=InnoDB AUTO_INCREMENT=51 DEFAULT CHARSET=utf8 COLLATE=utf8_unicode_ci;
/*!40101 SET character_set_client = @saved_cs_client */;

--
-- Dumping data for table `gpu_tb`
--

LOCK TABLES `gpu_tb` WRITE;
/*!40000 ALTER TABLE `gpu_tb` DISABLE KEYS */;
INSERT INTO `gpu_tb` VALUES (1,'NULL',1,'2023-02-09 13:53:37','2023-02-09 13:53:37',NULL),(2,'INTEL',1,'2023-02-12 15:47:05','2023-02-12 15:47:05',NULL),(3,'NVIDIA GeForce MX130',7,'2023-03-12 12:50:20','2023-03-12 12:50:20',NULL),(4,'Nvidia GeForce 940MX',7,'2023-03-13 12:19:22','2023-03-13 12:19:22',NULL),(5,'Radeon RX-550X',2,'2023-03-13 16:59:14','2023-03-13 16:59:14',NULL),(6,'NVIDIA GeForce MX 250 2GB',7,'2023-03-14 09:34:10','2023-03-14 09:34:10',NULL),(7,'Nvidia MX350-2GB',7,'2023-03-15 12:46:16','2023-03-15 12:46:16',NULL),(8,'Nvidia GeForce Mx450',7,'2023-03-25 11:26:46','2023-03-25 11:26:46',NULL),(9,'Nvidia GetForce Mx110',7,'2023-03-25 12:37:45','2023-03-25 12:37:45',NULL),(10,'Nvidia GeForce GTX 1050 Ti',7,'2023-03-26 10:43:55','2023-03-26 10:43:55',NULL),(11,'Nvidia Quadro M4000',7,'2023-03-28 12:06:47','2023-03-28 12:06:47',NULL),(12,'AMD Radeon R2',7,'2023-03-28 12:59:43','2023-03-28 12:59:43',NULL),(13,'AMD Radeon RX 550',7,'2023-04-08 11:17:55','2023-04-08 11:17:55',NULL),(14,'Nvidia Quadro K4000',7,'2023-05-02 09:59:54','2023-05-02 09:59:54',NULL),(15,'AMD Radon R5 M330',7,'2023-05-03 13:01:35','2023-05-03 13:01:35',NULL),(16,'AMD Radeon R5 M430',7,'2023-05-03 14:37:30','2023-05-03 14:37:30',NULL),(17,'Radeon (TM) 520',7,'2023-05-07 12:11:28','2023-05-07 12:11:28',NULL),(18,'AMD Radeon (TM) 630',7,'2023-05-07 12:35:47','2023-05-07 12:35:47',NULL),(19,'ATI FirePro V',7,'2023-05-07 14:50:49','2023-05-07 14:50:49',NULL),(20,'NVIDIA AVS 310',7,'2023-05-07 15:13:50','2023-05-07 15:13:50',NULL),(21,'NVIDIA Geforce GT 610',7,'2023-05-08 09:19:17','2023-05-08 09:19:17',NULL),(22,'ATI FireMV 2250 Secondry',7,'2023-05-08 09:28:42','2023-05-08 09:28:42',NULL),(23,'NVIDIA Quadro FX 4600',7,'2023-05-08 09:42:57','2023-05-08 09:42:57',NULL),(24,'NVIDIA Geforce MX230',7,'2023-05-08 11:35:52','2023-05-08 11:35:52',NULL),(25,'Apple M1',7,'2023-05-09 08:40:33','2023-05-09 08:40:33',NULL),(26,'Intel Core 2 Duo E6550',7,'2023-05-09 09:06:13','2023-05-09 09:06:13',NULL),(27,'NVIDIA Quadro M1200',7,'2023-05-15 14:30:43','2023-05-15 14:30:43',NULL),(28,'Matrox MGA-G200eW',8,'2023-05-28 13:55:44','2023-05-28 13:55:44',NULL),(29,'Nvidia Geforce GTX 1650',7,'2023-05-29 14:36:40','2023-05-29 14:36:40',NULL),(30,'AMD Radeon Pro WX 3100',2,'2023-05-30 16:40:47','2023-05-30 16:40:47',NULL),(31,'NVIDIA GTX 1060',2,'2023-05-30 17:07:18','2023-05-30 17:07:18',NULL),(32,'NVIDIA GTX 750 TI',2,'2023-05-30 17:30:31','2023-05-30 17:30:31',NULL),(33,'intel Xeon E5-2697',11,'2023-06-01 06:10:20','2023-06-01 06:10:20',NULL),(34,'Nvidia Quadro K1200',11,'2023-06-01 06:12:39','2023-06-01 06:12:39',NULL),(35,'Nvidia Quadro k 1200',11,'2023-06-01 06:24:58','2023-06-01 06:24:58',NULL),(36,'Nvidia GeForce 640',11,'2023-06-01 09:09:08','2023-06-01 09:09:08',NULL),(37,'Nvidia Quadro 5000',11,'2023-06-01 09:12:05','2023-06-01 09:12:05',NULL),(38,'Nvidia Quadro k2200',11,'2023-06-01 10:20:52','2023-06-01 10:20:52',NULL),(39,'Nvidia',2,'2023-06-01 14:33:05','2023-06-01 14:33:05',NULL),(40,'RADEON MOBILGFX',5,'2023-06-10 16:14:21','2023-06-10 16:14:21',NULL),(41,'Nvidia Quadro2000',14,'2023-06-17 08:33:35','2023-06-17 08:33:35',NULL),(42,'Nvidia Quadro fx3800',14,'2023-06-17 08:58:03','2023-06-17 08:58:03',NULL),(43,'Nvidia Quadro K620egl V)',14,'2023-06-17 09:29:28','2023-06-17 09:29:28',NULL),(44,'Microsoft Basic',14,'2023-06-17 10:41:12','2023-06-17 10:41:12',NULL),(45,'Intel(R) Iris(r) Xe Graphics',15,'2023-08-08 13:16:49','2023-08-08 13:16:49',NULL),(46,'intel i5 evo processor',16,'2023-08-27 12:14:43','2023-08-27 12:14:43',NULL),(47,'RTX 3050 TI',16,'2023-10-17 13:36:22','2023-10-17 13:36:22',NULL),(48,'none',9,'2023-11-07 12:36:01','2023-11-07 12:36:01',NULL),(49,'NVIDIA QuadroFX 3700',2,'2023-12-25 15:21:46','2023-12-25 15:21:46',NULL),(50,'Intel i5-1245U',16,'2024-01-30 16:33:20','2024-01-30 16:33:20',NULL);
/*!40000 ALTER TABLE `gpu_tb` ENABLE KEYS */;
UNLOCK TABLES;

--
-- Table structure for table `inventory_models`
--

DROP TABLE IF EXISTS `inventory_models`;
/*!40101 SET @saved_cs_client     = @@character_set_client */;
/*!40101 SET character_set_client = utf8 */;
CREATE TABLE `inventory_models` (
  `id` int(10) unsigned NOT NULL AUTO_INCREMENT,
  `category_name` varchar(50) NOT NULL,
  `brand_id` int(10) unsigned NOT NULL,
  `model_name` varchar(50) NOT NULL,
  `created_by` bigint(20) unsigned NOT NULL,
  `created_at` timestamp NULL DEFAULT NULL,
  `updated_at` timestamp NULL DEFAULT NULL,
  `deleted_at` timestamp NULL DEFAULT NULL,
  PRIMARY KEY (`id`),
  UNIQUE KEY `model_name_UNIQUE` (`model_name`),
  KEY `inventory_models_created_by_fk` (`created_by`),
  KEY `inventory_models_brand_id_fk` (`brand_id`),
  CONSTRAINT `inventory_models_brand_id_fk` FOREIGN KEY (`brand_id`) REFERENCES `brands` (`id`) ON DELETE NO ACTION ON UPDATE NO ACTION,
  CONSTRAINT `inventory_models_created_by_fk` FOREIGN KEY (`created_by`) REFERENCES `users` (`id`) ON DELETE NO ACTION ON UPDATE NO ACTION
) ENGINE=InnoDB AUTO_INCREMENT=282 DEFAULT CHARSET=utf8 COLLATE=utf8_unicode_ci;
/*!40101 SET character_set_client = @saved_cs_client */;

--
-- Dumping data for table `inventory_models`
--

LOCK TABLES `inventory_models` WRITE;
/*!40000 ALTER TABLE `inventory_models` DISABLE KEYS */;
INSERT INTO `inventory_models` VALUES (1,'laptop',1,'15-da1xxx',7,'2023-03-12 12:48:00','2023-03-12 12:48:00',NULL),(2,'laptop',1,'DA-2001ne',7,'2023-03-12 13:04:41','2023-03-12 13:04:41',NULL),(3,'laptop',2,'ThinkPad L14 Gen1',7,'2023-03-12 13:09:16','2023-03-12 13:09:16',NULL),(4,'laptop',1,'DA-008ne',7,'2023-03-12 13:12:06','2023-03-12 13:12:06',NULL),(5,'laptop',1,'DA-1885ne',7,'2023-03-12 13:20:24','2023-03-12 13:20:24',NULL),(6,'laptop',1,'DA-1018ne',7,'2023-03-12 13:23:00','2023-03-12 13:23:00',NULL),(7,'laptop',1,'DA-0088ne',7,'2023-03-12 13:26:34','2023-03-12 13:26:34',NULL),(8,'laptop',1,'EliteBook 1020 X2',7,'2023-03-12 13:37:40','2023-03-12 13:37:40',NULL),(9,'laptop',1,'DA-1015ne',7,'2023-03-12 13:43:01','2023-03-12 13:43:01',NULL),(10,'pc',3,'Precision TS5600',7,'2023-03-12 13:45:56','2023-03-12 13:45:56',NULL),(11,'screen',4,'LU28E590DS/ZN',7,'2023-03-12 13:52:14','2023-03-12 13:52:14',NULL),(12,'laptop',2,'ThinkBook 15 G2 ITL',7,'2023-03-12 14:02:19','2023-03-12 14:02:19',NULL),(14,'laptop',1,'Pavilion Gaming 15 DKOxxx',7,'2023-03-12 14:23:01','2023-03-12 14:23:01',NULL),(15,'laptop',1,'DA-2190nia',7,'2023-03-12 14:33:24','2023-03-12 14:33:24',NULL),(16,'laptop',3,'Inspiron 3593',7,'2023-03-12 14:38:36','2023-03-12 14:38:36',NULL),(17,'laptop',1,'BS-033ne',7,'2023-03-12 14:41:54','2023-03-12 14:41:54',NULL),(18,'pc',1,'ProDesk 600 G3',7,'2023-03-12 14:46:08','2023-03-12 14:46:08',NULL),(19,'laptop',2,'IdeaPad 130-151KB',7,'2023-03-12 14:51:10','2023-03-12 14:51:10',NULL),(20,'pc',3,'Intel Xeon 5160',7,'2023-03-12 14:55:39','2023-03-12 14:55:39',NULL),(21,'pc',3,'Precision 490',7,'2023-03-12 14:57:18','2023-03-12 14:57:18',NULL),(22,'laptop',2,'IdeaPad Gaming 3 15IMH05',7,'2023-03-12 15:03:54','2023-03-12 15:03:54',NULL),(23,'screen',1,'ZR2330w',7,'2023-03-12 15:06:39','2023-03-12 15:06:39',NULL),(24,'printer',5,'I-SENSYS MF3010',7,'2023-03-12 15:10:14','2023-03-12 15:10:14',NULL),(25,'pc',1,'Compaq 8000 Elite',7,'2023-03-12 16:20:48','2023-03-12 16:20:48',NULL),(26,'pc',1,'Elite Desk 800',7,'2023-03-12 16:24:49','2023-03-12 16:24:49',NULL),(27,'laptop',1,'250 G3',7,'2023-03-12 16:40:39','2023-03-12 16:40:39',NULL),(28,'laptop',1,'DS-033ne',7,'2023-03-12 16:58:03','2023-03-12 16:58:03',NULL),(29,'pc',1,'ProDesk 600 G2',7,'2023-03-12 17:05:42','2023-03-12 17:05:42',NULL),(30,'laptop',1,'ProBook 450 G7',7,'2023-03-12 17:15:20','2023-03-12 17:15:20',NULL),(31,'printer',5,'i-SENSYS LBP6670dn',7,'2023-03-13 09:06:56','2023-03-13 09:06:56',NULL),(32,'pc',1,'Compaq Elite 8300',7,'2023-03-13 09:12:17','2023-03-13 09:12:17',NULL),(33,'laptop',3,'Insprion 3501',7,'2023-03-13 09:19:12','2023-03-13 09:19:12',NULL),(34,'laptop',1,'Bs-032ne',7,'2023-03-13 09:58:27','2023-03-13 09:58:27',NULL),(35,'screen',3,'LCD',7,'2023-03-13 11:23:36','2023-03-13 11:23:36',NULL),(36,'pc',1,'Z620 Workstation',7,'2023-03-13 11:28:12','2023-03-13 11:28:12',NULL),(37,'pc',3,'Precision Tower 5810',7,'2023-03-13 11:43:44','2023-03-13 11:43:44',NULL),(38,'screen',3,'P1913SB',7,'2023-03-13 11:47:07','2023-03-13 11:47:07',NULL),(39,'printer',5,'I-SENSYS MF237w',7,'2023-03-13 12:11:25','2023-03-13 12:11:25',NULL),(40,'laptop',3,'Latitude 5580',7,'2023-03-13 12:14:49','2023-03-13 12:14:49',NULL),(41,'printer',5,'I-SENSYS MF244dw',7,'2023-03-13 12:56:16','2023-03-13 12:56:16',NULL),(42,'screen',4,'S19B150',7,'2023-03-13 12:58:59','2023-03-13 12:58:59',NULL),(43,'laptop',1,'ENVY X360',7,'2023-03-13 13:02:09','2023-03-13 13:02:09',NULL),(44,'pc',3,'Optiplex 755',7,'2023-03-13 13:29:45','2023-03-13 13:29:45',NULL),(45,'pc',1,'ProDesk 600 G1',7,'2023-03-13 13:32:58','2023-03-13 13:32:58',NULL),(46,'screen',6,'VK228 LCD',7,'2023-03-13 14:05:02','2023-03-13 14:05:02',NULL),(47,'screen',7,'V206HQL',7,'2023-03-13 14:07:02','2023-03-13 14:07:02',NULL),(48,'pc',3,'Optiplex 7010',7,'2023-03-13 14:19:08','2023-03-13 14:19:08',NULL),(49,'laptop',2,'ThinkPad L14 Gen2',2,'2023-03-13 15:50:16','2023-03-13 15:50:16',NULL),(50,'laptop',2,'ThinkPad E590',2,'2023-03-13 16:57:27','2023-03-13 16:57:27',NULL),(51,'laptop',3,'Latitude 3520 - P108F',7,'2023-03-14 09:01:58','2023-03-14 09:01:58',NULL),(52,'screen',3,'LCD 1707FPT',7,'2023-03-14 09:09:52','2023-03-14 09:09:52',NULL),(53,'laptop',2,'ThinkPad T590',7,'2023-03-14 09:18:30','2023-03-14 09:18:30',NULL),(54,'laptop',2,'ThinkBook 14 G2',7,'2023-03-14 09:29:58','2023-03-14 09:29:58',NULL),(55,'laptop',1,'ProBook 440 G7',7,'2023-03-14 09:32:25','2023-03-14 09:32:25',NULL),(57,'printer',1,'LaserJet Pro MFP M125a',7,'2023-03-14 09:46:36','2023-03-14 09:46:36',NULL),(58,'laptop',2,'ThinkPad E15 Gen 2',7,'2023-03-14 10:08:22','2023-03-14 10:08:22',NULL),(59,'pc',1,'ALL In One',7,'2023-03-14 10:12:43','2023-03-14 10:12:43',NULL),(60,'laptop',2,'ThinkBook 14-IIL',7,'2023-03-14 11:19:40','2023-03-14 11:19:40',NULL),(61,'pc',1,'PAVILION 24 ALL-IN-ONE',7,'2023-03-14 11:24:37','2023-03-14 11:24:37',NULL),(62,'pc',1,'PAVILION 27 ALL-IN-ONE',7,'2023-03-14 11:25:06','2023-03-14 11:25:06',NULL),(63,'pc',3,'Precision T3600',7,'2023-03-14 11:33:07','2023-03-14 11:33:07',NULL),(64,'screen',2,'Think Vision LT2252p',7,'2023-03-14 11:43:15','2023-03-14 11:43:15',NULL),(65,'laptop',1,'Da-2000ne',7,'2023-03-14 11:51:30','2023-03-14 11:51:30',NULL),(66,'screen',1,'Compaq LA 2205wg',7,'2023-03-14 12:17:53','2023-03-14 12:17:53',NULL),(67,'screen',1,'Compaq LA 2206x',7,'2023-03-14 12:20:43','2023-03-14 12:20:43',NULL),(68,'laptop',2,'IdeaPad 110-15 ISK',7,'2023-03-14 12:26:55','2023-03-14 12:26:55',NULL),(69,'laptop',1,'DA-2367ne',7,'2023-03-14 13:07:00','2023-03-14 13:07:00',NULL),(70,'screen',1,'Elite Display E222',7,'2023-03-14 13:13:47','2023-03-14 13:13:47',NULL),(71,'pc',3,'Optiplex 5040',7,'2023-03-14 13:17:57','2023-03-14 13:17:57',NULL),(72,'pc',3,'Optiplex 9020',7,'2023-03-14 13:21:35','2023-03-14 13:21:35',NULL),(73,'screen',6,'VS247 LCD',7,'2023-03-14 13:29:46','2023-03-14 13:29:46',NULL),(74,'pc',3,'Optiplex 3010',7,'2023-03-14 13:37:55','2023-03-14 13:37:55',NULL),(75,'laptop',1,'Pavilion x360 - 14-dh1020ne',7,'2023-03-14 14:09:30','2023-03-14 14:09:30',NULL),(76,'pc',3,'Optiplex 3020',7,'2023-03-14 14:15:03','2023-03-14 14:15:03',NULL),(77,'screen',9,'PLL 2210w',7,'2023-03-14 14:35:42','2023-03-14 14:35:42',NULL),(78,'pc',1,'Pro 3500 Microtower',7,'2023-03-14 14:40:26','2023-03-14 14:40:26',NULL),(79,'laptop',3,'Latitude 3510',7,'2023-03-14 14:53:44','2023-03-14 14:53:44',NULL),(80,'laptop',1,'15-DW3012ne',7,'2023-03-14 15:06:03','2023-03-14 15:06:03',NULL),(81,'pc',10,'24‑inch iMac A2438',7,'2023-03-14 15:17:52','2023-03-14 15:17:52',NULL),(82,'printer',1,'LaserJet Pro MFP M26nw',7,'2023-03-14 15:30:34','2023-03-14 15:30:34',NULL),(83,'printer',1,'DeskJet Ink Advantage 2135',7,'2023-03-14 15:36:08','2023-03-14 15:36:08',NULL),(84,'printer',1,'LaserJet Pro M1132',7,'2023-03-14 15:39:12','2023-03-14 15:39:12',NULL),(85,'laptop',2,'ThinkPad TP00116D',7,'2023-03-15 12:41:48','2023-03-15 12:41:48',NULL),(86,'laptop',1,'250 G6',7,'2023-03-15 13:19:53','2023-03-15 13:19:53',NULL),(87,'screen',1,'Compaq LA 1951g',7,'2023-03-15 13:29:29','2023-03-15 13:29:29',NULL),(88,'screen',3,'Moudel No. 1905 FP',7,'2023-03-15 13:39:48','2023-03-15 13:39:48',NULL),(89,'printer',1,'LaserJet Pro P1102',7,'2023-03-15 13:42:24','2023-03-15 13:42:24',NULL),(90,'laptop',3,'Inspiron 3581',7,'2023-03-15 14:00:20','2023-03-15 14:00:20',NULL),(91,'printer',11,'Color L3150 WiFi',7,'2023-03-15 14:08:40','2023-03-15 14:08:40',NULL),(92,'laptop',1,'ProBook 650 G4',7,'2023-03-15 14:11:19','2023-03-15 14:11:19',NULL),(93,'laptop',2,'IdeaPad 3 15IML05',7,'2023-03-15 15:16:46','2023-03-15 15:16:46',NULL),(94,'laptop',1,'Da-2328ne',7,'2023-03-15 15:20:17','2023-03-15 15:20:17',NULL),(95,'printer',1,'LaserJet Pro MFP M28a',7,'2023-03-15 15:23:39','2023-03-15 15:23:39',NULL),(96,'pc',3,'Precision Tower 7810',7,'2023-03-15 15:46:17','2023-03-15 15:46:17',NULL),(97,'laptop',3,'Inspiron 3537',7,'2023-03-18 11:58:03','2023-03-18 11:58:03',NULL),(98,'laptop',1,'BS-110ne',7,'2023-03-18 12:02:15','2023-03-18 12:02:15',NULL),(99,'screen',1,'LV1911 LED backlit LCD',7,'2023-03-18 12:23:55','2023-03-18 12:23:55',NULL),(100,'laptop',1,'DA-2374ne',7,'2023-03-18 12:33:28','2023-03-18 12:33:28',NULL),(101,'laptop',2,'IdeaPad 320',7,'2023-03-22 14:54:07','2023-03-22 14:54:07',NULL),(102,'laptop',1,'DA-0091ne',7,'2023-03-25 10:58:36','2023-03-25 10:58:36',NULL),(103,'laptop',1,'DA-0122ne',7,'2023-03-25 12:34:47','2023-03-25 12:34:47',NULL),(104,'laptop',1,'Pavilion',7,'2023-03-25 12:47:27','2023-03-25 12:47:27',NULL),(105,'pc',1,'Z440  Workstation',7,'2023-03-26 10:40:49','2023-03-26 10:40:49',NULL),(106,'screen',3,'P2317Hb',7,'2023-03-26 10:51:41','2023-03-26 10:51:41',NULL),(107,'laptop',1,'Elitebook 850 G2',7,'2023-03-27 12:13:35','2023-03-27 12:13:35',NULL),(108,'pc',2,'ThinkCentre M Series',7,'2023-03-28 12:28:40','2023-03-28 12:28:40',NULL),(109,'screen',3,'HSTND-2H01',7,'2023-03-28 12:39:17','2023-03-28 12:39:17',NULL),(110,'laptop',3,'Inspiron 3878',7,'2023-03-28 12:58:29','2023-03-28 12:58:29',NULL),(111,'pc',3,'OptiPlex 3040',7,'2023-03-28 13:06:53','2023-03-28 13:06:53',NULL),(112,'screen',1,'ProDisplay P221',7,'2023-03-28 13:12:23','2023-03-28 13:12:23',NULL),(113,'laptop',1,'RTL8822BE',7,'2023-05-02 09:09:43','2023-05-02 09:09:43',NULL),(114,'pc',1,'Z420 Workstation',7,'2023-05-02 09:56:20','2023-05-02 09:56:20',NULL),(115,'screen',3,'U2312HMt',7,'2023-05-02 10:09:22','2023-05-02 10:09:22',NULL),(116,'laptop',1,'DW2072ne',7,'2023-05-02 13:20:13','2023-05-02 13:20:13',NULL),(117,'screen',1,'Compaq LA2306x',7,'2023-05-03 11:11:33','2023-05-03 11:11:33',NULL),(118,'screen',2,'L2251x',7,'2023-05-08 09:36:04','2023-05-08 09:36:04',NULL),(119,'laptop',10,'MacBook Air',7,'2023-05-08 12:11:46','2023-05-08 12:11:46',NULL),(120,'screen',3,'1905FP',7,'2023-05-09 08:16:28','2023-05-09 08:16:28',NULL),(121,'printer',1,'LaserJet M2121nf',7,'2023-05-09 08:27:50','2023-05-09 08:27:50',NULL),(122,'laptop',2,'ThinkPad E14 Gen 2',7,'2023-05-09 14:46:14','2023-05-09 14:46:14',NULL),(123,'printer',1,'LaserJet Pro MFP M127fn',7,'2023-05-14 10:42:06','2023-05-14 10:42:06',NULL),(124,'laptop',3,'Vostro 15 3000',7,'2023-05-14 14:02:41','2023-05-14 14:02:41',NULL),(125,'laptop',3,'Precision 7520',7,'2023-05-15 14:31:31','2023-05-15 14:31:31',NULL),(126,'pc',3,'Precision Tower 7910',7,'2023-05-20 08:16:12','2023-05-20 08:16:12',NULL),(127,'pc',3,'PowerEdge R910',8,'2023-05-28 13:53:13','2023-05-28 13:53:13',NULL),(128,'pc',3,'Optiplex 745',12,'2023-05-29 14:28:23','2023-05-29 14:28:23',NULL),(129,'pc',3,'Optiplex 780',12,'2023-05-29 14:40:41','2023-05-29 14:40:41',NULL),(130,'laptop',3,'Inspiron 3521',12,'2023-05-29 14:43:47','2023-05-29 14:43:47',NULL),(131,'pc',1,'ProLiant ML310 G5p',12,'2023-05-29 14:58:34','2023-05-29 14:58:34',NULL),(132,'pc',3,'Precision WorkStation T7400',12,'2023-05-29 15:09:09','2023-05-29 15:09:09',NULL),(133,'pc',1,'proliant DL380 G7',5,'2023-05-29 15:21:33','2023-05-29 15:21:33',NULL),(134,'pc',1,'power edage r720',5,'2023-05-29 15:40:16','2023-05-29 15:40:16',NULL),(135,'screen',4,'LS19B150',12,'2023-05-30 08:54:13','2023-05-30 08:54:13',NULL),(136,'router',12,'C1128-8PLTEP',12,'2023-05-30 09:05:05','2023-05-30 09:05:05',NULL),(138,'switch',14,'GS724T',12,'2023-05-30 09:16:43','2023-05-30 09:16:43',NULL),(139,'switch',14,'FSM7328S',12,'2023-05-30 09:22:26','2023-05-30 09:22:26',NULL),(140,'screen',4,'S19C150N',12,'2023-05-30 09:27:14','2023-05-30 09:27:14',NULL),(141,'modem',13,'HG630V2',12,'2023-05-30 09:30:08','2023-05-30 09:30:08',NULL),(142,'laptop',1,'15-ay019ne',12,'2023-05-30 09:45:47','2023-05-30 09:45:47',NULL),(143,'access_point',15,'TL-WA701ND V2.2',12,'2023-05-30 09:48:07','2023-05-30 09:48:07',NULL),(144,'modem',13,'B311s-220',12,'2023-05-30 09:49:33','2023-05-30 09:49:33',NULL),(145,'switch',15,'TL-SF1005D',12,'2023-05-30 09:52:08','2023-05-30 09:52:08',NULL),(146,'switch',15,'TL-SF1008D',12,'2023-05-30 09:54:52','2023-05-30 09:54:52',NULL),(147,'switch',16,'ST3105S',12,'2023-05-30 09:57:55','2023-05-30 09:57:55',NULL),(148,'pc',1,'Compaq Elite 8300 MT',12,'2023-05-30 10:02:35','2023-05-30 10:02:35',NULL),(149,'access_point',17,'LAPAC1300C V1',12,'2023-05-30 10:27:21','2023-05-30 10:27:21',NULL),(150,'screen',4,'S19C150F',12,'2023-05-30 11:00:40','2023-05-30 11:00:40',NULL),(151,'access_point',15,'TL-WA801ND V2.1',12,'2023-05-30 11:04:32','2023-05-30 11:04:32',NULL),(152,'pc',1,'ProDesk 400 G4',2,'2023-05-30 12:07:15','2023-05-30 12:07:15',NULL),(153,'pc',1,'Compaq Pro 6300 MT',2,'2023-05-30 12:39:39','2023-05-30 12:39:39',NULL),(154,'access_point',18,'APIN0303',7,'2023-05-30 13:13:30','2023-05-30 13:13:30',NULL),(155,'printer',8,'GK420t',7,'2023-05-30 13:35:46','2023-05-30 13:35:46',NULL),(156,'printer',8,'ZD220t',7,'2023-05-30 13:38:47','2023-05-30 13:38:47',NULL),(157,'pc',3,'OptiPlex 7040',2,'2023-05-30 15:22:50','2023-05-30 15:22:50',NULL),(158,'screen',4,'LS22F350FHMXZN',2,'2023-05-30 16:06:13','2023-05-30 16:06:13',NULL),(159,'pc',1,'Compaq Elite 8300 SFF',2,'2023-05-30 16:12:18','2023-05-30 16:12:18',NULL),(160,'screen',4,'S19B300B',2,'2023-05-30 16:32:11','2023-05-30 16:32:11',NULL),(161,'screen',4,'S19B150N',2,'2023-05-30 16:32:27','2023-05-30 16:32:27',NULL),(162,'laptop',1,'15-bs0xx',2,'2023-05-30 16:35:34','2023-05-30 16:35:34',NULL),(163,'laptop',1,'Zbook 15u G5',2,'2023-05-30 16:39:46','2023-05-30 16:39:46',NULL),(164,'pc',1,'Pro 3500 G2',2,'2023-05-30 17:13:32','2023-05-30 17:13:32',NULL),(165,'pc',1,'EliteDesk 800 G2',2,'2023-05-30 17:17:05','2023-05-30 17:17:05',NULL),(166,'screen',1,'EliteDisplay E222',2,'2023-05-30 17:19:11','2023-05-30 17:19:11',NULL),(167,'screen',3,'P2417H',2,'2023-05-30 17:20:11','2023-05-30 17:20:11',NULL),(168,'screen',1,'V193',2,'2023-05-30 17:23:40','2023-05-30 17:23:40',NULL),(169,'pc',1,'ProDesk 400 G3',2,'2023-05-30 17:29:24','2023-05-30 17:29:24',NULL),(170,'screen',3,'P2214H',2,'2023-05-30 17:37:41','2023-05-30 17:37:41',NULL),(171,'screen',3,'E1910',2,'2023-05-30 17:41:45','2023-05-30 17:41:45',NULL),(172,'access_point',15,'TL-WR840N',2,'2023-05-30 17:51:19','2023-05-30 17:51:19',NULL),(174,'access_point',15,'TL-WA901ND',2,'2023-05-31 09:12:15','2023-05-31 09:12:15',NULL),(175,'access_point',15,'TL-WR841N',2,'2023-05-31 09:51:52','2023-05-31 09:51:52',NULL),(176,'access_point',13,'HG231f',2,'2023-05-31 09:58:16','2023-05-31 09:58:16',NULL),(177,'modem',17,'X1000',2,'2023-05-31 11:03:00','2023-05-31 11:03:00',NULL),(178,'modem',13,'HG532s',2,'2023-05-31 11:05:36','2023-05-31 11:05:36',NULL),(179,'screen',1,'LP2065',2,'2023-05-31 11:32:06','2023-05-31 11:32:06',NULL),(180,'switch',19,'DGS-1016D',2,'2023-05-31 11:37:28','2023-05-31 11:37:28',NULL),(181,'modem',15,'Archer VR400',2,'2023-05-31 11:40:05','2023-05-31 11:40:05',NULL),(182,'modem',20,'AS2451',2,'2023-05-31 11:42:05','2023-05-31 11:42:05',NULL),(183,'switch',17,'LGS124',2,'2023-05-31 11:46:11','2023-05-31 11:46:11',NULL),(184,'printer',5,'I-SENSYS MF217w',2,'2023-05-31 11:55:39','2023-05-31 11:55:39',NULL),(185,'printer',1,'LaserJet Pro MFP M428dw',2,'2023-05-31 11:58:41','2023-05-31 11:58:41',NULL),(186,'printer',5,'ImageClass MF237w',2,'2023-05-31 12:03:19','2023-05-31 12:03:19',NULL),(187,'printer',1,'Laserjet M1212nf MFP',2,'2023-05-31 12:06:57','2023-05-31 12:06:57',NULL),(188,'printer',1,'Deskjet1510',2,'2023-05-31 12:14:10','2023-05-31 12:14:10',NULL),(189,'printer',11,'L3050',2,'2023-05-31 12:15:05','2023-05-31 12:15:05',NULL),(190,'printer',5,'I-SENSYS MF443dw',2,'2023-05-31 12:16:50','2023-05-31 12:16:50',NULL),(191,'printer',8,'DS2208',1,'2023-05-31 12:56:48','2023-05-31 12:56:48',NULL),(192,'switch',14,'FS750T2',2,'2023-05-31 15:28:13','2023-05-31 15:28:13',NULL),(193,'switch',12,'Catalyst 2960 Series',2,'2023-05-31 15:29:28','2023-05-31 15:29:28',NULL),(194,'switch',19,'DGS-1008A',2,'2023-05-31 15:33:31','2023-05-31 15:33:31',NULL),(195,'switch',12,'SG350-52',2,'2023-05-31 15:52:17','2023-05-31 15:52:17',NULL),(196,'switch',12,'Catalyst 3560G Series',2,'2023-05-31 16:16:30','2023-05-31 16:16:30',NULL),(197,'modem',13,'B310s-22',2,'2023-05-31 16:23:57','2023-05-31 16:23:57',NULL),(198,'pc',3,'Percision T3610',11,'2023-06-01 06:14:38','2023-06-01 06:14:38',NULL),(199,'screen',21,'VA2252Sm',12,'2023-06-01 08:48:53','2023-06-01 08:48:53',NULL),(200,'screen',3,'1909WF',12,'2023-06-01 09:06:00','2023-06-01 09:06:00',NULL),(201,'printer',4,'SCX- 5835FN',12,'2023-06-01 09:15:28','2023-06-01 09:15:28',NULL),(203,'switch',19,'DGS-F1026P-E',12,'2023-06-01 10:16:34','2023-06-01 10:16:34',NULL),(204,'switch',19,'DGS-108',12,'2023-06-01 10:19:40','2023-06-01 10:19:40',NULL),(205,'printer',1,'DeskJet 1050A',12,'2023-06-01 11:18:49','2023-06-01 11:18:49',NULL),(206,'PC',1,'Z800 Workstation',2,'2023-06-01 14:31:05','2023-06-01 14:31:05',NULL),(207,'laptop',1,'Probook 4540 s',11,'2023-06-03 08:47:46','2023-06-03 08:47:46',NULL),(208,'laptop',1,'250 G7',11,'2023-06-03 09:02:36','2023-06-03 09:02:36',NULL),(209,'pc',1,'Prodesk',11,'2023-06-03 09:19:50','2023-06-03 09:19:50',NULL),(210,'laptop',1,'notebook',11,'2023-06-03 09:27:20','2023-06-03 09:27:20',NULL),(211,'laptop',3,'inspiron 15 3000',11,'2023-06-03 09:29:53','2023-06-03 09:29:53',NULL),(212,'laptop',1,'15-da0122na',11,'2023-06-03 09:33:10','2023-06-03 09:33:10',NULL),(213,'laptop',1,'15-bs032ne',11,'2023-06-03 09:52:10','2023-06-03 09:52:10',NULL),(216,'switch',14,'JFS524',5,'2023-06-03 14:50:56','2023-06-03 14:50:56',NULL),(217,'modem',13,'ZXHN H188A',1,'2023-06-03 14:59:57','2023-06-03 14:59:57',NULL),(218,'modem',23,'Echolife DG80',1,'2023-06-03 15:05:03','2023-06-03 15:05:03',NULL),(219,'switch',12,'Catalyst 3750',5,'2023-06-03 15:23:01','2023-06-03 15:23:01',NULL),(220,'switch',14,'JFS516',5,'2023-06-03 15:30:45','2023-06-03 15:30:45',NULL),(221,'printer',11,'l220',5,'2023-06-04 08:52:01','2023-06-04 08:52:01',NULL),(222,'printer',25,'TP-9200',5,'2023-06-04 09:00:44','2023-06-04 09:00:44',NULL),(223,'screen',21,'VE702m',11,'2023-06-04 10:07:38','2023-06-04 10:07:38',NULL),(224,'screen',4,'S19D300NY',11,'2023-06-04 10:17:18','2023-06-04 10:17:18',NULL),(225,'screen',1,'V221',11,'2023-06-04 10:20:09','2023-06-04 10:20:09',NULL),(226,'printer',1,'MF212W',5,'2023-06-04 10:46:41','2023-06-04 10:46:41',NULL),(227,'printer',11,'l3150',5,'2023-06-04 10:48:20','2023-06-04 10:48:20',NULL),(228,'printer',1,'MF237W',5,'2023-06-04 10:56:19','2023-06-04 10:56:19',NULL),(229,'printer',1,'LaserJet 1018',5,'2023-06-04 10:58:08','2023-06-04 10:58:08',NULL),(230,'access_point',15,'ARCHER C50',5,'2023-06-04 11:00:45','2023-06-04 11:00:45',NULL),(231,'screen',1,'20555 SH249',11,'2023-06-04 11:30:05','2023-06-04 11:30:05',NULL),(232,'screen',4,'S14B150',5,'2023-06-04 15:22:54','2023-06-04 15:22:54',NULL),(233,'screen',3,'P2210F',5,'2023-06-04 15:26:03','2023-06-04 15:26:03',NULL),(234,'screen',1,'LE1901W',5,'2023-06-04 15:28:11','2023-06-04 15:28:11',NULL),(235,'screen',4,'S22D300',5,'2023-06-04 15:42:50','2023-06-04 15:42:50',NULL),(236,'screen',1,'HPL19509',5,'2023-06-04 15:58:23','2023-06-04 15:58:23',NULL),(237,'pc',1,'COMPAQ6005',5,'2023-06-04 16:02:09','2023-06-04 16:02:09',NULL),(238,'laptop',2,'V14-IIL',7,'2023-06-05 08:06:43','2023-06-05 08:06:43',NULL),(239,'pc',1,'Compaq Elite 8300 CMT',2,'2023-06-06 11:10:25','2023-06-06 11:10:25',NULL),(240,'screen',21,'S14589',5,'2023-06-06 13:08:11','2023-06-06 13:08:11',NULL),(241,'screen',3,'P2312H',2,'2023-06-06 15:29:24','2023-06-06 15:29:24',NULL),(242,'screen',21,'VS16197',7,'2023-06-07 08:11:19','2023-06-07 08:11:19',NULL),(243,'laptop',10,'IPad Pro 12.9 Inch 4th Gen',7,'2023-06-07 08:14:24','2023-06-07 08:14:24',NULL),(244,'screen',3,'P2213',2,'2023-06-08 08:44:08','2023-06-08 08:44:08',NULL),(245,'switch',1,'JD994A',2,'2023-06-08 12:51:11','2023-06-08 12:51:11',NULL),(246,'screen',3,'P2212H',2,'2023-06-09 13:23:04','2023-06-09 13:23:04',NULL),(247,'laptop',26,'SATELLITE C50-A412',5,'2023-06-10 15:10:26','2023-06-10 15:10:26',NULL),(248,'laptop',1,'15DW2XXX',5,'2023-06-10 16:27:37','2023-06-10 16:27:37',NULL),(249,'laptop',1,'Pro Book 650 G3',7,'2023-06-14 07:53:52','2023-06-14 07:53:52',NULL),(250,'laptop',1,'ProBook 650 G5',7,'2023-06-14 08:10:13','2023-06-14 08:10:13',NULL),(251,'pc',1,'compaq6200pro',14,'2023-06-17 09:38:48','2023-06-17 09:38:48',NULL),(252,'PC',3,'R515',14,'2023-06-17 10:27:38','2023-06-17 10:27:38',NULL),(253,'PC',3,'R620',14,'2023-06-17 10:36:51','2023-06-17 10:36:51',NULL),(254,'laptop',1,'250 G8',7,'2023-06-17 13:16:09','2023-06-17 13:16:09',NULL),(255,'printer',27,'QuickScan Q02430',7,'2023-06-17 14:42:01','2023-06-17 14:42:01',NULL),(256,'modem',28,'B535-933',7,'2023-06-17 14:49:55','2023-06-17 14:49:55',NULL),(257,'printer',8,'LS2208',2,'2023-06-20 10:43:25','2023-06-20 10:43:25',NULL),(258,'laptop',1,'Pavilion DY0009NE',7,'2023-06-26 12:35:46','2023-06-26 12:35:46',NULL),(259,'laptop',1,'HP Laptop 15-bs0xx',9,'2023-07-05 13:02:26','2023-07-05 13:02:26',NULL),(260,'pc',1,'V 193 MONITOR',4,'2023-07-12 14:26:30','2023-07-12 14:26:30',NULL),(261,'screen',2,'THINK VISION E2223S',4,'2023-07-14 13:11:36','2023-07-14 13:11:36',NULL),(262,'laptop',4,'S8 Ultra',15,'2023-07-24 16:01:23','2023-07-24 16:01:23',NULL),(263,'laptop',4,'S8-Ultra',15,'2023-07-24 16:02:25','2023-07-24 16:02:25',NULL),(264,'laptop',1,'HP ENVY x360 3-in 1 13-bf0xxx',16,'2023-08-27 12:16:23','2023-08-27 12:16:23',NULL),(265,'laptop',1,'15-da2xxx',16,'2023-09-06 12:06:25','2023-09-06 12:06:25',NULL),(266,'laptop',1,'15 da2xxx',16,'2023-09-06 12:07:30','2023-09-06 12:07:30',NULL),(267,'laptop',3,'Latitude 5501',19,'2023-10-12 08:04:23','2023-10-12 08:04:23',NULL),(268,'pc',29,'lenovo legion 5 pro',16,'2023-10-17 13:38:28','2023-10-17 13:38:28',NULL),(269,'pc',1,'hp 600 G2 prodesk',16,'2023-10-19 12:26:00','2023-10-19 12:26:00',NULL),(270,'screen',7,'P223W',2,'2023-10-25 15:27:53','2023-10-25 15:27:53',NULL),(271,'printer',26,'e-Studio385S',2,'2023-11-03 13:40:59','2023-11-03 13:40:59',NULL),(272,'switch',12,'SF100D-08 v2',2,'2023-12-15 14:25:07','2023-12-15 14:25:07',NULL),(273,'pc',3,'OptiPlex 760',2,'2023-12-25 14:15:29','2023-12-25 14:15:29',NULL),(274,'printer',30,'Africio 1515 MF',2,'2023-12-25 14:48:10','2023-12-25 14:48:10',NULL),(275,'modem',19,'DSL-2730U',2,'2023-12-25 15:06:07','2023-12-25 15:06:07',NULL),(276,'modem',13,'DN8245V',2,'2023-12-25 15:07:01','2023-12-25 15:07:01',NULL),(277,'PC',3,'Precision WorkStation T5400',2,'2023-12-25 15:30:10','2023-12-25 15:30:10',NULL),(278,'laptop',3,'Percision 3540',19,'2024-01-29 13:14:38','2024-01-29 13:14:38',NULL),(279,'laptop',1,'15-DA0XXX',16,'2024-01-30 11:25:21','2024-01-30 11:25:21',NULL),(280,'laptop',3,'PRECISION 3540',16,'2024-01-30 11:27:53','2024-01-30 11:27:53',NULL),(281,'laptop',2,'Thinkpad L14 Gen3',16,'2024-01-30 16:32:15','2024-01-30 16:32:15',NULL);
/*!40000 ALTER TABLE `inventory_models` ENABLE KEYS */;
UNLOCK TABLES;

--
-- Table structure for table `laptops_inventory`
--

DROP TABLE IF EXISTS `laptops_inventory`;
/*!40101 SET @saved_cs_client     = @@character_set_client */;
/*!40101 SET character_set_client = utf8 */;
CREATE TABLE `laptops_inventory` (
  `id` int(10) unsigned NOT NULL AUTO_INCREMENT,
  `serial_number` varchar(50) NOT NULL,
  `model_id` int(10) unsigned NOT NULL,
  `cpu_id` int(10) unsigned NOT NULL,
  `gpu1_id` int(10) unsigned NOT NULL,
  `gpu2_id` int(10) unsigned NOT NULL,
  `hdd_storage` int(11) NOT NULL,
  `ssd_storage` int(11) NOT NULL,
  `screen_inch` float NOT NULL,
  `ram` varchar(50) NOT NULL,
  `os_id` int(10) unsigned NOT NULL,
  `site_activity_id` int(10) unsigned NOT NULL,
  `flag_id` int(10) unsigned NOT NULL,
  `employee_id` int(10) unsigned DEFAULT NULL,
  `created_by` bigint(20) unsigned NOT NULL,
  `created_at` timestamp NULL DEFAULT NULL,
  `updated_at` timestamp NULL DEFAULT NULL,
  `deleted_at` timestamp NULL DEFAULT NULL,
  PRIMARY KEY (`id`),
  UNIQUE KEY `serial_number` (`serial_number`),
  KEY `laptops_created_by_fk` (`created_by`),
  KEY `laptops_site_activity_id_fk` (`site_activity_id`),
  KEY `laptops_cpu_id_fk` (`cpu_id`),
  KEY `laptops_gpu1_id_fk` (`gpu1_id`),
  KEY `laptops_gpu2_id_fk` (`gpu2_id`),
  KEY `laptops_flag_id_fk` (`flag_id`),
  KEY `laptops_os_fk` (`os_id`),
  KEY `laptops_model_id_fk` (`model_id`),
  KEY `laptops_employee_id_fk` (`employee_id`),
  CONSTRAINT `laptops_cpu_id_fk` FOREIGN KEY (`cpu_id`) REFERENCES `cpu_tb` (`id`),
  CONSTRAINT `laptops_created_by_fk` FOREIGN KEY (`created_by`) REFERENCES `users` (`id`),
  CONSTRAINT `laptops_employee_id_fk` FOREIGN KEY (`employee_id`) REFERENCES `employees` (`id`) ON DELETE NO ACTION ON UPDATE NO ACTION,
  CONSTRAINT `laptops_flag_id_fk` FOREIGN KEY (`flag_id`) REFERENCES `flags` (`id`),
  CONSTRAINT `laptops_gpu1_id_fk` FOREIGN KEY (`gpu1_id`) REFERENCES `gpu_tb` (`id`),
  CONSTRAINT `laptops_gpu2_id_fk` FOREIGN KEY (`gpu2_id`) REFERENCES `gpu_tb` (`id`),
  CONSTRAINT `laptops_model_id_fk` FOREIGN KEY (`model_id`) REFERENCES `inventory_models` (`id`) ON DELETE NO ACTION ON UPDATE NO ACTION,
  CONSTRAINT `laptops_os_fk` FOREIGN KEY (`os_id`) REFERENCES `operating_systems` (`id`),
  CONSTRAINT `laptops_site_activity_id_fk` FOREIGN KEY (`site_activity_id`) REFERENCES `sites_activities` (`id`)
) ENGINE=InnoDB AUTO_INCREMENT=237 DEFAULT CHARSET=utf8 COLLATE=utf8_unicode_ci;
/*!40101 SET character_set_client = @saved_cs_client */;

--
-- Dumping data for table `laptops_inventory`
--

LOCK TABLES `laptops_inventory` WRITE;
/*!40000 ALTER TABLE `laptops_inventory` DISABLE KEYS */;
INSERT INTO `laptops_inventory` VALUES (1,'CND84901PX',1,1,2,3,1000,0,15,'8 GB',1,21,2,1989,1,'2023-03-12 12:54:02','2023-12-21 12:23:51',NULL),(2,'CNDO127B9B',2,2,2,1,0,500,15,'8 GB',1,1,1,NULL,7,'2023-03-12 13:07:23','2023-03-12 13:07:23',NULL),(3,'ATTGU781',3,2,2,1,0,500,14,'16 GB',1,1,1,NULL,7,'2023-03-12 13:10:57','2023-03-12 13:10:57',NULL),(4,'CND9053G7D',1,3,2,1,0,500,15,'12 GB',1,9,2,1938,9,'2023-03-12 13:14:05','2023-07-18 18:05:03',NULL),(5,'Q49SKDN6',3,2,2,1,0,500,14,'16 GB',1,1,2,1313,7,'2023-03-12 13:18:51','2023-05-02 15:00:01',NULL),(6,'CND9452LCS',5,2,2,1,1000,0,15,'8 GB',1,1,1,NULL,7,'2023-03-12 13:22:11','2023-03-12 13:22:11',NULL),(7,'CND849028P',1,2,2,3,0,500,15,'8 GB',1,9,2,1941,9,'2023-03-12 13:24:10','2023-07-11 11:38:33',NULL),(8,'CND9053G82',1,3,2,1,0,500,15,'12 GB',1,9,2,1943,9,'2023-03-12 13:27:57','2023-07-08 20:29:57',NULL),(9,'CNDO1278JD',2,2,2,1,500,0,15,'8 GB',1,1,1,NULL,7,'2023-03-12 13:33:14','2023-03-12 13:33:14',NULL),(10,'5CG8263PVD',8,4,2,1,0,250,12.5,'16 GB',1,1,2,872,15,'2023-03-12 13:41:39','2023-07-19 14:11:12',NULL),(11,'CND8485RP4',9,4,2,1,0,500,15,'8 GB',1,1,1,NULL,7,'2023-03-12 13:43:50','2023-03-12 13:43:50',NULL),(12,'CND84901M5',6,1,2,3,1000,0,15,'8 GB',1,25,2,812,7,'2023-03-12 13:55:06','2023-04-18 11:24:50',NULL),(13,'MP260ZEB',12,6,2,8,1000,0,15,'8 GB',2,1,2,961,7,'2023-03-12 14:05:34','2023-05-02 09:48:54',NULL),(14,'CNDO12798X',2,2,2,1,0,500,15,'8 GB',1,1,1,NULL,7,'2023-03-12 14:12:18','2023-05-13 14:03:55','2023-05-13 14:03:55'),(15,'1A2E1UA#ABA',14,8,2,1,1000,250,15,'8 GB',1,1,1,NULL,7,'2023-03-12 14:25:56','2023-03-12 14:25:56',NULL),(16,'CND0179KF',2,2,2,1,1000,0,15,'8 GB',1,1,1,NULL,7,'2023-03-12 14:31:11','2023-03-12 14:31:11',NULL),(17,'CND0127B56',2,2,2,1,1000,0,15,'8 GB',1,1,2,1201,1,'2023-03-12 14:32:20','2023-03-27 14:17:53',NULL),(18,'CND0127GJZ',15,2,2,3,1000,0,15,'8 GB',1,1,2,107,16,'2023-03-12 14:37:25','2024-01-09 13:53:26',NULL),(19,'BKV7J33',16,9,2,1,0,500,15,'8 GB',1,1,2,765,7,'2023-03-12 14:40:28','2023-03-25 12:54:44',NULL),(20,'CND8245XVV',17,11,2,1,0,0,15,'12 GB',1,1,1,NULL,7,'2023-03-12 14:43:57','2023-03-12 14:43:57',NULL),(21,'MB1KNC89',19,3,2,1,0,500,15,'8 GB',1,1,1,NULL,7,'2023-03-12 14:52:08','2023-03-12 14:52:08',NULL),(22,'CND8245XZS',17,11,2,1,500,0,15,'4 GB',1,1,1,NULL,7,'2023-03-12 14:54:12','2023-03-12 14:54:12',NULL),(23,'PF2V62K8',22,4,2,29,1000,256,15,'16 GB',1,1,2,1988,15,'2023-03-12 15:05:16','2023-12-12 13:56:07',NULL),(24,'CND0127N02',2,2,2,3,1000,0,15,'8 GB',1,1,2,965,7,'2023-03-12 15:14:28','2023-05-03 13:09:58',NULL),(25,'CND8245XYV',9,11,2,15,500,0,15,'4 GB',1,1,2,1268,7,'2023-03-12 16:18:45','2023-05-03 13:02:25',NULL),(26,'Q8WLZEST',3,2,2,1,0,500,14,'16 GB',2,1,2,1120,16,'2023-03-12 16:36:09','2024-01-30 16:53:15',NULL),(27,'Q8SUWJ7H',3,2,2,1,0,500,14,'16 GB',2,1,2,1236,7,'2023-03-12 16:37:37','2023-05-03 10:59:58',NULL),(28,'MP26137Q',12,6,2,1,1000,0,15,'8 GB',1,1,2,1959,16,'2023-03-12 16:39:03','2023-09-06 11:34:22',NULL),(29,'CND4521J1P',27,16,2,1,160,0,15,'4 GB',1,1,2,361,7,'2023-03-12 16:42:40','2023-05-31 08:28:13',NULL),(30,'CND01278J7',2,2,2,1,1000,0,15,'8 GB',1,1,1,NULL,7,'2023-03-12 16:52:59','2023-03-12 16:52:59',NULL),(31,'CND8245Y3G',28,11,2,1,500,0,15,'12 GB',1,1,1,NULL,7,'2023-03-12 17:00:37','2023-03-12 17:00:37',NULL),(32,'CND8457JT5',1,11,2,1,500,0,15.6,'12 GB',1,9,2,1942,9,'2023-03-12 17:03:45','2023-07-11 11:40:20',NULL),(33,'5CD02866BZ',30,4,2,1,0,500,15,'8 GB',2,1,2,1964,16,'2023-03-12 17:17:28','2023-09-12 14:16:47',NULL),(34,'44GS983',33,9,2,1,1000,0,15,'4 GB',1,1,2,1614,7,'2023-03-13 09:21:57','2023-05-03 14:52:46',NULL),(35,'CND01278JS',2,2,2,3,1000,0,15,'8 GB',1,1,2,579,7,'2023-03-13 09:24:39','2023-06-14 14:45:07',NULL),(36,'CND01279YO',2,2,2,3,1000,0,15,'8 GB',1,1,1,NULL,7,'2023-03-13 09:28:49','2023-06-24 09:04:49',NULL),(37,'CND8101SNH',34,11,2,1,500,0,15,'8 GB',1,1,2,1965,19,'2023-03-13 09:59:33','2023-09-18 11:53:30',NULL),(38,'CND70130J6',210,18,2,16,500,0,15,'4 GB',1,9,2,1940,9,'2023-03-13 10:02:23','2023-07-08 20:09:24',NULL),(39,'CND0127MQW',2,2,2,3,1000,0,15,'8 GB',1,1,2,98,7,'2023-03-13 11:07:20','2023-05-08 08:13:49',NULL),(40,'VNC6C76309',34,11,2,1,500,0,15,'4 GB',1,1,1,NULL,7,'2023-03-13 11:10:03','2023-03-13 11:10:03',NULL),(41,'5CG8243KFK',8,2,2,1,0,250,12.5,'16 GB',1,1,1,NULL,7,'2023-03-13 11:17:29','2023-03-13 11:17:29',NULL),(42,'5CD02866W1',30,4,2,6,1000,256,15,'16 GB',2,1,2,1426,15,'2023-03-13 11:19:48','2023-07-19 14:16:02',NULL),(43,'CND9248R6X',5,1,2,3,1000,0,15,'16 GB',1,1,2,536,7,'2023-03-13 11:21:48','2023-05-07 14:24:23',NULL),(44,'95030622135',40,21,2,4,0,512,15.6,'16 GB',1,1,1,NULL,7,'2023-03-13 12:20:20','2023-03-13 12:20:20',NULL),(45,'CND8083KQ1',17,11,2,17,500,0,15,'12 GB',1,1,2,340,7,'2023-03-13 12:24:06','2023-05-07 12:12:37',NULL),(46,'CND01278NC',2,2,2,3,1000,0,15,'8 GB',1,1,2,425,7,'2023-03-13 12:27:28','2023-05-03 08:54:34',NULL),(47,'CND8457GN7',7,3,2,1,1000,0,15,'8 GB',1,1,1,NULL,7,'2023-03-13 12:31:49','2023-03-13 12:31:49',NULL),(48,'8CG9321MDR',43,22,2,1,1000,256,15.6,'16 GB',1,1,1,NULL,7,'2023-03-13 13:05:19','2023-03-13 13:05:19',NULL),(49,'CND8245XSV',17,11,2,1,500,0,15,'12 GB',1,1,1,NULL,7,'2023-03-13 13:10:51','2023-03-13 13:10:51',NULL),(50,'3168NGW',17,11,2,1,500,0,15,'4 GB',1,1,1,NULL,7,'2023-03-13 13:12:57','2023-03-13 13:12:57',NULL),(51,'MP1KNC89',19,3,2,9,0,480,15,'8 GB',1,1,2,1081,7,'2023-03-13 13:26:03','2023-05-03 13:06:15',NULL),(53,'PF38GSP3',49,6,2,1,0,500,14,'16 GB',2,9,2,1697,2,'2023-03-13 16:09:15','2023-03-13 16:09:31',NULL),(54,'PF3N1LXD',49,6,2,1,0,500,14,'16 GB',2,9,2,1696,2,'2023-03-13 16:13:15','2023-03-13 16:13:38',NULL),(55,'PF14TB2U',50,1,2,5,0,256,15.6,'16 GB',2,9,2,1699,2,'2023-03-13 17:02:20','2023-03-13 18:28:26',NULL),(56,'PF37FBR6',49,6,2,1,0,500,14,'16 GB',2,9,2,1698,2,'2023-03-13 17:08:00','2023-03-13 17:17:35',NULL),(57,'KH5TG7AJ',3,2,2,1,0,500,14,'16 GB',2,9,2,1696,7,'2023-03-13 18:40:20','2023-05-02 14:52:26',NULL),(58,'KHA5TEDB',3,2,2,1,0,500,14,'16 GB',2,9,2,1701,2,'2023-03-13 18:58:29','2023-03-13 18:58:56',NULL),(59,'KH35DBNS',3,2,2,1,0,256,14,'16 GB',1,1,2,61,7,'2023-03-13 19:30:07','2023-06-17 09:54:30',NULL),(60,'MP25JRTE',12,6,2,1,1000,512,15.6,'8 GB',1,18,1,NULL,7,'2023-03-14 08:52:30','2023-03-14 08:52:30',NULL),(61,'MP22DMD6',49,25,2,8,0,500,14,'8 GB',2,2,2,97,7,'2023-03-14 08:59:54','2023-05-09 13:37:06',NULL),(62,'CD723B3',51,6,2,1,1000,240,15,'8 GB',1,3,1,NULL,7,'2023-03-14 09:03:06','2023-05-03 13:36:54',NULL),(63,'10W47275',53,4,2,1,1000,0,15.6,'8 GB',1,11,1,NULL,7,'2023-03-14 09:20:12','2023-03-14 09:20:12',NULL),(64,'MP22DMG4',54,25,2,1,1000,256,14,'16 GB',1,2,2,1251,7,'2023-03-14 09:30:42','2023-05-29 11:15:58',NULL),(65,'5CD0226H4Y',55,4,2,6,0,512,14,'8 GB',1,2,2,908,7,'2023-03-14 09:34:55','2023-05-08 09:15:39',NULL),(66,'MP26118R',12,6,2,1,1000,0,15,'8 GB',1,2,1,NULL,7,'2023-03-14 09:38:21','2023-03-14 09:38:21',NULL),(67,'MP2615LM',12,6,2,1,1000,256,15,'8 GB',1,10,2,1957,9,'2023-03-14 09:49:20','2023-08-31 14:49:09',NULL),(68,'MP22DMBY',54,25,2,8,0,1256,14,'8 GB',2,2,2,475,7,'2023-03-14 09:57:15','2023-05-07 12:09:10',NULL),(69,'SL10W47275',58,4,2,1,0,1000,15.6,'16 GB',1,2,2,353,7,'2023-03-14 10:10:47','2023-06-13 11:57:41',NULL),(70,'LR0EDYHL',60,2,2,18,1000,500,14,'16 GB',1,2,2,1140,7,'2023-03-14 11:21:06','2023-05-08 11:31:26',NULL),(71,'CND0338LVT',65,2,2,1,1000,0,15.6,'8 GB',1,2,1,NULL,7,'2023-03-14 11:53:10','2023-03-14 11:53:10',NULL),(72,'MP1BRONE',68,11,2,1,1000,0,15,'8 GB',1,2,1,NULL,7,'2023-03-14 13:04:00','2023-03-14 13:04:00',NULL),(73,'CND01062TG',65,2,2,1,1000,0,15,'8 GB',1,2,1,NULL,7,'2023-03-14 13:05:32','2023-03-14 13:05:32',NULL),(74,'CND0344L3L',69,2,2,1,1000,0,15,'8 GB',1,2,1,NULL,7,'2023-03-14 13:07:50','2023-03-14 13:07:50',NULL),(75,'MP260YWH',12,6,2,8,1000,0,15,'8 GB',1,2,2,1705,7,'2023-03-14 13:09:21','2023-03-25 11:44:32',NULL),(76,'8CGO334QDW',75,2,2,1,0,250,14,'8 GB',1,2,1,NULL,7,'2023-03-14 14:11:17','2023-03-14 14:11:17',NULL),(77,'MP22C03S',12,6,2,1,1000,240,15,'8 GB',1,2,1,NULL,7,'2023-03-14 14:30:17','2023-03-14 14:30:17',NULL),(78,'MP22C6SK',12,6,2,1,1000,250,15,'8 GB',1,2,2,1718,7,'2023-03-14 14:34:17','2023-05-08 15:14:06',NULL),(79,'MP26136C',12,6,2,1,1000,0,15,'8 GB',1,3,1,NULL,7,'2023-03-14 14:45:18','2023-03-14 14:46:34',NULL),(80,'7G723B3',51,6,2,1,1000,0,15.6,'8 GB',1,3,1,NULL,7,'2023-03-14 14:49:39','2023-03-14 14:49:39',NULL),(81,'1P401B3',79,2,2,1,1000,0,15.6,'8 GB',1,3,1,NULL,7,'2023-03-14 14:54:36','2023-03-14 14:54:36',NULL),(82,'4F723B3',51,6,2,1,0,512,15,'8 GB',1,8,2,1743,7,'2023-03-14 14:56:10','2023-05-23 12:15:19',NULL),(83,'52723B3',51,6,2,8,1000,0,15,'8 GB',1,3,2,145,7,'2023-03-14 14:57:37','2023-05-30 10:52:40',NULL),(84,'MP17SNLH',68,11,2,1,0,480,15,'12 GB',1,3,2,1738,7,'2023-03-14 14:59:28','2023-05-14 10:36:32',NULL),(85,'MP225XF4',49,25,2,8,1000,240,14,'8 GB',1,3,2,936,7,'2023-03-14 15:01:04','2023-05-09 13:30:44',NULL),(86,'MP22DNM2',54,25,2,8,1000,256,14,'8 GB',1,3,2,934,7,'2023-03-14 15:03:05','2023-05-09 14:08:10',NULL),(87,'CND131641K',80,6,2,3,0,500,15,'16 GB',1,3,1,NULL,7,'2023-03-14 15:07:32','2023-03-14 15:07:32',NULL),(88,'MP260YX9',12,6,2,1,1000,0,15,'8 GB',1,3,1,NULL,7,'2023-03-14 15:09:07','2023-03-14 15:09:07',NULL),(89,'MP26135Y',12,6,2,8,1000,0,15,'8 GB',2,2,2,593,7,'2023-03-14 15:10:58','2023-05-09 08:52:41',NULL),(90,'8CG0334QHH',75,2,2,1,0,250,14,'8 GB',1,2,2,1915,7,'2023-03-14 15:13:13','2023-06-05 07:59:36',NULL),(91,'MP22DM03',49,25,2,8,1000,256,14,'8 GB',1,2,2,1728,7,'2023-03-14 15:26:21','2023-05-09 09:00:33',NULL),(92,'8CG0334QH8',75,2,2,3,1000,120,14,'8 GB',1,2,2,1239,7,'2023-03-14 15:43:02','2023-05-09 14:29:39',NULL),(93,'KHASLPMN',3,2,2,1,0,500,14,'16 GB',2,9,2,1703,2,'2023-03-15 12:38:00','2023-03-15 12:39:04',NULL),(94,'SI11B03769',85,6,2,7,0,500,15.6,'8 GB',1,2,1,NULL,7,'2023-03-15 12:46:43','2023-03-15 12:46:43',NULL),(95,'CND01278LW',65,2,2,3,0,480,15.6,'8 GB',1,2,2,1736,7,'2023-03-15 12:48:45','2023-05-09 14:23:31',NULL),(96,'5CD109J5RK',30,2,2,3,1000,0,15,'8 GB',1,2,2,1737,7,'2023-03-15 12:51:21','2023-05-09 14:40:50',NULL),(97,'MP22C05P',12,6,2,1,1000,240,15,'8 GB',1,2,1,NULL,7,'2023-03-15 12:52:53','2023-03-15 12:52:53',NULL),(98,'SCD109J5KD',30,2,2,1,1000,0,15,'8 GB',1,2,1,NULL,7,'2023-03-15 13:16:57','2023-03-15 13:16:57',NULL),(99,'MP17TKEE',68,11,2,1,0,480,15,'8 GB',1,2,2,113,7,'2023-03-15 13:18:44','2023-05-09 14:34:34',NULL),(100,'CND7456D9V',86,11,2,1,500,0,15,'8 GB',1,2,2,1289,7,'2023-03-15 13:20:35','2023-05-14 10:54:00',NULL),(101,'MP260YWQ',12,6,2,8,0,500,15,'8 GB',1,2,2,597,7,'2023-03-15 13:46:20','2023-05-09 07:49:37',NULL),(102,'MP260ZLJ',12,6,2,1,1000,256,15,'8 GB',1,1,1,NULL,7,'2023-03-15 13:53:01','2023-03-15 13:53:01',NULL),(103,'CND7355KGG',34,11,2,1,0,480,15,'8 GB',1,1,1,NULL,7,'2023-03-15 13:54:29','2023-03-15 13:54:29',NULL),(104,'CND8245YIP',28,11,2,1,500,0,15,'12 GB',1,9,1,NULL,7,'2023-03-15 13:58:04','2023-03-15 13:58:04',NULL),(105,'7JCJ5Z2',90,3,2,1,1000,0,15,'4 GB',1,9,1,NULL,7,'2023-03-15 14:01:36','2023-03-15 14:01:36',NULL),(106,'5CG91166QL',92,2,2,1,0,256,15.6,'8 GB',1,9,2,1715,7,'2023-03-15 14:12:10','2023-05-03 08:34:57',NULL),(107,'H1723B3',51,6,2,1,1000,0,15,'8 GB',1,9,1,NULL,7,'2023-03-15 15:13:07','2023-03-15 15:13:07',NULL),(108,'PF25S1W',93,9,2,3,1000,0,15.6,'4 GB',1,9,1,NULL,2,'2023-03-15 15:18:58','2023-03-22 15:28:18',NULL),(109,'CNDO373348',94,4,2,1,2000,0,15,'16 GB',1,9,1,NULL,7,'2023-03-15 15:21:32','2023-03-15 15:21:32',NULL),(110,'MP22DMFO',54,25,2,1,1000,250,14,'8 GB',1,9,1,NULL,7,'2023-03-15 15:50:59','2023-03-15 15:50:59',NULL),(111,'MP22C6TT',12,6,2,1,1000,250,15,'8 GB',1,9,1,NULL,7,'2023-03-15 15:52:45','2023-03-15 15:52:45',NULL),(112,'CNDO106213',65,2,2,1,1000,0,18,'8 GB',1,9,1,NULL,7,'2023-03-15 15:56:09','2023-03-15 15:56:09',NULL),(113,'CNDO127MR4',2,2,2,1,1000,0,15,'8 GB',1,9,1,NULL,7,'2023-03-15 16:02:41','2023-03-15 16:02:41',NULL),(114,'KH2WSCVB',3,2,2,1,0,256,14,'16 GB',1,10,2,1704,2,'2023-03-16 12:45:16','2023-03-16 12:46:07',NULL),(115,'CND012795W',2,2,2,1,1000,0,15,'8 GB',1,9,1,NULL,7,'2023-03-18 11:47:48','2023-05-03 09:01:16',NULL),(116,'CND84901PV',6,1,2,1,1000,0,15,'8 GB',1,9,1,NULL,7,'2023-03-18 11:55:44','2023-03-18 11:55:44',NULL),(117,'7CW1PA01',97,15,2,1,1000,0,15,'4 GB',3,9,1,NULL,7,'2023-03-18 11:59:55','2023-03-18 11:59:55',NULL),(118,'CND8084HX1',98,1,2,1,1000,0,15,'8 GB',1,9,1,NULL,7,'2023-03-18 12:03:31','2023-03-18 12:03:31',NULL),(119,'CND7395RNH',86,11,2,1,1000,0,15,'8 GB',1,9,2,1963,9,'2023-03-18 12:04:55','2023-09-06 15:00:03',NULL),(120,'CND8485S3H',9,22,2,3,1000,0,15,'8 GB',1,9,2,661,7,'2023-03-18 12:09:53','2023-04-12 10:16:35',NULL),(121,'CND012797N',2,2,2,1,1000,0,15,'8 GB',1,9,1,NULL,7,'2023-03-18 12:12:35','2023-05-13 14:01:53',NULL),(122,'CND03426Z3',100,2,2,1,1000,0,15,'8 GB',1,9,1,NULL,7,'2023-03-18 12:34:19','2023-03-18 12:34:19',NULL),(123,'5CD109J5XB',30,2,2,3,1000,0,15,'8 GB',2,5,2,943,7,'2023-03-18 12:42:47','2023-05-31 11:28:56',NULL),(124,'KH6ACV35',3,2,2,1,0,256,14,'16 GB',1,1,2,988,7,'2023-03-22 14:27:55','2023-05-03 11:32:10',NULL),(125,'PF0T3UN2',101,34,2,1,1000,0,15,'8 GB',1,1,1,NULL,7,'2023-03-22 14:56:22','2023-03-22 14:56:22',NULL),(126,'CND9261759',102,1,2,3,0,480,15,'8 GB',1,1,2,1997,16,'2023-03-25 11:00:46','2024-01-31 14:39:03',NULL),(127,'CND93875L4',103,3,2,9,1000,0,15,'8 GB',1,1,1,NULL,7,'2023-03-25 12:39:21','2023-12-26 14:45:52',NULL),(128,'5CD5232Q6P',104,35,2,4,0,500,15,'8 GB',1,1,2,140,7,'2023-03-25 12:49:36','2023-03-25 12:50:39',NULL),(129,'5CG8378BHQ',107,1,2,1,0,500,15,'16 GB',1,1,2,257,7,'2023-03-27 12:14:46','2023-05-13 13:36:19',NULL),(130,'CND01062Q1',65,2,2,9,0,500,15,'8 GB',2,26,2,1962,15,'2023-03-28 11:47:06','2023-09-06 12:19:12',NULL),(131,'5W3D412',110,37,12,1,500,0,15,'4 GB',3,9,2,1709,7,'2023-03-28 13:00:58','2023-05-03 08:28:14',NULL),(132,'PF2N0FM8',3,2,2,1,0,500,14,'16 GB',1,9,2,1702,7,'2023-03-29 11:10:14','2023-03-29 11:10:33',NULL),(133,'G9P0J33',16,9,2,1,1000,0,15,'4 GB',1,12,2,1707,7,'2023-04-08 10:50:29','2023-04-08 10:51:35',NULL),(134,'PF1XP1KD',50,1,2,13,0,1256,15,'16 GB',1,9,2,288,7,'2023-04-08 11:18:36','2023-04-08 11:18:55',NULL),(135,'CND9248RBN',1,1,2,3,1000,0,15,'8 GB',1,9,2,1298,7,'2023-04-12 10:49:39','2023-04-12 10:50:07',NULL),(136,'CND849019Q',113,1,2,1,0,500,15,'16 GB',1,4,2,758,7,'2023-05-02 09:10:01','2023-05-02 09:10:50',NULL),(137,'CND01278JD',2,2,2,3,0,500,15,'16 GB',1,1,2,938,7,'2023-05-02 09:18:01','2023-06-17 09:43:21',NULL),(138,'CND012798X',2,2,2,3,0,500,15,'8 GB',1,1,2,1300,7,'2023-05-02 09:36:41','2023-05-02 09:37:04',NULL),(139,'CND0127B9B',1,2,2,3,0,500,15,'8 GB',1,9,2,1939,9,'2023-05-02 12:21:12','2023-07-06 18:08:23',NULL),(140,'CND05204RD',116,2,2,1,1000,0,15,'8 GB',1,3,1,NULL,7,'2023-05-02 13:22:09','2023-05-02 14:50:27',NULL),(141,'FHZ64M2',40,21,2,4,0,500,15,'16 GB',1,1,2,1043,7,'2023-05-03 08:12:40','2023-05-03 08:13:41',NULL),(142,'CND8457JN7',7,3,2,1,1000,0,15,'8 GB',1,1,2,624,7,'2023-05-03 08:42:17','2023-05-03 08:42:35',NULL),(143,'AMTGU78I',3,2,2,1,0,500,14,'16 GB',2,1,2,1216,7,'2023-05-03 10:36:13','2023-05-03 10:36:49',NULL),(144,'CND90945JW',103,3,2,9,1000,0,15,'4 GB',1,1,2,1249,7,'2023-05-03 12:56:19','2023-05-03 12:57:04',NULL),(145,'CND8133514',1,11,2,1,0,500,15,'8 GB',1,9,2,1944,9,'2023-05-03 14:32:53','2023-07-11 13:05:13',NULL),(146,'CND01278KL',2,2,2,3,1000,0,15,'8 GB',1,1,2,106,7,'2023-05-03 14:57:52','2023-05-03 14:58:27',NULL),(147,'CND8245XSJ',17,11,2,1,500,0,15,'4 GB',1,1,2,46,7,'2023-05-08 09:03:11','2023-05-08 09:04:14',NULL),(148,'C02KG20UDRVG',119,12,2,1,500,0,13,'8 GB',4,1,2,1367,7,'2023-05-08 12:14:48','2023-05-08 12:15:35',NULL),(149,'MP265A90',12,6,2,8,1000,0,15,'8 GB',2,1,2,154,7,'2023-05-08 14:29:19','2023-05-08 14:29:39',NULL),(150,'8CG0334QDW',75,2,2,3,1000,500,14,'8 GB',1,2,2,1722,7,'2023-05-08 15:44:02','2023-05-08 15:45:40',NULL),(151,'5CG9118RYH',92,1,2,1,0,500,15,'16 GB',1,2,2,1725,7,'2023-05-09 08:01:51','2023-05-09 08:05:14',NULL),(152,'PF3CH149',122,6,2,1,0,512,14,'8 GB',1,2,2,132,7,'2023-05-09 14:46:33','2023-05-09 14:46:56',NULL),(153,'CND01279KF',2,2,2,1,1000,0,15,'8 GB',1,1,2,904,7,'2023-05-13 14:00:41','2023-05-13 14:00:54',NULL),(154,'5CD109J5KD',30,2,2,3,1000,0,15,'8 GB',1,2,2,23,7,'2023-05-14 11:01:35','2023-05-14 11:01:59',NULL),(155,'7WB53G3',124,6,2,1,1000,256,15,'8 GB',1,3,2,858,7,'2023-05-14 14:02:55','2023-05-14 14:03:27',NULL),(156,'1S613Z2',125,12,2,27,0,512,17,'32 GB',1,9,2,1706,9,'2023-05-15 14:33:42','2023-08-10 12:32:24',NULL),(157,'KHA673BN',3,2,2,1,0,256,14,'16 GB',1,1,2,1742,7,'2023-05-22 12:04:24','2023-05-23 12:01:22',NULL),(158,'KHA523SR',3,2,2,1,0,256,14,'16 GB',1,1,2,1948,15,'2023-05-22 12:19:04','2023-07-19 13:50:25',NULL),(159,'PA57SYTV',3,6,2,1,0,256,14,'16 GB',1,1,2,1949,15,'2023-05-23 12:41:01','2023-07-19 13:46:12',NULL),(160,'PF3NFJF1',3,6,2,1,0,500,14,'16 GB',1,1,1,NULL,7,'2023-05-27 09:29:43','2023-06-05 08:03:46','2023-06-05 08:03:46'),(161,'PF1TPFTB',3,2,2,18,0,1500,14,'32 GB',2,1,2,1840,7,'2023-05-29 08:27:41','2023-05-29 08:34:29',NULL),(162,'1GDN8W1',130,29,2,1,0,240,15.6,'4',1,22,2,1894,12,'2023-05-29 14:48:22','2023-05-29 14:49:19',NULL),(163,'DFCN8W1',130,29,2,1,500,0,15.6,'4',3,22,2,1891,12,'2023-05-29 14:50:23','2023-05-30 09:33:19',NULL),(164,'CN2LFW1',130,29,2,1,0,500,15.6,'4',1,22,2,1889,12,'2023-05-29 14:52:09','2023-05-29 14:52:20',NULL),(165,'CND0338QND',1,1,2,1,0,1024,15.6,'8',1,22,2,1890,12,'2023-05-29 14:56:48','2023-05-29 14:56:57',NULL),(166,'CND7011L8V',142,18,2,1,0,240,15.6,'12',1,22,2,1991,2,'2023-05-30 09:46:19','2023-12-25 14:24:22',NULL),(167,'MP25DA17',12,2,2,1,1000,256,15.6,'8GB',1,15,2,1744,11,'2023-05-30 11:56:32','2023-05-30 11:56:56',NULL),(168,'PF35YBLN',58,2,2,7,0,512,15.6,'8 GB',1,15,2,1750,11,'2023-05-30 12:07:04','2023-05-30 12:07:43',NULL),(169,'CND450B23X',4,3,2,1,160,0,15.6,'4 GB',1,15,2,1757,11,'2023-05-30 12:22:07','2023-05-30 12:22:24',NULL),(170,'CND0507VVF',80,2,2,3,0,0,15.6,'8 GB',1,15,2,1752,11,'2023-05-30 12:33:19','2023-05-30 12:33:44',NULL),(171,'5CG9041GPX',163,22,2,30,0,1000,15.6,'16 GB',2,31,2,1918,2,'2023-05-30 16:41:58','2023-06-07 19:03:02',NULL),(172,'CND7355KVR',162,11,2,1,1000,0,15.6,'4 GB',1,31,2,1986,4,'2023-05-30 17:02:17','2023-12-06 13:02:58',NULL),(173,'CND9248SQD',5,1,2,3,1000,0,15.6,'8 GB',1,14,2,1828,11,'2023-06-01 10:37:39','2023-06-01 10:40:45',NULL),(174,'2CE25016ST',207,15,2,12,500,0,15.6,'4 GB',1,14,2,1830,11,'2023-06-03 08:49:30','2023-06-03 08:50:48',NULL),(175,'59FS883',124,3,2,1,1000,0,15.6,'4 GB',1,14,2,1833,11,'2023-06-03 08:59:21','2023-06-03 08:59:33',NULL),(176,'CND81335LX',213,3,2,1,1000,0,15.6,'4 GB',1,14,2,1832,11,'2023-06-03 09:03:40','2023-06-03 10:52:49',NULL),(177,'CND8101SJH',162,3,2,1,500,0,15.6,'4 GB',3,14,2,1827,11,'2023-06-03 09:26:18','2023-06-03 09:26:32',NULL),(178,'CND6479VCC',210,18,2,1,500,0,15.6,'4 GB',1,14,2,1829,11,'2023-06-03 09:28:28','2023-06-03 09:28:41',NULL),(179,'6JDQ0P2',211,3,2,1,1000,0,15.6,'4 GB',1,14,2,1831,11,'2023-06-03 09:30:49','2023-06-03 09:31:10',NULL),(180,'CND9387693',212,3,2,9,1000,0,15.6,'12 GB',1,14,2,1834,11,'2023-06-03 09:34:35','2023-06-03 09:34:51',NULL),(181,'CND0367X63',208,9,2,1,1000,0,15.6,'4 GB',1,14,2,1825,11,'2023-06-03 09:48:12','2023-06-03 09:48:35',NULL),(182,'PAS236SD',3,2,2,1,0,500,14,'16 GB',1,2,2,1916,7,'2023-06-05 07:55:56','2023-06-05 08:00:36',NULL),(183,'PF1TD5Y1',238,9,2,1,0,256,14,'8 GB',1,1,2,65,7,'2023-06-05 08:09:08','2023-06-05 08:09:27',NULL),(184,'DMPCN0F7NTGT',243,52,2,1,0,256,12.9,'8GB',14,1,2,812,7,'2023-06-07 08:18:06','2023-06-07 08:18:40',NULL),(185,'YDZ07947S',247,29,2,1,500,0,15.6,'4 GB',1,5,1,NULL,5,'2023-06-10 15:12:19','2023-06-10 15:12:19',NULL),(186,'8482RX1',130,29,2,1,500,0,15.6,'4 GB',1,5,1,NULL,5,'2023-06-10 15:14:17','2023-06-10 15:14:17',NULL),(187,'CND55041X4',210,18,2,1,500,0,15.6,'4 GB',1,5,1,NULL,5,'2023-06-10 15:31:54','2023-06-10 15:31:54',NULL),(188,'MP1BR3S1',68,11,2,1,500,0,15.6,'8GB',1,5,1,NULL,5,'2023-06-10 16:06:30','2023-06-10 16:06:30',NULL),(189,'CND0326GH7',1,55,40,1,1000,0,15.6,'4 GB',1,4,1,NULL,5,'2023-06-10 16:15:57','2023-06-10 16:15:57',NULL),(190,'CND8083KYK',162,11,2,1,500,0,15.6,'4GB',1,5,1,NULL,5,'2023-06-10 16:46:17','2023-06-10 16:46:17',NULL),(191,'CND7355KS1',162,11,2,1,1000,0,15.6,'4GB',3,5,1,NULL,5,'2023-06-10 17:14:19','2023-06-10 17:14:19',NULL),(192,'6XR52N2',40,1,2,1,0,480,15.6,'16 GB',1,5,1,NULL,5,'2023-06-10 17:16:32','2023-06-10 17:16:32',NULL),(193,'MP23JJPH',12,4,2,1,1000,0,15.6,'8 GB',1,5,1,NULL,5,'2023-06-10 17:32:47','2023-06-10 17:32:47',NULL),(194,'2TK926048D',92,22,2,1,0,256,15,'16 GB',1,1,2,262,7,'2023-06-14 07:52:58','2023-06-14 14:36:23',NULL),(195,'2TK80209GY',249,34,2,1,0,256,15,'16 GB',1,1,2,791,7,'2023-06-14 07:58:23','2023-06-17 11:46:05',NULL),(196,'2TK80304FS',249,34,2,1,0,0,15,'16 GB',1,9,2,1951,9,'2023-06-14 08:02:47','2023-07-19 14:08:47',NULL),(197,'2TK80100Y1',249,34,2,1,0,256,15,'16 GB',1,1,2,667,7,'2023-06-14 08:06:40','2023-06-18 11:50:52',NULL),(198,'2TK9420FKP',92,22,2,1,0,256,15,'16 GB',1,1,2,1343,15,'2023-06-14 08:13:17','2023-07-24 15:13:39',NULL),(199,'PAE6WTYH',3,2,2,1,0,0,14,'16 GB',1,1,2,63,7,'2023-06-14 08:19:57','2023-06-18 10:55:41',NULL),(200,'PAS537SF',3,2,2,1,0,256,14,'16 GB',1,1,2,133,15,'2023-06-14 08:28:58','2023-07-04 14:05:42',NULL),(201,'PA5SRTEF',3,2,2,1,0,256,14,'16 GB',1,9,2,1950,9,'2023-06-14 08:30:51','2023-07-19 13:50:18',NULL),(202,'PAS5WT6S',3,2,2,1,0,256,14,'16 GB',1,1,1,NULL,7,'2023-06-14 08:34:05','2023-06-14 08:34:05',NULL),(203,'PAS230FN',3,2,2,1,0,256,14,'16 GB',1,1,2,873,7,'2023-06-14 08:36:09','2023-06-17 09:47:52',NULL),(204,'PAW6ETY7',3,2,2,1,0,256,14,'16 GB',1,1,2,1222,7,'2023-06-14 08:39:11','2023-06-14 12:56:10',NULL),(205,'PA25STG7',3,2,2,1,0,256,14,'16 GB',1,1,1,NULL,7,'2023-06-14 08:41:17','2023-06-14 08:41:17',NULL),(206,'PAS5STG',3,2,2,1,0,256,14,'16 GB',1,1,1,NULL,7,'2023-06-14 08:43:16','2023-06-14 08:43:16',NULL),(207,'CND11719M3',254,2,2,3,1000,0,15,'8 GB',1,3,2,1930,7,'2023-06-17 13:16:24','2023-06-17 13:18:31',NULL),(208,'8CG2037WC2',258,25,2,1,0,512,14,'8 GB',2,7,2,1955,2,'2023-06-26 12:40:10','2023-08-08 13:36:10',NULL),(209,'KHA3SE45',3,2,18,1,0,500,14,'16',1,1,2,1937,15,'2023-07-04 11:33:40','2023-07-04 11:34:26',NULL),(210,'2TK0200NYY',250,22,2,1,0,500,15.6,'16 GB',1,9,2,1945,9,'2023-07-12 12:05:19','2023-07-12 12:10:58',NULL),(211,'R52T50FX2XR',262,52,1,1,0,256,15,'12 GB',14,1,2,1953,15,'2023-07-24 16:04:20','2023-07-24 16:08:02',NULL),(212,'MB2615ND',12,6,2,8,1000,0,15,'8 GB',1,1,2,1954,15,'2023-07-25 13:12:07','2023-07-25 13:37:15',NULL),(213,'015761008657819',3,2,2,1,0,256,14,'16 GB',1,1,2,65,15,'2023-07-31 11:20:21','2023-07-31 11:20:43',NULL),(214,'PAS25STG',3,2,2,1,0,256,14,'16 GB',1,1,2,982,15,'2023-08-01 11:17:14','2023-08-01 11:17:29',NULL),(215,'cnd037574b',1,2,3,1,1000,0,15,'8 GB',1,1,1,NULL,15,'2023-08-08 13:29:41','2023-08-08 13:29:41',NULL),(216,'2TK0200NXM',250,22,2,1,0,0,15.6,'16 GB',1,9,2,130,9,'2023-08-10 11:46:59','2023-08-10 11:49:05',NULL),(217,'CND3071X60',43,59,45,45,0,512,13,'8 GB',2,1,2,1985,16,'2023-08-27 12:18:29','2023-11-22 14:26:16',NULL),(218,'5YR72N2',40,21,2,2,0,500,15.6,'16 GB',1,9,2,1967,9,'2023-09-06 11:14:03','2023-10-01 01:10:53',NULL),(219,'34M9PL2',40,21,2,2,0,500,15.6,'16 GB',1,1,2,1960,16,'2023-09-06 11:46:47','2023-09-06 11:47:20',NULL),(220,'JCX9PL2',40,21,2,2,0,500,15.6,'16 GB',1,1,2,1958,16,'2023-09-06 11:49:07','2023-09-06 11:53:49',NULL),(221,'CMVLWT2',40,1,2,1,0,512,15.6,'16 gb',1,9,2,1966,9,'2023-10-01 00:59:32','2023-10-01 01:01:16',NULL),(222,'1Z4B8S2',40,1,2,1,0,500,15.6,'16 GB',1,9,2,1968,9,'2023-10-01 01:24:50','2023-10-01 01:25:17',NULL),(223,'C25XYY2',267,2,2,1,0,512,15.6,'16',1,1,2,1970,19,'2023-10-12 10:10:47','2023-10-12 10:10:59',NULL),(224,'DJ19ZY2',267,2,2,1,0,512,15.6,'16',1,1,2,1971,19,'2023-10-12 10:12:34','2023-10-12 10:12:49',NULL),(225,'CND0127MQJ',2,2,2,1,0,512,15.6,'16 GB',1,1,2,1972,19,'2023-10-12 10:24:05','2023-10-12 10:25:15',NULL),(226,'8RYZXY2',267,8,2,2,0,512,15.6,'16 GB',1,1,2,1878,16,'2023-10-17 11:44:02','2023-10-17 11:44:29',NULL),(227,'FF053Z2',267,8,2,48,0,500,15,'16GB',1,9,2,1977,9,'2023-11-07 12:36:58','2023-11-07 12:39:25',NULL),(228,'BBX9ZY2',267,8,2,1,0,500,15.6,'16 GB',1,9,2,1981,9,'2023-11-11 18:15:22','2023-11-11 18:15:51',NULL),(229,'PF1DTH7P',50,1,1,1,256,0,15.9,'16GB',1,31,2,1987,4,'2023-12-11 12:02:20','2023-12-11 12:04:01',NULL),(230,'CND05162X7',208,2,9,39,1000,0,15.6,'8 GB',1,1,2,1992,16,'2024-01-09 14:35:44','2024-01-09 14:36:29',NULL),(231,'2ZVS433',278,1,1,1,0,500,15.6,'16 GB',1,1,2,1995,16,'2024-01-29 13:16:42','2024-01-30 11:33:35',NULL),(232,'CND92210QL',1,3,39,39,0,500,15.6,'8 GB',14,1,2,1996,16,'2024-01-30 11:26:14','2024-01-30 14:38:57',NULL),(233,'6V3V433',280,1,2,2,0,500,15.6,'16 GB',1,1,2,1994,16,'2024-01-30 11:29:24','2024-01-30 11:32:21',NULL),(234,'XTA6YWTG',281,62,2,2,0,256,14,'16 GB',2,1,2,361,16,'2024-01-30 16:35:49','2024-01-30 16:36:52',NULL),(235,'PF1TPFDB',49,2,13,13,0,500,14,'16GB',2,1,2,159,16,'2024-01-30 16:58:38','2024-01-30 17:00:38',NULL),(236,'PF399T0E',49,6,2,2,0,256,14,'16 GB',2,1,2,67,16,'2024-01-31 14:24:17','2024-01-31 14:24:36',NULL);
/*!40000 ALTER TABLE `laptops_inventory` ENABLE KEYS */;
UNLOCK TABLES;

--
-- Table structure for table `migrations`
--

DROP TABLE IF EXISTS `migrations`;
/*!40101 SET @saved_cs_client     = @@character_set_client */;
/*!40101 SET character_set_client = utf8 */;
CREATE TABLE `migrations` (
  `id` int(10) unsigned NOT NULL AUTO_INCREMENT,
  `migration` varchar(255) NOT NULL,
  `batch` int(11) NOT NULL,
  PRIMARY KEY (`id`)
) ENGINE=InnoDB AUTO_INCREMENT=5 DEFAULT CHARSET=utf8mb4 COLLATE=utf8mb4_unicode_ci;
/*!40101 SET character_set_client = @saved_cs_client */;

--
-- Dumping data for table `migrations`
--

LOCK TABLES `migrations` WRITE;
/*!40000 ALTER TABLE `migrations` DISABLE KEYS */;
INSERT INTO `migrations` VALUES (1,'2014_10_12_000000_create_users_table',1),(2,'2014_10_12_100000_create_password_resets_table',1),(3,'2019_08_19_000000_create_failed_jobs_table',1),(4,'2019_12_14_000001_create_personal_access_tokens_table',1);
/*!40000 ALTER TABLE `migrations` ENABLE KEYS */;
UNLOCK TABLES;

--
-- Table structure for table `mobiles_sim_inventories`
--

DROP TABLE IF EXISTS `mobiles_sim_inventories`;
/*!40101 SET @saved_cs_client     = @@character_set_client */;
/*!40101 SET character_set_client = utf8 */;
CREATE TABLE `mobiles_sim_inventories` (
  `id` int(10) unsigned NOT NULL AUTO_INCREMENT,
  `serial_number` varchar(50) NOT NULL,
  `mobile_number` varchar(50) NOT NULL,
  `ip` varchar(50) DEFAULT NULL,
  `assigned_to` int(10) unsigned NOT NULL,
  `created_by` bigint(20) unsigned NOT NULL,
  `created_at` timestamp NULL DEFAULT NULL,
  `updated_at` timestamp NULL DEFAULT NULL,
  `deleted_at` timestamp NULL DEFAULT NULL,
  PRIMARY KEY (`id`),
  UNIQUE KEY `serial_number_UNIQUE` (`serial_number`),
  UNIQUE KEY `mobiles_sim_number_UNIQUE` (`mobile_number`),
  UNIQUE KEY `mobiles_simcol_ip_UNIQUE` (`ip`),
  KEY `mobiles_sim_created_by_fk` (`created_by`),
  KEY `mobiles_sim_assgined_to_fk` (`assigned_to`),
  CONSTRAINT `mobiles_sim_assgined_to_fk` FOREIGN KEY (`assigned_to`) REFERENCES `employees` (`id`) ON DELETE NO ACTION ON UPDATE NO ACTION,
  CONSTRAINT `mobiles_sim_created_by_fk` FOREIGN KEY (`created_by`) REFERENCES `users` (`id`) ON DELETE NO ACTION ON UPDATE NO ACTION
) ENGINE=InnoDB DEFAULT CHARSET=utf8 COLLATE=utf8_unicode_ci;
/*!40101 SET character_set_client = @saved_cs_client */;

--
-- Dumping data for table `mobiles_sim_inventories`
--

LOCK TABLES `mobiles_sim_inventories` WRITE;
/*!40000 ALTER TABLE `mobiles_sim_inventories` DISABLE KEYS */;
/*!40000 ALTER TABLE `mobiles_sim_inventories` ENABLE KEYS */;
UNLOCK TABLES;

--
-- Table structure for table `modems_inventory`
--

DROP TABLE IF EXISTS `modems_inventory`;
/*!40101 SET @saved_cs_client     = @@character_set_client */;
/*!40101 SET character_set_client = utf8 */;
CREATE TABLE `modems_inventory` (
  `id` int(10) unsigned NOT NULL AUTO_INCREMENT,
  `serial_number` varchar(50) NOT NULL,
  `model_id` int(10) unsigned NOT NULL,
  `type_id` int(10) unsigned NOT NULL,
  `site_activity_id` int(10) unsigned NOT NULL,
  `flag_id` int(10) unsigned NOT NULL,
  `employee_id` int(10) unsigned DEFAULT NULL,
  `created_by` bigint(20) unsigned NOT NULL,
  `created_at` timestamp NULL DEFAULT NULL,
  `updated_at` timestamp NULL DEFAULT NULL,
  `deleted_at` timestamp NULL DEFAULT NULL,
  PRIMARY KEY (`id`),
  UNIQUE KEY `serial_number` (`serial_number`),
  KEY `modems_created_by_fk` (`created_by`),
  KEY `modems_site_activity_id_fk` (`site_activity_id`),
  KEY `modems_flag_id_fk` (`flag_id`),
  KEY `modems_types_fk` (`type_id`),
  KEY `modems_model_id_fk` (`model_id`),
  KEY `modems_employee_id` (`employee_id`),
  CONSTRAINT `modems_created_by_fk` FOREIGN KEY (`created_by`) REFERENCES `users` (`id`),
  CONSTRAINT `modems_employee_id` FOREIGN KEY (`employee_id`) REFERENCES `employees` (`id`) ON DELETE NO ACTION ON UPDATE NO ACTION,
  CONSTRAINT `modems_flag_id_fk` FOREIGN KEY (`flag_id`) REFERENCES `flags` (`id`),
  CONSTRAINT `modems_model_id_fk` FOREIGN KEY (`model_id`) REFERENCES `inventory_models` (`id`) ON DELETE NO ACTION ON UPDATE NO ACTION,
  CONSTRAINT `modems_site_activity_id_fk` FOREIGN KEY (`site_activity_id`) REFERENCES `sites_activities` (`id`),
  CONSTRAINT `modems_types_fk` FOREIGN KEY (`type_id`) REFERENCES `modems_types` (`id`)
) ENGINE=InnoDB AUTO_INCREMENT=14 DEFAULT CHARSET=utf8 COLLATE=utf8_unicode_ci;
/*!40101 SET character_set_client = @saved_cs_client */;

--
-- Dumping data for table `modems_inventory`
--

LOCK TABLES `modems_inventory` WRITE;
/*!40000 ALTER TABLE `modems_inventory` DISABLE KEYS */;
INSERT INTO `modems_inventory` VALUES (1,'T5D7S18802900677',141,2,22,1,NULL,12,'2023-05-30 09:30:19','2023-05-30 09:30:19',NULL),(2,'SCKDW19A30001291',144,3,21,1,NULL,2,'2023-05-30 09:50:18','2023-12-25 15:07:36',NULL),(3,'12E10702602473',177,1,13,1,NULL,2,'2023-05-31 11:03:42','2023-05-31 11:03:42',NULL),(4,'G3X7S14730001946',178,1,13,1,NULL,2,'2023-05-31 11:06:43','2023-05-31 11:06:43',NULL),(5,'2191054002297',181,2,13,1,NULL,2,'2023-05-31 11:40:16','2023-05-31 11:40:16',NULL),(6,'708190279',182,4,13,1,NULL,2,'2023-05-31 11:44:46','2023-05-31 11:44:46',NULL),(7,'NBH8W18112005068',197,3,13,1,NULL,2,'2023-05-31 16:24:21','2023-05-31 16:24:21',NULL),(8,'ZTE0RUYM2200328',217,2,5,1,NULL,1,'2023-06-03 15:03:21','2023-06-03 15:03:21',NULL),(9,'ZTE0RUYM2200340',217,2,5,1,NULL,1,'2023-06-03 15:04:04','2023-06-03 15:04:04',NULL),(10,'21530365667SK9043369',218,1,5,1,NULL,1,'2023-06-03 15:07:17','2023-06-03 15:07:17',NULL),(11,'D9E7S21B10001711',256,3,3,2,1930,7,'2023-06-17 14:50:18','2023-06-17 14:50:45',NULL),(12,'QX4W1F2514231',275,1,22,1,NULL,2,'2023-12-25 15:06:28','2023-12-25 15:06:28',NULL),(13,'4857544319025DF6',276,2,21,1,NULL,2,'2023-12-25 15:07:14','2023-12-25 15:07:14',NULL);
/*!40000 ALTER TABLE `modems_inventory` ENABLE KEYS */;
UNLOCK TABLES;

--
-- Table structure for table `modems_types`
--

DROP TABLE IF EXISTS `modems_types`;
/*!40101 SET @saved_cs_client     = @@character_set_client */;
/*!40101 SET character_set_client = utf8 */;
CREATE TABLE `modems_types` (
  `id` int(10) unsigned NOT NULL AUTO_INCREMENT,
  `type_name` varchar(50) NOT NULL,
  `created_by` bigint(20) unsigned NOT NULL,
  `created_at` timestamp NULL DEFAULT NULL,
  `updated_at` timestamp NULL DEFAULT NULL,
  `deleted_at` timestamp NULL DEFAULT NULL,
  PRIMARY KEY (`id`),
  UNIQUE KEY `type_name` (`type_name`),
  KEY `modems_types_created_by_fk` (`created_by`),
  CONSTRAINT `modems_types_created_by_fk` FOREIGN KEY (`created_by`) REFERENCES `users` (`id`)
) ENGINE=InnoDB AUTO_INCREMENT=5 DEFAULT CHARSET=utf8 COLLATE=utf8_unicode_ci;
/*!40101 SET character_set_client = @saved_cs_client */;

--
-- Dumping data for table `modems_types`
--

LOCK TABLES `modems_types` WRITE;
/*!40000 ALTER TABLE `modems_types` DISABLE KEYS */;
INSERT INTO `modems_types` VALUES (1,'ADSL',1,'2023-01-07 15:05:16','2023-01-07 15:05:16',NULL),(2,'VDSL',1,'2023-01-07 15:05:16','2023-01-07 15:05:16',NULL),(3,'4G',1,'2023-01-07 15:05:16','2023-01-07 15:05:16',NULL),(4,'Circles',1,'2023-01-07 15:05:16','2023-01-07 15:05:16',NULL);
/*!40000 ALTER TABLE `modems_types` ENABLE KEYS */;
UNLOCK TABLES;

--
-- Table structure for table `operating_systems`
--

DROP TABLE IF EXISTS `operating_systems`;
/*!40101 SET @saved_cs_client     = @@character_set_client */;
/*!40101 SET character_set_client = utf8 */;
CREATE TABLE `operating_systems` (
  `id` int(10) unsigned NOT NULL AUTO_INCREMENT,
  `os_name` varchar(50) CHARACTER SET utf8 COLLATE utf8_general_ci NOT NULL,
  `created_by` bigint(20) unsigned NOT NULL,
  `created_at` timestamp NULL DEFAULT NULL,
  `updated_at` timestamp NULL DEFAULT NULL,
  `deleted_at` timestamp NULL DEFAULT NULL,
  PRIMARY KEY (`id`),
  UNIQUE KEY `os_name` (`os_name`),
  KEY `os_created_by_fk` (`created_by`),
  CONSTRAINT `os_created_by_fk` FOREIGN KEY (`created_by`) REFERENCES `users` (`id`)
) ENGINE=InnoDB AUTO_INCREMENT=15 DEFAULT CHARSET=utf8 COLLATE=utf8_unicode_ci;
/*!40101 SET character_set_client = @saved_cs_client */;

--
-- Dumping data for table `operating_systems`
--

LOCK TABLES `operating_systems` WRITE;
/*!40000 ALTER TABLE `operating_systems` DISABLE KEYS */;
INSERT INTO `operating_systems` VALUES (1,'Windows 10 Pro',7,'2023-03-12 12:52:53','2023-03-12 12:52:53',NULL),(2,'Windows 11 Pro',7,'2023-03-13 11:19:35','2023-03-13 11:19:35',NULL),(3,'Windows 8.1 Pro',7,'2023-03-18 11:59:40','2023-03-18 11:59:40',NULL),(4,'Mac OS 10.14.6',7,'2023-05-08 12:13:39','2023-05-08 12:13:39',NULL),(5,'Mac OS 12.6',7,'2023-05-09 08:39:22','2023-05-09 08:39:22',NULL),(6,'Windows Server 2012 R2 Datacenter',8,'2023-05-28 13:57:19','2023-05-28 13:57:19',NULL),(7,'Windows 7 Enterprise',12,'2023-05-29 14:30:23','2023-05-29 14:30:23',NULL),(8,'Windows 7 Pro',12,'2023-05-29 14:41:27','2023-05-29 14:41:27',NULL),(9,'Windows Server 2016 Standard',12,'2023-05-29 15:03:23','2023-05-29 15:03:23',NULL),(10,'Windows Server 2008 R2 Enterprise',12,'2023-05-29 15:22:43','2023-05-29 15:22:43',NULL),(11,'SOPHOS XG',12,'2023-05-29 15:30:22','2023-05-29 15:30:22',NULL),(12,'Windows 7 Ultimate',12,'2023-05-30 11:48:03','2023-05-30 11:48:03',NULL),(13,'Windows Server 2016 Datacenter',2,'2023-05-30 17:58:52','2023-05-30 17:58:52',NULL),(14,'N/A',12,'2023-06-01 10:30:34','2023-06-01 10:30:34',NULL);
/*!40000 ALTER TABLE `operating_systems` ENABLE KEYS */;
UNLOCK TABLES;

--
-- Table structure for table `password_resets`
--

DROP TABLE IF EXISTS `password_resets`;
/*!40101 SET @saved_cs_client     = @@character_set_client */;
/*!40101 SET character_set_client = utf8 */;
CREATE TABLE `password_resets` (
  `email` varchar(255) NOT NULL,
  `token` varchar(255) NOT NULL,
  `created_at` timestamp NULL DEFAULT NULL,
  KEY `password_resets_email_index` (`email`)
) ENGINE=InnoDB DEFAULT CHARSET=utf8mb4 COLLATE=utf8mb4_unicode_ci;
/*!40101 SET character_set_client = @saved_cs_client */;

--
-- Dumping data for table `password_resets`
--

LOCK TABLES `password_resets` WRITE;
/*!40000 ALTER TABLE `password_resets` DISABLE KEYS */;
/*!40000 ALTER TABLE `password_resets` ENABLE KEYS */;
UNLOCK TABLES;

--
-- Table structure for table `pc_inventory`
--

DROP TABLE IF EXISTS `pc_inventory`;
/*!40101 SET @saved_cs_client     = @@character_set_client */;
/*!40101 SET character_set_client = utf8 */;
CREATE TABLE `pc_inventory` (
  `id` int(10) unsigned NOT NULL AUTO_INCREMENT,
  `serial_number` varchar(50) NOT NULL,
  `category_name` varchar(50) NOT NULL DEFAULT 'PC',
  `model_id` int(10) unsigned NOT NULL,
  `cpu_id` int(10) unsigned NOT NULL,
  `gpu1_id` int(10) unsigned NOT NULL,
  `gpu2_id` int(10) unsigned NOT NULL,
  `hdd_storage` int(10) NOT NULL,
  `ssd_storage` int(10) NOT NULL,
  `ram` varchar(50) NOT NULL,
  `os_id` int(10) unsigned NOT NULL,
  `site_activity_id` int(10) unsigned NOT NULL,
  `flag_id` int(10) unsigned NOT NULL,
  `employee_id` int(10) unsigned DEFAULT NULL,
  `created_by` bigint(20) unsigned NOT NULL,
  `created_at` timestamp NULL DEFAULT NULL,
  `updated_at` timestamp NULL DEFAULT NULL,
  `deleted_at` timestamp NULL DEFAULT NULL,
  PRIMARY KEY (`id`,`serial_number`),
  UNIQUE KEY `serial_number` (`serial_number`),
  KEY `pc_created_by_fk` (`created_by`),
  KEY `pc_site_activity_id_fk` (`site_activity_id`),
  KEY `pc_cpu_id_fk` (`cpu_id`),
  KEY `pc_gpu1_id_fk` (`gpu1_id`),
  KEY `pc_flag_fk` (`flag_id`),
  KEY `pc_gpu2_id_fk` (`gpu2_id`),
  KEY `pc_os_fk` (`os_id`),
  KEY `pc_model_id_fk` (`model_id`),
  KEY `pc_employee_id_fk` (`employee_id`),
  CONSTRAINT `pc_cpu_id_fk` FOREIGN KEY (`cpu_id`) REFERENCES `cpu_tb` (`id`),
  CONSTRAINT `pc_created_by_fk` FOREIGN KEY (`created_by`) REFERENCES `users` (`id`),
  CONSTRAINT `pc_employee_id_fk` FOREIGN KEY (`employee_id`) REFERENCES `employees` (`id`) ON DELETE NO ACTION ON UPDATE NO ACTION,
  CONSTRAINT `pc_flag_fk` FOREIGN KEY (`flag_id`) REFERENCES `flags` (`id`),
  CONSTRAINT `pc_gpu1_id_fk` FOREIGN KEY (`gpu1_id`) REFERENCES `gpu_tb` (`id`),
  CONSTRAINT `pc_gpu2_id_fk` FOREIGN KEY (`gpu2_id`) REFERENCES `gpu_tb` (`id`),
  CONSTRAINT `pc_model_id_fk` FOREIGN KEY (`model_id`) REFERENCES `inventory_models` (`id`) ON DELETE NO ACTION ON UPDATE NO ACTION,
  CONSTRAINT `pc_os_fk` FOREIGN KEY (`os_id`) REFERENCES `operating_systems` (`id`),
  CONSTRAINT `pc_site_activity_id_fk` FOREIGN KEY (`site_activity_id`) REFERENCES `sites_activities` (`id`)
) ENGINE=InnoDB AUTO_INCREMENT=228 DEFAULT CHARSET=utf8 COLLATE=utf8_unicode_ci;
/*!40101 SET character_set_client = @saved_cs_client */;

--
-- Dumping data for table `pc_inventory`
--

LOCK TABLES `pc_inventory` WRITE;
/*!40000 ALTER TABLE `pc_inventory` DISABLE KEYS */;
INSERT INTO `pc_inventory` VALUES (1,'4GN49Y1','PC',10,5,14,1,2000,250,'64 GB',1,1,2,152,7,'2023-03-12 13:47:37','2023-05-02 10:20:18',NULL),(2,'8QW4XV1','PC',10,5,14,1,2000,500,'64 GB',1,1,2,812,7,'2023-03-12 13:59:54','2023-05-09 10:23:38',NULL),(3,'8VC3XV1','PC',10,5,14,1,1000,256,'64 GB',1,1,2,190,7,'2023-03-12 14:27:54','2023-05-17 07:24:12',NULL),(4,'2UA7441SN1','PC',18,12,2,1,0,500,'8 GB',1,1,1,NULL,7,'2023-03-12 14:47:35','2023-03-12 14:47:35',NULL),(5,'2UA7441VF7','PC',18,12,2,1,0,500,'8 GB',1,1,1,NULL,7,'2023-03-12 14:48:55','2023-03-12 14:48:55',NULL),(6,'13506C1','PC',21,13,2,1,250,0,'8 GB',1,1,1,NULL,7,'2023-03-12 14:59:09','2023-03-12 14:59:09',NULL),(7,'MXLOL40DCP','PC',25,14,2,1,160,0,'4 GB',1,1,1,NULL,7,'2023-03-12 16:22:09','2023-03-12 16:22:09',NULL),(8,'SGH415TGFB','PC',26,15,2,1,0,256,'8 GB',1,1,2,573,7,'2023-03-12 16:26:37','2023-05-03 12:28:19',NULL),(9,'SGH602QNR9','PC',26,15,2,1,0,256,'8 GB',1,1,2,1114,7,'2023-03-12 16:29:43','2023-05-03 12:00:28',NULL),(10,'SGH423P5NL','PC',26,15,2,1,0,256,'8 GB',1,1,2,107,7,'2023-03-12 16:31:31','2023-05-03 11:48:20',NULL),(11,'SGH527SST7','PC',26,15,2,1,0,256,'8 GB',1,1,2,788,7,'2023-03-12 16:32:52','2023-05-03 12:49:23',NULL),(12,'SGH540R669','PC',26,15,2,1,0,256,'8 GB',1,1,2,1716,7,'2023-03-12 16:34:21','2023-05-03 12:09:59',NULL),(13,'2UA70630R1','PC',29,10,2,1,0,480,'8 GB',1,1,1,NULL,7,'2023-03-12 17:06:57','2024-01-30 16:49:32',NULL),(14,'2UA7101Z94','PC',29,10,2,1,0,480,'8 GB',1,1,2,65,7,'2023-03-12 17:08:55','2023-05-07 13:24:02',NULL),(15,'2UA70630PS','PC',29,10,2,1,0,480,'8 GB',1,1,2,1120,7,'2023-03-12 17:10:38','2023-05-03 11:38:08',NULL),(16,'2UA7161ZZH','PC',29,10,2,1,0,480,'8 GB',1,1,2,982,7,'2023-03-12 17:11:53','2023-05-07 13:09:18',NULL),(17,'2UA7101ZFL','PC',29,10,2,1,0,480,'8 GB',1,1,2,217,7,'2023-03-12 17:13:23','2023-05-09 12:49:59',NULL),(18,'SGH328TPW1','PC',32,17,2,1,500,0,'6 GB',1,1,1,NULL,7,'2023-03-13 09:14:19','2023-03-13 09:14:19',NULL),(19,'6CR317W38T','PC',36,19,19,1,1000,512,'16 GB',1,1,2,665,7,'2023-03-13 11:30:10','2023-05-07 15:08:20',NULL),(20,'6CR309WDQH','PC',36,19,19,1,1000,512,'16 GB',1,2,2,1421,7,'2023-03-13 11:39:48','2023-05-07 15:00:14',NULL),(21,'123456','PC',37,20,20,1,1000,0,'32 GB',1,1,2,1724,7,'2023-03-13 11:45:42','2023-05-09 07:30:16',NULL),(22,'CZC7207KJF','PC',29,12,2,1,0,500,'16 GB',1,1,2,569,7,'2023-03-13 12:34:35','2023-03-25 11:22:10',NULL),(23,'CZC70475ZB','PC',29,12,2,1,0,500,'8 GB',1,1,2,801,7,'2023-03-13 12:36:04','2023-03-25 11:54:05',NULL),(24,'SGH328TPVK','PC',32,17,2,1,0,1000,'12 GB',1,1,2,672,7,'2023-03-13 12:48:20','2023-03-25 11:36:47',NULL),(25,'SGH327SRY3','PC',32,17,2,1,0,120,'8 GB',1,1,2,1237,7,'2023-03-13 12:51:41','2023-05-09 12:39:13',NULL),(26,'SGH327SRY3-12345','PC',32,17,2,1,0,500,'16 GB',1,1,1,NULL,7,'2023-03-13 13:07:38','2023-03-13 13:07:38',NULL),(27,'2UA7491RSB','PC',18,12,2,1,0,512,'8 GB',1,13,2,165,2,'2023-03-13 13:21:58','2023-06-06 15:27:52',NULL),(28,'DSKYFG1','PC',44,23,2,1,500,0,'6 GB',1,1,1,NULL,7,'2023-03-13 13:31:07','2023-03-13 13:31:07',NULL),(29,'CZC504322M','PC',45,15,2,1,0,480,'10 GB',1,1,2,1153,7,'2023-03-13 13:35:08','2023-05-07 13:39:11',NULL),(30,'CZC50723JM','PC',45,15,2,1,0,480,'10 GB',1,1,2,188,7,'2023-03-13 14:03:47','2023-05-07 13:43:49',NULL),(31,'MXI82827DS','PC',29,10,2,1,500,0,'8 GB',1,1,1,NULL,7,'2023-03-13 14:14:18','2023-03-13 14:14:18',NULL),(32,'CZC504326T','PC',45,15,2,1,500,0,'6 GB',1,1,2,1439,7,'2023-03-13 14:15:38','2023-05-09 13:11:23',NULL),(33,'7P6F7Y1','PC',48,24,2,1,500,0,'8 GB',1,1,2,449,7,'2023-03-13 14:20:34','2023-05-09 12:58:48',NULL),(34,'CZC5102TDJ','PC',45,15,2,1,320,0,'12 GB',1,1,2,1237,7,'2023-03-13 14:22:05','2023-03-25 12:21:59',NULL),(35,'2UA7342LJS','PC',18,12,2,1,0,500,'16 GB',1,9,1,NULL,7,'2023-03-14 09:07:31','2023-03-14 09:07:31',NULL),(36,'2UA74928VZ','PC',18,12,2,1,0,500,'8 GB',1,9,1,NULL,7,'2023-03-14 09:14:17','2023-03-14 09:14:17',NULL),(37,'2UA716204J','PC',29,10,2,1,0,500,'8 GB',1,2,1,NULL,7,'2023-03-14 09:51:47','2023-03-14 09:51:47',NULL),(38,'2UA7101ZGD','PC',29,10,2,1,0,500,'8 GB',1,2,1,NULL,7,'2023-03-14 09:52:59','2023-03-14 09:52:59',NULL),(39,'12','PC',62,26,2,1,1000,128,'16 GB',1,2,1,NULL,7,'2023-03-14 10:14:12','2023-03-14 11:26:24',NULL),(40,'8CC92622Z0','PC',62,26,2,24,1000,128,'16 GB',1,2,2,1140,7,'2023-03-14 11:26:00','2023-05-08 11:36:20',NULL),(41,'ML3CY1','PC',63,27,2,1,2000,180,'48 GB',1,2,1,NULL,7,'2023-03-14 11:35:45','2023-03-14 11:35:45',NULL),(42,'14','PC',32,17,2,1,500,0,'12 GB',1,2,1,NULL,7,'2023-03-14 11:38:32','2023-03-14 11:38:32',NULL),(43,'8TS0DX1','PC',63,28,2,1,750,0,'8 GB',1,2,2,135,7,'2023-03-14 11:45:53','2023-03-25 11:10:00',NULL),(44,'15','PC',63,28,2,1,320,512,'8 GB',1,2,1,NULL,7,'2023-03-14 12:14:23','2023-03-14 12:14:23',NULL),(45,'8TWZCX1','PC',63,28,23,1,500,512,'12 GB',1,2,2,1353,7,'2023-03-14 12:16:48','2023-05-29 11:51:14',NULL),(46,'SGH328TPWJ','PC',32,17,21,1,0,500,'16 GB',1,2,2,1283,7,'2023-03-14 12:22:29','2023-05-08 09:20:27',NULL),(47,'MXL6231N6D','PC',29,10,2,1,500,0,'8 GB',1,2,2,1720,7,'2023-03-14 13:11:15','2023-05-08 15:31:28',NULL),(48,'42327490177','PC',45,15,2,1,500,0,'8 GB',1,2,1,NULL,7,'2023-03-14 13:12:29','2023-03-14 13:12:29',NULL),(49,'16','PC',71,10,2,1,0,250,'8 GB',1,2,1,NULL,7,'2023-03-14 13:18:58','2023-03-14 13:18:58',NULL),(50,'17','PC',72,10,2,1,1000,0,'8 GB',1,2,1,NULL,7,'2023-03-14 13:22:33','2023-03-14 13:22:33',NULL),(51,'FZT7GZ1','PC',72,15,2,1,500,250,'12 GB',1,2,1,NULL,7,'2023-03-14 13:31:45','2023-03-14 13:31:45',NULL),(52,'4WGT5Y1','PC',74,17,21,1,1320,480,'16 GB',1,2,2,1211,7,'2023-03-14 13:39:47','2023-05-09 13:23:07',NULL),(53,'18','PC',76,15,2,1,500,250,'8 GB',1,2,1,NULL,7,'2023-03-14 14:15:51','2023-03-14 14:15:51',NULL),(54,'CZC4220X3Y','PC',45,16,2,1,500,0,'8 GB',1,2,2,442,7,'2023-03-14 14:17:15','2023-05-08 15:17:27',NULL),(55,'F7G4N22','PC',76,15,2,1,500,256,'8 GB',1,2,2,1721,7,'2023-03-14 14:23:30','2023-05-08 15:36:14',NULL),(56,'81VW942','PC',72,15,2,1,1000,250,'12 GB',1,2,2,1719,7,'2023-03-14 14:26:10','2023-05-08 15:08:20',NULL),(57,'89L9182','PC',72,15,2,1,1000,250,'12 GB',1,2,2,1270,7,'2023-03-14 14:32:27','2023-05-08 15:00:04',NULL),(58,'TRF421074Z','PC',78,29,2,1,500,0,'16 GB',1,2,2,90,7,'2023-03-14 14:42:05','2023-05-13 13:20:27',NULL),(59,'C02FX02606WF','PC',81,30,2,1,0,512,'8 GB',1,2,1,NULL,7,'2023-03-14 15:23:54','2023-03-14 15:23:54',NULL),(60,'111080104063','PC',44,31,2,1,160,0,'4 GB',1,2,1,NULL,7,'2023-03-15 13:25:06','2023-03-15 13:25:06',NULL),(61,'MXL02105RC','PC',25,32,2,1,160,0,'3 GB',1,2,2,1730,7,'2023-03-15 13:27:34','2023-05-09 10:50:20',NULL),(62,'111080101114','PC',44,31,2,1,160,0,'4 GB',1,2,1,NULL,7,'2023-03-15 13:44:12','2023-03-15 13:44:12',NULL),(63,'2MJYQD2','PC',96,33,2,1,1000,0,'32 GB',1,9,1,NULL,7,'2023-03-15 15:48:24','2023-03-15 15:48:24',NULL),(64,'SGH328TPWR','PC',32,17,2,1,500,0,'8 GB',1,9,1,NULL,7,'2023-03-18 12:31:42','2023-03-18 12:31:42',NULL),(65,'SGH328TPW2','PC',32,17,2,1,500,0,'8 GB',1,9,1,NULL,7,'2023-03-18 12:40:34','2023-03-18 12:40:34',NULL),(66,'MXL82827DS','PC',29,10,2,1,500,0,'8 GB',1,1,1,NULL,7,'2023-03-25 12:09:47','2023-06-17 11:45:12',NULL),(67,'2UA7291Z5Q','PC',105,33,1,10,0,500,'64 GB',1,25,2,812,7,'2023-03-26 10:44:27','2023-03-26 10:45:16',NULL),(68,'54YPJH2','PC',37,7,11,1,0,1000,'64 GB',1,12,2,1913,9,'2023-03-28 12:07:31','2023-08-10 13:35:36',NULL),(69,'MJ539DF','PC',108,36,2,1,500,0,'8 GB',1,9,2,1714,7,'2023-03-28 12:31:39','2023-05-03 08:32:55',NULL),(70,'CVX8KB2','PC',111,11,2,1,160,0,'8 GB',1,9,2,1711,7,'2023-03-28 13:09:32','2023-05-03 08:45:01',NULL),(71,'2UA5091M2P','PC',114,7,14,1,2000,256,'24 GB',1,1,2,992,7,'2023-05-02 10:02:26','2023-05-02 10:03:26',NULL),(72,'2UA74922Q3','PC',18,12,2,1,0,500,'8 GB',1,1,2,67,7,'2023-05-03 11:04:42','2023-05-03 11:04:57',NULL),(73,'MXL0140DQP','PC',25,14,2,1,160,0,'4 GB',1,1,2,1393,7,'2023-05-03 12:40:59','2023-05-03 12:41:48',NULL),(74,'2UA70630S9','PC',29,10,2,1,0,480,'8 GB',1,1,2,1717,7,'2023-05-07 13:16:04','2023-05-07 13:20:56',NULL),(75,'BX51JB2','PC',37,20,20,1,250,512,'32 GB',1,1,2,810,7,'2023-05-07 15:17:47','2023-05-07 15:18:02',NULL),(76,'9ML3CY1','PC',63,27,19,1,2000,480,'48 GB',1,1,2,1138,7,'2023-05-07 15:24:12','2023-05-07 15:24:41',NULL),(77,'9CB9DZ1','PC',63,28,22,1,320,512,'8 GB',1,1,2,1139,7,'2023-05-08 09:31:51','2023-05-08 09:32:21',NULL),(78,'8CC9281ZL5','PC',62,26,2,24,1000,128,'16 GB',2,1,2,1367,7,'2023-05-08 12:08:10','2023-05-08 12:09:07',NULL),(79,'2RSXF82','PC',76,15,2,1,500,256,'8 GB',1,2,2,1718,7,'2023-05-08 14:54:04','2023-05-08 14:56:46',NULL),(80,'SGH611S8YM','PC',26,15,2,1,0,256,'8 GB',1,2,2,1723,7,'2023-05-08 15:51:00','2023-05-08 15:52:49',NULL),(81,'7QYYZF1','PC',44,31,2,1,160,0,'4 GB',1,2,2,1654,7,'2023-05-09 08:10:23','2023-05-09 08:10:43',NULL),(82,'C02FX026Q6WF','PC',81,2,25,1,0,500,'8 GB',5,2,2,1727,7,'2023-05-09 08:42:49','2023-05-09 08:44:55',NULL),(83,'B3L3TH1','PC',44,38,2,1,160,0,'3 GB',1,2,2,1729,7,'2023-05-09 09:08:54','2023-05-09 09:10:49',NULL),(84,'B334M82','PC',71,10,2,1,0,240,'8 GB',1,2,2,1399,7,'2023-05-13 12:52:09','2023-05-13 12:52:29',NULL),(85,'2UA50712KP','PC',45,15,2,1,500,0,'8 GB',1,2,2,208,7,'2023-05-13 13:12:45','2023-05-13 13:12:57',NULL),(86,'73DCR52','PC',72,15,2,1,1000,240,'0 GB',1,2,2,490,7,'2023-05-13 13:28:44','2023-05-13 13:29:17',NULL),(87,'J027ZD42','PC',126,39,11,1,1000,250,'64 GB',1,9,1,NULL,7,'2023-05-20 08:18:52','2023-05-20 08:18:52',NULL),(88,'MXL6401T11','PC',29,10,2,1,0,480,'8',1,22,2,1887,12,'2023-05-29 13:53:24','2023-05-29 14:22:19',NULL),(89,'MXL7040NQ8','PC',29,10,2,1,0,480,'8',1,22,2,1886,12,'2023-05-29 14:25:35','2023-05-29 14:25:59',NULL),(90,'MXL6401SZ6','PC',29,10,2,1,0,480,'8',1,22,2,1888,12,'2023-05-29 14:27:10','2023-05-29 14:27:25',NULL),(91,'2HFHDD1','PC',128,61,2,1,160,0,'6 GB',12,22,2,1892,2,'2023-05-29 14:30:40','2023-12-25 14:07:33',NULL),(92,'G2T6LH1','PC',44,38,2,1,0,0,'0 GB',14,30,3,NULL,2,'2023-05-29 14:33:17','2023-12-25 14:09:30',NULL),(93,'B127VL1','PC',273,38,2,1,500,0,'4',1,22,2,1885,2,'2023-05-29 14:42:28','2023-12-25 14:16:22',NULL),(94,'81V1B42','PC',72,1,2,1,500,0,'12 GB',1,15,2,1744,11,'2023-05-30 11:09:09','2023-05-30 11:09:41',NULL),(95,'5246Z12','PC',48,35,2,1,500,0,'8 GB',1,15,2,1747,11,'2023-05-30 11:15:10','2023-05-30 11:15:36',NULL),(96,'CTJR612','PC',76,35,2,21,500,0,'8 GB',8,15,2,1748,11,'2023-05-30 11:41:45','2023-05-30 11:42:08',NULL),(97,'5504G5J','PC',48,15,2,1,0,0,'4 GB',8,15,2,1745,11,'2023-05-30 11:44:26','2023-05-30 11:44:38',NULL),(98,'8805WS1','PC',48,15,2,1,500,0,'8 GB',1,15,2,1746,11,'2023-05-30 11:50:33','2023-05-30 11:50:47',NULL),(99,'F66GCP1','PC',129,31,2,21,250,0,'8 GB',8,15,2,1749,11,'2023-05-30 11:53:37','2023-05-30 11:54:05',NULL),(100,'BFDDPN1','PC',129,23,2,1,250,0,'4 GB',1,15,2,1901,11,'2023-05-30 12:01:45','2023-05-30 12:03:27',NULL),(101,'MXL8291L61','PC',152,10,2,1,0,500,'8 GB',1,13,2,1401,2,'2023-05-30 12:09:15','2023-06-06 11:26:05',NULL),(102,'9KQZ5Y1','PC',48,15,2,21,500,0,'8 GB',1,15,2,1753,11,'2023-05-30 12:14:49','2023-05-30 12:15:23',NULL),(103,'SGH328TPW8','PC',239,17,2,1,500,1000,'12 GB',1,13,2,1116,2,'2023-05-30 12:18:39','2023-06-06 11:12:02',NULL),(104,'2VA1170FX1','PC',25,37,2,12,250,0,'6 GB',1,15,2,1756,11,'2023-05-30 12:19:16','2023-05-30 12:19:45',NULL),(105,'F6HVZ72','PC',76,15,2,1,2000,0,'6 GB',1,15,2,1758,11,'2023-05-30 12:24:30','2023-05-30 12:24:49',NULL),(106,'BCB1C4J','PC',129,23,2,1,320,0,'4 GB',8,15,2,1754,11,'2023-05-30 12:26:40','2023-05-30 12:26:58',NULL),(107,'53XZDN1','PC',129,23,2,1,250,0,'4 GB',1,15,2,1755,11,'2023-05-30 12:28:38','2023-05-30 12:28:54',NULL),(108,'9HL6DX1','PC',48,36,2,1,500,480,'8 GB',1,13,2,684,4,'2023-05-30 12:28:50','2023-09-28 13:22:04',NULL),(109,'DVf6BY1','PC',63,3,2,1,500,0,'4 GB',1,15,2,1759,11,'2023-05-30 12:30:26','2023-05-30 12:30:44',NULL),(110,'FPGR612','PC',76,15,2,1,500,0,'8 GB',1,15,2,1751,11,'2023-05-30 12:35:41','2023-05-30 12:36:19',NULL),(111,'SGH328TPVZ','PC',239,17,2,21,500,480,'12 GB',1,13,2,1328,2,'2023-05-30 12:36:44','2023-06-06 11:23:54',NULL),(112,'28QNK4J','PC',129,23,2,1,250,0,'3 GB',8,15,2,1902,11,'2023-05-30 12:38:15','2023-05-30 12:39:29',NULL),(113,'CZC3090NH3','PC',153,29,2,1,500,500,'8 GB',1,13,2,559,2,'2023-05-30 12:41:21','2023-06-06 12:01:23',NULL),(114,'CZC4060JFX','PC',153,29,2,1,500,240,'4 GB',1,13,2,1898,2,'2023-05-30 12:46:00','2023-06-23 14:06:44',NULL),(115,'7KQY5Y1','PC',48,15,2,21,250,0,'8 GB',1,15,2,1763,11,'2023-05-30 13:03:27','2023-05-30 13:03:51',NULL),(116,'FHQZ5Y1','PC',48,15,2,21,250,0,'4 GB',1,15,2,1762,11,'2023-05-30 13:05:15','2023-05-30 13:05:32',NULL),(117,'FNT0TG1','PC',129,38,2,1,500,0,'4 GB',8,15,2,1761,11,'2023-05-30 13:07:00','2023-05-30 13:11:50',NULL),(118,'7KWB4M1','PC',129,32,2,1,320,0,'4 GB',8,15,2,1760,11,'2023-05-30 13:13:56','2023-05-30 13:14:08',NULL),(119,'2DMR5Y1','PC',74,17,2,21,1000,0,'8 GB',8,15,2,1903,11,'2023-05-30 13:16:17','2023-05-30 13:16:31',NULL),(120,'55YM382','PC',157,12,2,1,0,500,'8 GB',1,13,2,1329,2,'2023-05-30 15:23:38','2023-06-08 13:04:32',NULL),(121,'CZC51151LQ','PC',45,15,2,1,320,240,'6 GB',1,13,3,NULL,4,'2023-05-30 15:28:35','2023-09-28 13:19:14',NULL),(122,'2UA4080CQ4','PC',159,29,2,1,500,0,'8 GB',1,13,2,1927,2,'2023-05-30 16:13:03','2023-06-09 15:32:54',NULL),(123,'2UA6242M9W','PC',105,46,2,31,0,480,'16 GB',1,13,2,1923,4,'2023-05-30 17:07:52','2024-01-09 13:33:31',NULL),(124,'SGH724SQ29','PC',29,10,2,1,0,500,'8 GB',1,31,2,1920,4,'2023-05-30 17:09:27','2023-07-12 15:23:11',NULL),(125,'TRF502014J','PC',164,29,2,1,500,0,'4 GB',1,31,2,1924,2,'2023-05-30 17:14:28','2023-06-08 12:05:57',NULL),(126,'JPH710XB1B','PC',165,12,2,1,0,480,'16 GB',1,31,2,1922,2,'2023-05-30 17:17:29','2023-06-08 11:01:30',NULL),(127,'MXL7131BFJ','PC',169,12,2,32,0,480,'16 GB',1,31,2,1921,2,'2023-05-30 17:31:04','2023-06-08 09:29:01',NULL),(128,'CZC6498DW','PC',29,10,2,1,0,500,'8 GB',1,31,2,1928,4,'2023-05-30 17:32:13','2023-07-12 12:28:38',NULL),(129,'2UA8301QWN','PC',105,33,2,10,0,500,'64 GB',1,31,2,1929,2,'2023-05-30 17:34:30','2023-06-12 12:38:35',NULL),(130,'4J5RP22','PC',63,48,2,34,512,500,'64 GB',8,15,2,1771,11,'2023-06-01 06:13:52','2023-06-01 06:16:46',NULL),(131,'Mohamed Eldo','PC',198,5,2,14,2500,512,'32 GB',1,15,2,1782,11,'2023-06-01 06:19:13','2023-06-01 06:19:28',NULL),(132,'4PZWG02','PC',198,48,2,34,2500,512,'64 GB',8,15,2,1772,11,'2023-06-01 06:25:54','2023-06-01 06:26:14',NULL),(133,'DHRTJ02','PC',198,48,2,34,2500,512,'64 GB',8,15,2,1774,11,'2023-06-01 06:32:26','2023-06-01 06:33:59',NULL),(134,'J6F0J02','PC',198,48,2,34,2000,512,'48 GB',8,15,2,1766,11,'2023-06-01 06:43:08','2023-06-01 06:43:22',NULL),(135,'75PSN22','PC',198,48,2,10,1000,512,'64 GB',8,15,2,1777,11,'2023-06-01 08:47:48','2023-06-01 08:48:01',NULL),(136,'GB5SY12','PC',198,48,2,34,500,512,'64 GB',8,15,2,1768,11,'2023-06-01 08:57:32','2023-06-01 08:57:46',NULL),(137,'4Q01H02','PC',198,48,2,34,500,512,'64 GB',8,15,2,1779,11,'2023-06-01 08:59:16','2023-06-01 08:59:28',NULL),(138,'35STJ02','PC',198,48,2,34,1000,512,'64 GB',12,15,2,1778,11,'2023-06-01 09:00:51','2023-06-01 09:01:12',NULL),(139,'6CHXZ12','PC',198,49,2,34,500,512,'64 GB',12,15,2,1770,11,'2023-06-01 09:02:21','2023-06-01 09:02:30',NULL),(140,'89MR5Y1','PC',74,15,2,21,2000,0,'8 GB',1,15,2,1767,11,'2023-06-01 09:04:10','2023-06-01 09:04:21',NULL),(141,'CNK7L02','PC',198,49,2,34,500,512,'64 GB',12,15,2,1769,11,'2023-06-01 09:05:41','2023-06-01 09:05:55',NULL),(142,'4BMR5Y1','PC',74,15,2,21,0,0,'8 GB',8,15,2,1783,11,'2023-06-01 09:07:22','2023-06-01 09:07:36',NULL),(143,'czvqq02','PC',76,17,2,36,4000,0,'8 GB',12,15,2,1765,11,'2023-06-01 09:09:45','2023-06-01 09:09:58',NULL),(144,'9FMZHX1','PC',63,50,2,37,500,128,'32 GB',1,15,2,1775,11,'2023-06-01 09:12:43','2023-06-01 09:12:58',NULL),(145,'2UA5021TNV','PC',36,50,2,10,1000,512,'16 GB',12,15,2,1773,11,'2023-06-01 09:16:31','2023-06-01 09:16:42',NULL),(146,'2UA74521VY','PC',105,51,2,38,0,500,'32 GB',1,15,2,1781,11,'2023-06-01 10:21:28','2023-06-01 10:21:40',NULL),(147,'2UA8122BJJ','PC',105,51,2,38,0,500,'8 GB',1,15,2,1780,11,'2023-06-01 10:27:04','2023-06-01 10:27:18',NULL),(148,'F9VVM22','PC',198,48,2,34,2500,512,'64 GB',12,15,2,1776,11,'2023-06-01 10:33:38','2023-06-01 10:33:52',NULL),(149,'2UA73620TX','PC',26,21,2,1,0,512,'16 GB',1,14,2,1824,11,'2023-06-03 09:01:00','2023-06-03 09:01:45',NULL),(150,'2UA6442PGN','PC',26,10,2,1,0,512,'16 GB',1,14,2,1822,11,'2023-06-03 09:17:43','2023-06-03 09:17:59',NULL),(151,'CZC633749X','PC',209,10,2,1,0,512,'16 GB',1,14,2,1823,11,'2023-06-03 09:20:48','2023-06-03 09:21:02',NULL),(152,'2UA5392GQL','PC',105,10,2,34,0,512,'16 GB',1,14,2,1826,11,'2023-06-03 09:24:45','2023-06-03 09:25:00',NULL),(153,'7Z3XSW1','PC',74,3,2,1,500,0,'4 GB',1,14,2,1912,11,'2023-06-03 09:43:00','2023-06-03 09:44:26',NULL),(154,'J02ZD42','PC',126,39,11,1,1000,250,'64 GB',1,9,2,1914,9,'2023-06-04 09:06:58','2023-08-10 12:34:56',NULL),(155,'MXL1071NG8','PC',237,54,2,1,500,128,'6 GB',1,5,1,NULL,1,'2023-06-04 16:04:50','2023-06-05 17:44:39',NULL),(156,'JZQYXH1','PC',44,38,2,1,160,128,'6 GB',1,5,1,NULL,1,'2023-06-04 16:07:15','2023-06-05 17:45:05',NULL),(157,'8Y8VT3J','PC',44,32,2,1,500,0,'5 GB',1,5,1,NULL,1,'2023-06-04 16:44:40','2023-06-05 17:45:20',NULL),(158,'MXL04824XX','PC',237,54,2,1,250,0,'8 GB',8,5,1,NULL,1,'2023-06-04 16:49:01','2023-06-05 17:49:00',NULL),(159,'FZT7GZ12','PC',72,15,2,1,500,240,'12 GB',1,5,1,NULL,1,'2023-06-04 16:51:41','2023-06-05 17:48:00',NULL),(160,'MXL61824M6','PC',29,12,2,1,0,500,'16 GB',1,5,1,NULL,1,'2023-06-04 16:56:40','2023-06-05 17:46:17',NULL),(161,'CZC42236XY','PC',45,15,2,1,320,128,'12 GB',3,5,1,NULL,1,'2023-06-04 16:58:37','2023-06-05 17:46:31',NULL),(162,'2UA5070W1H','PC',45,15,2,1,320,128,'12 GB',1,5,1,NULL,1,'2023-06-04 17:00:11','2023-06-05 17:46:45',NULL),(163,'2UX1162FCV','PC',237,54,2,1,80,128,'8 GB',1,5,1,NULL,5,'2023-06-04 17:13:13','2023-06-04 17:13:13',NULL),(164,'TRF41070F','PC',164,29,2,1,0,120,'8 GB',1,6,1,NULL,1,'2023-06-04 17:15:47','2023-06-05 17:48:15',NULL),(165,'J7RSP22','PC',76,15,2,1,500,248,'8 GB',1,5,1,NULL,1,'2023-06-04 17:17:29','2023-06-05 17:48:28',NULL),(166,'5CD2732','PC',76,16,2,1,160,128,'8 GB',1,5,1,NULL,1,'2023-06-04 17:21:00','2023-06-05 17:47:23',NULL),(167,'CK6DR52','PC',72,16,2,1,1000,248,'12 GB',1,5,1,NULL,1,'2023-06-04 17:23:09','2023-06-05 17:48:40',NULL),(168,'132N8Y1','PC',74,15,2,1,500,0,'8 GB',1,4,1,NULL,5,'2023-06-05 14:03:30','2023-06-06 12:47:46',NULL),(170,'67SZPN1','PC',129,31,2,1,250,0,'4 GB',1,4,1,NULL,1,'2023-06-06 12:50:45','2023-06-06 13:28:03',NULL),(171,'5RWBMG1','PC',44,23,2,1,166,0,'4 GB',8,5,1,NULL,1,'2023-06-06 12:53:22','2023-06-06 13:28:22',NULL),(172,'DKR06Y1','PC',48,17,2,36,2500,0,'16 GB',8,5,1,NULL,1,'2023-06-06 12:56:26','2023-06-06 13:30:29',NULL),(173,'CZC7027VXD','PC',29,10,2,1,0,480,'8 GB',1,5,1,NULL,1,'2023-06-06 12:58:37','2023-06-06 13:28:41',NULL),(174,'CZC7057Z3C','PC',29,10,2,1,0,480,'8GB',1,5,1,NULL,1,'2023-06-06 13:01:23','2023-06-06 13:28:59',NULL),(175,'JG0P0G1','PC',44,31,2,1,160,128,'8GB',1,5,1,NULL,1,'2023-06-06 13:03:14','2023-06-06 13:29:12',NULL),(176,'CZC7118XYT','PC',29,10,2,1,0,480,'8 GB',1,5,1,NULL,1,'2023-06-06 13:05:35','2023-06-06 13:29:27',NULL),(177,'CZC7098YM1','PC',29,10,2,1,0,480,'8 GB',1,5,1,NULL,1,'2023-06-06 13:06:43','2023-06-06 13:29:43',NULL),(178,'49R4482','PC',126,39,11,1,1000,250,'64 GB',1,25,2,1917,7,'2023-06-07 08:06:45','2023-06-07 08:09:22',NULL),(179,'2UA3501LWN','PC',114,7,2,38,500,250,'32 GB',1,24,1,NULL,14,'2023-06-08 08:51:18','2023-06-08 08:51:18',NULL),(180,'74JBBY1','PC',48,29,2,1,250,0,'4 GB',1,24,1,NULL,14,'2023-06-08 09:01:40','2023-06-08 09:01:40',NULL),(181,'6FJNFX1','PC',48,29,2,1,250,0,'4GB',1,24,1,NULL,14,'2023-06-08 09:04:33','2023-06-08 09:04:33',NULL),(182,'206CBY1','PC',48,29,2,1,250,0,'4 GB',1,24,1,NULL,14,'2023-06-08 09:06:38','2023-06-17 09:16:00',NULL),(183,'4P5JTW1','PC',48,29,2,1,250,0,'4GB',1,24,1,NULL,14,'2023-06-08 09:10:29','2023-06-08 09:10:29',NULL),(184,'7N1VGZ1','PC',48,29,2,1,250,0,'4 GB',1,24,1,NULL,14,'2023-06-08 09:11:50','2023-06-08 09:11:50',NULL),(185,'5T2NJ02','PC',48,29,2,1,250,0,'4 GB',1,24,1,NULL,14,'2023-06-08 09:13:02','2023-06-08 09:13:02',NULL),(186,'2UA3501LXF','PC',114,7,2,41,500,250,'32GB',1,24,1,NULL,14,'2023-06-17 08:37:48','2023-06-17 08:37:48',NULL),(187,'2ua41520q1','PC',114,57,2,42,500,250,'32GB',1,24,1,NULL,14,'2023-06-17 08:59:14','2023-06-17 08:59:14',NULL),(188,'2UA41610M8','PC',114,57,2,42,500,250,'32 GB',1,24,1,NULL,14,'2023-06-17 09:03:03','2023-06-17 09:03:03',NULL),(189,'2UA3501LY1','PC',114,57,2,42,500,250,'32GB',1,24,1,NULL,14,'2023-06-17 09:05:32','2023-06-17 09:05:32',NULL),(190,'7hh7gx1','PC',48,29,2,2,250,0,'4 GB',3,24,1,NULL,14,'2023-06-17 09:10:59','2023-06-17 09:10:59',NULL),(191,'7wcm7y1','PC',48,29,2,2,250,0,'4 GB',3,24,1,NULL,14,'2023-06-17 09:14:18','2023-06-17 09:14:18',NULL),(192,'F8DBTW1','PC',48,29,2,2,250,0,'4 GB',1,24,1,NULL,14,'2023-06-17 09:20:44','2023-06-17 09:20:44',NULL),(193,'DBV9Z12','PC',48,29,2,2,250,0,'4 GB',3,24,1,NULL,14,'2023-06-17 09:22:17','2023-06-17 09:22:17',NULL),(194,'2UA3490RQF','PC',114,57,39,19,500,250,'32 GB',1,24,1,NULL,14,'2023-06-17 09:26:57','2023-06-17 09:26:57',NULL),(195,'2UA3502XQJ','PC',114,29,39,43,500,250,'32 GB',1,24,1,NULL,14,'2023-06-17 09:30:21','2023-06-17 09:30:21',NULL),(196,'2UA23002DL','PC',251,35,2,2,500,0,'4 GB',1,24,1,NULL,14,'2023-06-17 09:41:30','2023-06-17 10:18:40',NULL),(197,'5B4VJ02','PC',48,29,2,2,500,0,'4 GB',1,24,1,NULL,14,'2023-06-17 10:12:03','2023-06-17 10:12:03',NULL),(198,'17HWYV1','PC',48,29,2,2,250,0,'4 GB',3,24,1,NULL,14,'2023-06-17 10:13:58','2023-06-17 10:13:58',NULL),(199,'6474h02','PC',48,29,2,2,250,0,'4 GB',1,24,1,NULL,14,'2023-06-17 10:15:10','2023-06-17 10:15:10',NULL),(200,'CWJSPV1','PC',48,29,2,2,250,0,'4 GB',3,24,1,NULL,14,'2023-06-17 10:16:31','2023-06-17 10:16:31',NULL),(201,'H0CZJQ1','PC',48,29,2,2,250,0,'4 GB',3,24,1,NULL,14,'2023-06-17 10:17:44','2023-06-17 10:17:44',NULL),(202,'5b5rj02','PC',48,29,2,2,250,0,'4GB',3,24,1,NULL,14,'2023-06-17 10:20:27','2023-06-17 10:20:27',NULL),(203,'C2WHCX1','PC',48,29,2,2,250,0,'4 GB',3,24,1,NULL,14,'2023-06-17 10:24:05','2023-06-17 10:24:05',NULL),(204,'7H98GX1','PC',48,29,2,2,250,0,'4 GB',1,24,1,NULL,14,'2023-06-17 10:25:21','2023-06-17 10:25:21',NULL),(205,'CZC7238QVH','PC',29,10,2,1,620,0,'8 GB',1,31,2,1931,4,'2023-07-12 10:49:07','2023-07-12 10:54:29',NULL),(207,'CZC7488M48','PC',18,10,2,1,0,500,'8 GB',1,13,2,449,4,'2023-07-14 12:49:44','2023-07-14 12:51:03',NULL),(208,'CZC7417QZP','PC',18,10,2,1,0,500,'8 GB',1,9,2,1946,9,'2023-07-15 20:25:30','2023-07-15 20:25:47',NULL),(209,'CZC7527XR7','PC',18,10,2,1,0,500,'8 GB',1,9,2,1947,9,'2023-07-15 20:28:30','2023-07-15 20:28:42',NULL),(210,'2UA71011QC','PC',25,10,2,1,0,500,'16 GB',1,13,2,921,4,'2023-09-28 13:25:39','2023-09-28 13:26:28',NULL),(211,'2UA7041WH5','PC',26,10,2,1,0,500,'8 GB',1,9,2,1973,9,'2023-10-01 01:50:17','2023-10-12 14:21:23',NULL),(212,'2UA6421ZH9','PC',26,10,2,2,0,512,'16 GB',1,1,2,1393,16,'2023-10-06 14:07:13','2023-10-06 14:07:29',NULL),(213,'PF426V3M','PC',268,60,2,47,0,1000,'16 GB',2,1,2,1974,16,'2023-10-17 13:39:12','2023-10-17 13:39:50',NULL),(214,'CZC7238R0G','PC',29,10,2,2,0,512,'16 GB',1,1,2,1975,16,'2023-10-19 12:27:01','2023-10-19 12:28:00',NULL),(215,'CZC7178N9R','PC',29,10,2,2,0,512,'16 GB',1,1,2,1878,16,'2023-10-19 12:55:40','2023-10-19 12:55:52',NULL),(216,'CZC7238QW1','PC',29,10,2,1,0,512,'16 GB',1,21,2,1990,1,'2023-10-25 15:22:51','2023-12-21 12:34:38',NULL),(217,'CZC7068RVC','PC',29,10,1,1,0,500,'16 GB',1,13,2,1978,4,'2023-11-08 14:49:18','2023-11-08 16:03:52',NULL),(218,'ds261dvs','PC',29,10,2,2,0,512,'16 GB',1,1,2,1979,16,'2023-11-09 14:56:59','2023-11-09 15:02:30',NULL),(219,'CZC7178N9ds','PC',29,10,2,2,0,512,'16 GB',1,1,2,1980,16,'2023-11-09 14:57:59','2023-11-09 15:04:09',NULL),(220,'KDC435RT','PC',29,10,2,2,0,512,'16 GB',1,1,2,1982,16,'2023-11-15 14:25:15','2023-11-15 14:25:52',NULL),(221,'CZC7258VVQ','PC',29,10,2,1,0,512,'16 GB',1,9,2,1983,9,'2023-11-15 16:02:42','2023-11-15 16:03:08',NULL),(222,'CZC7238QNK','PC',29,10,2,1,0,500,'16 GB',1,9,2,1984,9,'2023-11-15 17:37:59','2023-11-15 17:38:30',NULL),(223,'CZC7248V5T','PC',29,10,2,1,0,500,'16 GB',1,9,2,1984,9,'2023-11-16 18:51:28','2023-11-16 18:52:10',NULL),(224,'CZC2474M8T','PC',148,29,2,1,0,1000,'8 GB',1,22,2,1991,2,'2023-12-25 14:19:01','2023-12-25 14:19:32',NULL),(225,'B5J8JH1','PC',44,38,2,1,160,0,'4 GB',3,30,2,1884,2,'2023-12-25 14:22:14','2023-12-25 14:22:38',NULL),(226,'7RS3TH1','PC',44,38,2,1,0,0,'0 GB',14,22,3,NULL,2,'2023-12-25 14:23:44','2023-12-25 14:23:44',NULL),(227,'CZC7327XY1','PC',29,10,1,1,0,500,'16 GB',1,13,2,1993,4,'2024-01-11 11:06:59','2024-01-11 11:07:39',NULL);
/*!40000 ALTER TABLE `pc_inventory` ENABLE KEYS */;
UNLOCK TABLES;

--
-- Table structure for table `personal_access_tokens`
--

DROP TABLE IF EXISTS `personal_access_tokens`;
/*!40101 SET @saved_cs_client     = @@character_set_client */;
/*!40101 SET character_set_client = utf8 */;
CREATE TABLE `personal_access_tokens` (
  `id` bigint(20) unsigned NOT NULL AUTO_INCREMENT,
  `tokenable_type` varchar(255) NOT NULL,
  `tokenable_id` bigint(20) unsigned NOT NULL,
  `name` varchar(255) NOT NULL,
  `token` varchar(64) NOT NULL,
  `abilities` text DEFAULT NULL,
  `last_used_at` timestamp NULL DEFAULT NULL,
  `expires_at` timestamp NULL DEFAULT NULL,
  `created_at` timestamp NULL DEFAULT NULL,
  `updated_at` timestamp NULL DEFAULT NULL,
  PRIMARY KEY (`id`),
  UNIQUE KEY `personal_access_tokens_token_unique` (`token`),
  KEY `personal_access_tokens_tokenable_type_tokenable_id_index` (`tokenable_type`,`tokenable_id`)
) ENGINE=InnoDB DEFAULT CHARSET=utf8mb4 COLLATE=utf8mb4_unicode_ci;
/*!40101 SET character_set_client = @saved_cs_client */;

--
-- Dumping data for table `personal_access_tokens`
--

LOCK TABLES `personal_access_tokens` WRITE;
/*!40000 ALTER TABLE `personal_access_tokens` DISABLE KEYS */;
/*!40000 ALTER TABLE `personal_access_tokens` ENABLE KEYS */;
UNLOCK TABLES;

--
-- Table structure for table `printers_category`
--

DROP TABLE IF EXISTS `printers_category`;
/*!40101 SET @saved_cs_client     = @@character_set_client */;
/*!40101 SET character_set_client = utf8 */;
CREATE TABLE `printers_category` (
  `id` int(10) unsigned NOT NULL AUTO_INCREMENT,
  `category_name` varchar(50) NOT NULL,
  `created_by` bigint(20) unsigned NOT NULL,
  `created_at` timestamp NULL DEFAULT NULL,
  `updated_at` timestamp NULL DEFAULT NULL,
  `deleted_at` timestamp NULL DEFAULT NULL,
  PRIMARY KEY (`id`),
  UNIQUE KEY `category_name` (`category_name`),
  KEY `printers_category_created_by_fk` (`created_by`),
  CONSTRAINT `printers_category_created_by_fk` FOREIGN KEY (`created_by`) REFERENCES `users` (`id`)
) ENGINE=InnoDB AUTO_INCREMENT=9 DEFAULT CHARSET=utf8 COLLATE=utf8_unicode_ci;
/*!40101 SET character_set_client = @saved_cs_client */;

--
-- Dumping data for table `printers_category`
--

LOCK TABLES `printers_category` WRITE;
/*!40000 ALTER TABLE `printers_category` DISABLE KEYS */;
INSERT INTO `printers_category` VALUES (1,'3 in 1',1,'2023-01-06 18:42:45','2023-01-06 18:42:45',NULL),(2,'2 in 1',1,'2023-01-06 18:42:45','2023-01-06 18:42:45',NULL),(3,'Laser',1,'2023-01-06 18:42:45','2023-01-06 18:42:45',NULL),(4,'Color',1,'2023-01-06 18:42:45','2023-01-06 18:42:45',NULL),(5,'Barcode Printer',1,'2023-01-06 18:42:45','2023-01-06 18:42:45',NULL),(6,'Scanner',1,'2023-01-06 18:42:45','2023-01-06 18:42:45',NULL),(7,'Barcode Scanner',1,'2023-01-06 18:42:45','2023-01-06 18:42:45',NULL),(8,'Card Printer',1,'2023-01-06 18:42:45','2023-01-06 18:42:45',NULL);
/*!40000 ALTER TABLE `printers_category` ENABLE KEYS */;
UNLOCK TABLES;

--
-- Table structure for table `printers_inventory`
--

DROP TABLE IF EXISTS `printers_inventory`;
/*!40101 SET @saved_cs_client     = @@character_set_client */;
/*!40101 SET character_set_client = utf8 */;
CREATE TABLE `printers_inventory` (
  `id` int(10) unsigned NOT NULL AUTO_INCREMENT,
  `serial_number` varchar(50) NOT NULL,
  `category_id` int(10) unsigned NOT NULL,
  `model_id` int(10) unsigned NOT NULL,
  `site_activity_id` int(10) unsigned NOT NULL,
  `flag_id` int(10) unsigned NOT NULL,
  `employee_id` int(10) unsigned DEFAULT NULL,
  `created_by` bigint(20) unsigned NOT NULL,
  `created_at` timestamp NULL DEFAULT NULL,
  `updated_at` timestamp NULL DEFAULT NULL,
  `deleted_at` timestamp NULL DEFAULT NULL,
  PRIMARY KEY (`id`),
  UNIQUE KEY `serial_number` (`serial_number`),
  KEY `printers_created_by_fk` (`created_by`),
  KEY `printers_site_activity_id_fk` (`site_activity_id`),
  KEY `printers_flag_id_fk` (`flag_id`),
  KEY `printers_category_id_fk` (`category_id`),
  KEY `printers_model_id_fk` (`model_id`),
  KEY `printers_employee_id_fk` (`employee_id`),
  CONSTRAINT `printers_category_id_fk` FOREIGN KEY (`category_id`) REFERENCES `printers_category` (`id`),
  CONSTRAINT `printers_created_by_fk` FOREIGN KEY (`created_by`) REFERENCES `users` (`id`),
  CONSTRAINT `printers_employee_id_fk` FOREIGN KEY (`employee_id`) REFERENCES `employees` (`id`) ON DELETE NO ACTION ON UPDATE NO ACTION,
  CONSTRAINT `printers_flag_id_fk` FOREIGN KEY (`flag_id`) REFERENCES `flags` (`id`),
  CONSTRAINT `printers_model_id_fk` FOREIGN KEY (`model_id`) REFERENCES `inventory_models` (`id`) ON DELETE NO ACTION ON UPDATE NO ACTION,
  CONSTRAINT `printers_site_activity_id_fk` FOREIGN KEY (`site_activity_id`) REFERENCES `sites_activities` (`id`)
) ENGINE=InnoDB AUTO_INCREMENT=78 DEFAULT CHARSET=utf8 COLLATE=utf8_unicode_ci;
/*!40101 SET character_set_client = @saved_cs_client */;

--
-- Dumping data for table `printers_inventory`
--

LOCK TABLES `printers_inventory` WRITE;
/*!40000 ALTER TABLE `printers_inventory` DISABLE KEYS */;
INSERT INTO `printers_inventory` VALUES (1,'YLM60503',1,24,1,1,NULL,7,'2023-03-12 15:10:40','2023-03-12 15:10:40',NULL),(2,'MKRA502533',3,31,1,1,NULL,7,'2023-03-13 09:07:23','2023-03-13 09:07:23',NULL),(3,'YLM40386',1,24,1,1,NULL,7,'2023-03-13 09:09:06','2023-03-13 09:09:06',NULL),(4,'YJN13759',1,39,1,2,1734,7,'2023-03-13 12:12:14','2023-05-09 12:33:12',NULL),(5,'WRQ18062',1,39,1,2,1732,7,'2023-03-13 12:53:36','2023-05-09 13:01:42',NULL),(6,'YLM39976',1,24,1,1,NULL,7,'2023-03-13 12:54:35','2023-03-13 12:54:35',NULL),(7,'WQC26272',1,41,1,1,NULL,7,'2023-03-13 12:56:47','2023-03-13 12:56:47',NULL),(8,'1234',1,24,2,1,NULL,7,'2023-03-14 09:40:07','2023-03-14 09:40:07',NULL),(9,'111080201054',1,57,2,1,NULL,7,'2023-03-14 09:46:58','2023-03-14 09:46:58',NULL),(10,'10',1,57,2,1,NULL,7,'2023-03-14 13:41:44','2023-03-14 13:41:44',NULL),(11,'YLM63782',1,24,3,1,NULL,7,'2023-03-14 14:50:57','2023-03-14 14:50:57',NULL),(12,'YMK10400',1,24,3,1,NULL,7,'2023-03-14 14:52:05','2023-03-14 14:52:05',NULL),(13,'CNBKN9B3XG',1,82,2,2,23,7,'2023-03-14 15:31:13','2023-05-14 10:48:18',NULL),(14,'YLX11774',1,39,2,2,1735,7,'2023-03-14 15:33:08','2023-05-14 11:03:37',NULL),(15,'CN5AN370FG',1,83,2,1,NULL,7,'2023-03-14 15:36:41','2023-03-14 15:36:41',NULL),(16,'CNJ8G4G4DJ',1,84,2,2,1239,7,'2023-03-14 15:40:39','2023-05-09 14:31:18',NULL),(17,'11',3,89,2,1,NULL,7,'2023-03-15 13:42:48','2023-03-15 13:42:48',NULL),(18,'CNBKN9H0DC',1,82,12,1,NULL,7,'2023-03-15 13:50:59','2023-03-15 13:50:59',NULL),(19,'MP22DMFO',1,91,9,1,NULL,7,'2023-03-15 14:09:05','2023-03-15 14:09:05',NULL),(20,'X7GS239808',1,91,9,1,NULL,7,'2023-03-15 15:14:04','2023-03-15 15:14:04',NULL),(21,'12',1,95,9,1,NULL,7,'2023-03-15 15:24:22','2023-03-15 15:24:22',NULL),(22,'YGM32298',1,39,9,1,NULL,7,'2023-03-15 15:53:51','2023-03-15 15:53:51',NULL),(23,'YJN67148',1,39,9,1,NULL,7,'2023-03-18 12:17:43','2023-03-18 12:17:43',NULL),(24,'CNB6H335T7',1,57,2,2,597,7,'2023-05-09 07:53:58','2023-05-09 07:54:11',NULL),(25,'CNG9D9M00D',1,121,2,2,1726,7,'2023-05-09 08:28:06','2023-05-09 08:30:18',NULL),(26,'VNF7Q46575',3,89,2,2,1729,7,'2023-05-09 10:55:42','2023-05-09 10:56:14',NULL),(27,'CNB6H6N207',1,57,2,2,1211,7,'2023-05-09 13:18:06','2023-05-09 13:18:53',NULL),(28,'YCK83469',1,39,2,2,1731,7,'2023-05-09 14:16:38','2023-05-09 14:16:52',NULL),(29,'YJN68587',1,39,2,2,1731,7,'2023-05-13 13:05:17','2023-05-13 13:05:41',NULL),(30,'CNB6H4PD6R',1,57,2,2,208,7,'2023-05-13 13:16:15','2023-05-13 13:16:31',NULL),(31,'YLM26964',1,24,3,2,1930,7,'2023-05-14 07:58:47','2023-06-17 13:26:49',NULL),(32,'CNB9J1NGKM',1,123,3,2,1739,7,'2023-05-14 10:42:18','2023-05-14 10:44:39',NULL),(33,'VNF5Q26787',3,89,22,2,1892,12,'2023-05-30 11:02:35','2023-05-30 11:02:55',NULL),(34,'VNF6J33354',3,89,22,2,1891,12,'2023-05-30 12:36:30','2023-05-30 12:36:43',NULL),(35,'VNF7Q16595',3,89,22,2,1894,12,'2023-05-30 12:38:19','2023-05-30 12:38:35',NULL),(36,'29J185204479',5,155,1,1,NULL,7,'2023-05-30 13:36:21','2023-05-30 13:36:21',NULL),(37,'D5J222913543',5,156,1,2,1922,2,'2023-05-30 13:39:00','2023-06-08 11:07:05',NULL),(38,'RVW50851',1,184,13,1,NULL,2,'2023-05-31 11:56:33','2023-05-31 11:56:33',NULL),(39,'CNDRPDD0G3',3,185,13,1,NULL,2,'2023-05-31 11:58:48','2023-05-31 12:08:35',NULL),(40,'WQS14957',1,186,13,1,NULL,2,'2023-05-31 12:04:06','2023-05-31 12:04:06',NULL),(41,'CNG9D6F0JQ',3,187,13,2,1927,2,'2023-05-31 12:07:19','2023-06-09 15:34:27',NULL),(42,'CN3B817N0X',6,188,31,2,1921,2,'2023-05-31 12:14:22','2023-06-08 09:44:42',NULL),(43,'X4PQ058686',1,189,31,2,1929,2,'2023-05-31 12:16:04','2023-06-26 13:43:41',NULL),(44,'3UX7593A',1,190,31,2,1922,2,'2023-05-31 12:17:25','2023-06-08 11:16:11',NULL),(45,'18361010500505',7,191,2,1,NULL,1,'2023-05-31 12:58:32','2023-05-31 12:58:32',NULL),(46,'CNB6GBQCFK',2,57,22,2,1887,12,'2023-06-01 09:11:38','2023-06-01 09:11:53',NULL),(47,'14FJBAKB400955L',1,201,22,3,NULL,2,'2023-06-01 09:16:04','2023-12-25 14:38:30',NULL),(48,'29J141900721',5,155,22,2,1888,12,'2023-06-01 09:17:53','2023-06-01 09:18:21',NULL),(49,'YCK37840',1,39,22,2,1886,12,'2023-06-01 09:25:19','2023-06-01 09:28:45',NULL),(50,'CNJ8G34F83',2,84,22,2,1884,12,'2023-06-01 10:05:37','2023-06-01 10:05:58',NULL),(51,'CN33I1BHRS',2,205,22,3,NULL,12,'2023-06-01 11:19:40','2023-06-01 11:19:40',NULL),(52,'VGSK014376',4,221,5,1,NULL,5,'2023-06-04 08:52:25','2023-06-04 08:52:25',NULL),(53,'13107097',8,222,5,1,NULL,5,'2023-06-04 09:01:29','2023-06-04 09:01:29',NULL),(54,'CNB6H6LMBZ',1,57,5,1,NULL,5,'2023-06-04 09:02:22','2023-06-04 09:02:22',NULL),(55,'D5J195200059',5,156,5,1,NULL,5,'2023-06-04 09:06:05','2023-06-04 09:06:05',NULL),(56,'D5J214501048',5,156,5,1,NULL,5,'2023-06-04 09:07:06','2023-06-04 09:07:06',NULL),(57,'CNB6H70728',1,57,5,1,NULL,5,'2023-06-04 09:08:07','2023-06-04 09:08:07',NULL),(58,'YMA18199',1,24,5,1,NULL,5,'2023-06-04 09:09:13','2023-06-04 09:09:13',NULL),(59,'CNB6H4Q0KK',1,57,5,1,NULL,5,'2023-06-04 10:42:32','2023-06-04 10:42:32',NULL),(60,'VNF3544221',3,89,5,1,NULL,5,'2023-06-04 10:43:39','2023-06-04 10:43:39',NULL),(61,'CNBKN9B6CQ',1,82,5,1,NULL,5,'2023-06-04 10:44:36','2023-06-04 10:44:36',NULL),(62,'RWR90036',1,226,5,1,NULL,5,'2023-06-04 10:47:28','2023-06-04 10:47:28',NULL),(63,'XATR011736',4,227,5,1,NULL,5,'2023-06-04 10:49:08','2023-06-04 10:49:08',NULL),(64,'CNBKN9B3Z1',2,82,5,1,NULL,5,'2023-06-04 10:50:06','2023-06-04 10:50:06',NULL),(65,'CNH9DCTNVC',2,84,5,1,NULL,5,'2023-06-04 10:52:14','2023-06-04 10:52:14',NULL),(66,'YLM67449',2,24,4,1,NULL,5,'2023-06-04 10:53:19','2023-06-04 10:53:19',NULL),(67,'XFA47900',2,24,4,1,NULL,5,'2023-06-04 10:54:07','2023-06-04 10:54:07',NULL),(68,'CNB6J39HPC',1,57,5,1,NULL,5,'2023-06-04 10:55:20','2023-06-04 10:55:20',NULL),(69,'YLX03359',1,228,5,1,NULL,5,'2023-06-04 10:57:11','2023-06-04 10:57:11',NULL),(70,'CNC1S55046',3,229,6,1,NULL,5,'2023-06-04 10:58:53','2023-06-04 10:58:53',NULL),(71,'G19E27301',6,255,3,2,1930,7,'2023-06-17 14:42:33','2023-06-17 14:42:51',NULL),(72,'Z4BJFG',7,257,31,2,1922,2,'2023-06-20 10:43:39','2023-06-26 11:05:55',NULL),(73,'19296010552643',7,191,22,2,1888,2,'2023-09-18 09:34:32','2023-09-18 09:37:35',NULL),(74,'19294010558638',7,191,22,2,1894,2,'2023-10-17 11:00:06','2023-12-25 14:35:35',NULL),(75,'701555LM0PWGZ',1,271,21,2,1990,1,'2023-11-03 13:41:11','2023-12-21 12:36:28',NULL),(76,'CNB6HCJG8G',2,57,22,2,1890,2,'2023-12-25 14:41:01','2023-12-25 14:41:12',NULL),(77,'N/A',1,274,22,2,1885,2,'2023-12-25 14:48:21','2023-12-25 14:48:38',NULL);
/*!40000 ALTER TABLE `printers_inventory` ENABLE KEYS */;
UNLOCK TABLES;

--
-- Table structure for table `roles`
--

DROP TABLE IF EXISTS `roles`;
/*!40101 SET @saved_cs_client     = @@character_set_client */;
/*!40101 SET character_set_client = utf8 */;
CREATE TABLE `roles` (
  `id` int(11) unsigned NOT NULL AUTO_INCREMENT,
  `role_name` varchar(50) CHARACTER SET utf8 COLLATE utf8_general_ci NOT NULL,
  PRIMARY KEY (`id`),
  UNIQUE KEY `role_name` (`role_name`)
) ENGINE=InnoDB AUTO_INCREMENT=3 DEFAULT CHARSET=utf8 COLLATE=utf8_unicode_ci;
/*!40101 SET character_set_client = @saved_cs_client */;

--
-- Dumping data for table `roles`
--

LOCK TABLES `roles` WRITE;
/*!40000 ALTER TABLE `roles` DISABLE KEYS */;
INSERT INTO `roles` VALUES (1,'Administrator'),(2,'Normal User');
/*!40000 ALTER TABLE `roles` ENABLE KEYS */;
UNLOCK TABLES;

--
-- Table structure for table `routers_inventory`
--

DROP TABLE IF EXISTS `routers_inventory`;
/*!40101 SET @saved_cs_client     = @@character_set_client */;
/*!40101 SET character_set_client = utf8 */;
CREATE TABLE `routers_inventory` (
  `id` int(10) unsigned NOT NULL AUTO_INCREMENT,
  `serial_number` varchar(50) NOT NULL,
  `model_id` int(10) unsigned NOT NULL,
  `ports` int(11) NOT NULL,
  `site_activity_id` int(10) unsigned NOT NULL,
  `flag_id` int(10) unsigned NOT NULL,
  `created_by` bigint(20) unsigned NOT NULL,
  `created_at` timestamp NULL DEFAULT NULL,
  `updated_at` timestamp NULL DEFAULT NULL,
  `deleted_at` timestamp NULL DEFAULT NULL,
  PRIMARY KEY (`id`),
  UNIQUE KEY `serial_number` (`serial_number`),
  KEY `routers_created_by_fk` (`created_by`),
  KEY `routers_site_activity_id_fk` (`site_activity_id`),
  KEY `routers_flag_id_fk` (`flag_id`),
  KEY `routers_model_id_fk` (`model_id`),
  CONSTRAINT `routers_created_by_fk` FOREIGN KEY (`created_by`) REFERENCES `users` (`id`),
  CONSTRAINT `routers_flag_id_fk` FOREIGN KEY (`flag_id`) REFERENCES `flags` (`id`),
  CONSTRAINT `routers_model_id_fk` FOREIGN KEY (`model_id`) REFERENCES `inventory_models` (`id`) ON DELETE NO ACTION ON UPDATE NO ACTION,
  CONSTRAINT `routers_site_activity_id_fk` FOREIGN KEY (`site_activity_id`) REFERENCES `sites_activities` (`id`)
) ENGINE=InnoDB AUTO_INCREMENT=7 DEFAULT CHARSET=utf8 COLLATE=utf8_unicode_ci;
/*!40101 SET character_set_client = @saved_cs_client */;

--
-- Dumping data for table `routers_inventory`
--

LOCK TABLES `routers_inventory` WRITE;
/*!40000 ALTER TABLE `routers_inventory` DISABLE KEYS */;
INSERT INTO `routers_inventory` VALUES (1,'FGL2450L1V9',136,8,22,1,12,'2023-05-30 09:05:53','2023-05-30 09:05:53',NULL),(3,'FGL2449L6B5',136,8,13,1,2,'2023-05-31 11:29:51','2023-05-31 11:29:51',NULL);
/*!40000 ALTER TABLE `routers_inventory` ENABLE KEYS */;
UNLOCK TABLES;

--
-- Table structure for table `screens_inventory`
--

DROP TABLE IF EXISTS `screens_inventory`;
/*!40101 SET @saved_cs_client     = @@character_set_client */;
/*!40101 SET character_set_client = utf8 */;
CREATE TABLE `screens_inventory` (
  `id` int(10) unsigned NOT NULL AUTO_INCREMENT,
  `serial_number` varchar(50) NOT NULL,
  `model_id` int(10) unsigned NOT NULL,
  `screen_inch` float NOT NULL,
  `site_activity_id` int(10) unsigned NOT NULL,
  `flag_id` int(10) unsigned NOT NULL,
  `employee_id` int(10) unsigned DEFAULT NULL,
  `created_by` bigint(20) unsigned NOT NULL,
  `created_at` timestamp NULL DEFAULT NULL,
  `updated_at` timestamp NULL DEFAULT NULL,
  `deleted_at` timestamp NULL DEFAULT NULL,
  PRIMARY KEY (`id`),
  UNIQUE KEY `serial_number` (`serial_number`),
  KEY `screens_created_by_fk` (`created_by`),
  KEY `screens_site_activity_id_fk` (`site_activity_id`),
  KEY `screens_flag_id_fk` (`flag_id`),
  KEY `screens_model_id_fk` (`model_id`),
  KEY `screens_employee_id_fk` (`employee_id`),
  CONSTRAINT `screens_created_by_fk` FOREIGN KEY (`created_by`) REFERENCES `users` (`id`),
  CONSTRAINT `screens_employee_id_fk` FOREIGN KEY (`employee_id`) REFERENCES `employees` (`id`) ON DELETE NO ACTION ON UPDATE NO ACTION,
  CONSTRAINT `screens_flag_id_fk` FOREIGN KEY (`flag_id`) REFERENCES `flags` (`id`),
  CONSTRAINT `screens_model_id_fk` FOREIGN KEY (`model_id`) REFERENCES `inventory_models` (`id`) ON DELETE NO ACTION ON UPDATE NO ACTION,
  CONSTRAINT `screens_site_activity_id_fk` FOREIGN KEY (`site_activity_id`) REFERENCES `sites_activities` (`id`)
) ENGINE=InnoDB AUTO_INCREMENT=152 DEFAULT CHARSET=utf8 COLLATE=utf8_unicode_ci;
/*!40101 SET character_set_client = @saved_cs_client */;

--
-- Dumping data for table `screens_inventory`
--

LOCK TABLES `screens_inventory` WRITE;
/*!40000 ALTER TABLE `screens_inventory` DISABLE KEYS */;
INSERT INTO `screens_inventory` VALUES (1,'CW3PH4ZMB00015J',11,28,1,2,152,7,'2023-03-12 13:52:27','2023-05-02 10:23:06',NULL),(2,'0NLYHTPM100242T',11,28,1,2,812,7,'2023-03-12 14:01:01','2023-05-09 10:25:54',NULL),(3,'CW3PH4ZMB00032Z',11,28,1,1,NULL,7,'2023-03-12 14:29:00','2023-03-12 14:29:00',NULL),(4,'3CQ3010TSY',23,23,1,1,NULL,7,'2023-03-12 15:06:59','2023-03-12 15:06:59',NULL),(5,'3CQ3010TTL',23,23,2,2,1718,7,'2023-03-13 09:16:03','2023-05-08 14:58:36',NULL),(6,'CN-ORVC21-74261-275',35,23,1,1,NULL,7,'2023-03-13 11:24:46','2023-03-13 11:24:46',NULL),(7,'123456',35,22,1,1,NULL,7,'2023-03-13 11:25:59','2023-03-13 11:25:59',NULL),(8,'3CQ3010TJ3',23,23,1,2,665,7,'2023-03-13 11:26:56','2023-05-07 15:09:41',NULL),(9,'CN-ORVC21-74261-275-1DGU',117,23,1,2,67,7,'2023-03-13 11:48:52','2023-05-03 11:14:17',NULL),(10,'3CQ3010TDP',23,23,1,2,569,7,'2023-03-13 12:49:17','2023-03-25 11:31:22',NULL),(11,'3CQ3010TTC',23,23,1,1,NULL,7,'2023-03-13 12:50:12','2023-06-17 11:49:13',NULL),(12,'ZUNMHMBC603433Z',42,19,1,1,NULL,7,'2023-03-13 12:59:22','2023-03-13 12:59:22',NULL),(13,'3CQ3010TVH',23,23,1,2,1153,7,'2023-03-13 14:00:58','2023-05-07 13:40:34',NULL),(14,'G6LMQS148208',46,22,1,2,188,7,'2023-03-13 14:05:21','2023-05-07 13:45:16',NULL),(15,'HSTND-2741-F',47,20,1,2,1716,7,'2023-03-13 14:07:29','2023-05-03 12:15:43',NULL),(16,'FALMQS091981',46,22,1,2,1439,7,'2023-03-13 14:16:47','2023-05-09 13:12:46',NULL),(17,'3CQ3010TV9',23,23,1,2,449,7,'2023-03-13 14:17:39','2023-05-09 12:59:42',NULL),(18,'FALMQS092128',46,22,1,2,1237,7,'2023-03-13 14:22:58','2023-03-25 12:24:09',NULL),(19,'1234',52,17,9,1,NULL,7,'2023-03-14 09:10:19','2023-03-14 09:10:19',NULL),(20,'3CQ3010TDJ',23,23,9,1,NULL,7,'2023-03-14 09:11:18','2023-03-14 09:11:18',NULL),(21,'12',35,22,2,1,NULL,7,'2023-03-14 09:54:03','2023-03-14 09:54:03',NULL),(22,'13',35,22,2,1,NULL,7,'2023-03-14 09:54:25','2023-03-14 09:54:25',NULL),(23,'CW3PH4ZMB00005A',11,28,2,2,1138,7,'2023-03-14 11:36:52','2023-05-07 15:26:44',NULL),(24,'3CQ3010TTR',23,23,2,2,1353,7,'2023-03-14 11:41:36','2023-05-08 09:45:20',NULL),(25,'1S2572MB1V1AP530',64,22,2,2,1399,7,'2023-03-14 11:43:29','2023-05-13 12:54:49',NULL),(26,'2ME95201D0',66,22,2,1,NULL,7,'2023-03-14 12:18:07','2023-03-14 12:18:07',NULL),(27,'CNN7373WLL',67,22,2,1,NULL,7,'2023-03-14 12:20:59','2023-03-14 12:20:59',NULL),(28,'6CM5381Y55',70,22,2,2,1270,7,'2023-03-14 13:14:15','2023-05-08 15:01:21',NULL),(29,'G3LMQS058555',46,22,2,1,NULL,7,'2023-03-14 13:15:11','2023-03-14 13:15:11',NULL),(30,'V1AP530',64,22,2,1,NULL,7,'2023-03-14 13:16:01','2023-03-14 13:16:01',NULL),(31,'FALMQS091784',46,22,2,2,490,7,'2023-03-14 13:23:28','2023-05-09 14:14:20',NULL),(32,'V1KRW46',64,22,2,1,NULL,7,'2023-03-14 13:27:44','2023-03-14 13:27:44',NULL),(33,'H6LMTF048594',73,24,2,1,NULL,7,'2023-03-14 13:30:08','2023-03-14 13:30:08',NULL),(34,'10',67,22,2,1,NULL,7,'2023-03-14 14:19:15','2023-03-14 14:19:15',NULL),(35,'3CQ3010STL',23,23,2,2,1721,7,'2023-03-14 14:20:11','2023-05-08 15:37:03',NULL),(36,'11',67,22,2,1,NULL,7,'2023-03-14 14:21:09','2023-03-14 14:21:09',NULL),(37,'FALMQS092314',46,22,2,1,NULL,7,'2023-03-14 14:22:23','2023-03-14 14:22:23',NULL),(38,'PL416LTD00452',77,22,2,2,1723,7,'2023-03-14 14:35:56','2023-05-08 15:54:31',NULL),(39,'V1RZY20',64,22,2,1,NULL,7,'2023-03-14 14:37:02','2023-03-14 14:37:02',NULL),(40,'G3LMQS057961',46,22,2,2,1720,7,'2023-03-14 14:38:05','2023-05-08 15:30:15',NULL),(41,'111080103009',35,20,2,2,1729,7,'2023-03-15 13:28:30','2023-05-09 09:13:31',NULL),(42,'CNK2020GCR',87,19,2,1,NULL,7,'2023-03-15 13:30:10','2023-03-15 13:30:10',NULL),(43,'7735429035P0D',88,19,2,1,NULL,7,'2023-03-15 13:40:12','2023-03-15 13:40:12',NULL),(44,'6CM3131MJ',99,19,9,1,NULL,7,'2023-03-18 12:26:12','2023-03-18 12:26:12',NULL),(45,'ZUNMHMCC605989F',42,19,9,1,NULL,7,'2023-03-18 12:28:12','2023-03-18 12:28:12',NULL),(46,'3CQ3010TTZ',23,23,9,1,NULL,7,'2023-03-18 12:29:29','2023-03-18 12:29:29',NULL),(47,'3CQ3010TTP',23,23,9,1,NULL,7,'2023-03-18 12:41:18','2023-03-18 12:41:18',NULL),(48,'V1TM414',64,22,2,2,135,7,'2023-03-25 11:14:32','2023-03-25 11:14:52',NULL),(49,'FALMQS092134',46,22,1,2,801,7,'2023-03-25 11:57:27','2023-03-25 11:57:58',NULL),(50,'CN-03GJ21-74261-666-5F2B-A0090-120',106,23,25,2,812,7,'2023-03-26 10:51:57','2023-03-26 10:52:12',NULL),(51,'CNC64317R1',109,17,9,2,1714,7,'2023-03-28 12:39:44','2023-05-03 08:31:06',NULL),(52,'6CM44716G3',112,22,9,2,1711,7,'2023-03-28 13:12:55','2023-05-03 08:45:53',NULL),(53,'CN-02GFKN-74445-29s',115,29,1,2,992,7,'2023-05-02 10:09:57','2023-05-02 10:11:01',NULL),(54,'3CQ3010TTQ',23,23,1,2,159,7,'2023-05-03 11:24:22','2023-05-03 11:26:34',NULL),(55,'3CQ3010TK2',23,23,1,2,1120,7,'2023-05-03 11:41:39','2023-05-03 11:42:15',NULL),(56,'3CQ3010TT3',23,23,1,2,107,7,'2023-05-03 11:51:21','2023-05-03 11:51:37',NULL),(57,'3CQ3010TV0',23,23,1,2,1114,7,'2023-05-03 12:02:58','2023-05-03 12:03:12',NULL),(58,'3CQ3010TVJ',23,23,1,2,573,7,'2023-05-03 12:31:15','2023-05-03 12:31:34',NULL),(59,'3CQ3010TTG',23,23,1,2,1393,7,'2023-05-03 12:42:51','2023-05-03 12:43:06',NULL),(60,'3CQ3010TTW',23,23,1,2,788,7,'2023-05-03 12:51:19','2023-05-03 12:52:07',NULL),(61,'3CQ3010TSW',23,23,1,2,1717,7,'2023-05-07 13:19:19','2023-05-07 13:21:22',NULL),(62,'3CQ3010TVB',23,23,1,2,982,7,'2023-05-07 13:22:28','2023-05-07 13:22:41',NULL),(63,'3CQ3010TJV',23,23,1,2,65,7,'2023-05-07 13:25:28','2023-05-07 13:25:51',NULL),(64,'3CQ3010TV7',23,23,1,2,217,7,'2023-05-07 13:27:49','2023-05-07 13:28:04',NULL),(65,'CN-ORVC21-74261-275-1DGU1',38,23,1,2,536,7,'2023-05-07 14:39:38','2023-05-07 14:40:06',NULL),(66,'CN-ORVC21-74261-275-1DGU2',38,19,1,2,672,7,'2023-05-07 14:44:24','2023-05-07 14:44:49',NULL),(67,'CN-ORVC21-74261-275-1DGU3',38,23,2,2,1421,7,'2023-05-07 15:01:40','2023-05-07 15:01:53',NULL),(68,'CN-ORVC21-74261-275-1DGU4',38,23,2,2,810,7,'2023-05-07 15:04:22','2023-05-07 15:04:37',NULL),(69,'VD-Z1738',118,22,1,2,1139,7,'2023-05-08 09:36:17','2023-05-08 09:36:43',NULL),(70,'100',52,22,1,2,1283,7,'2023-05-08 09:38:24','2023-05-08 09:38:52',NULL),(71,'CN-ORVC21-74261-275-1DGU5',38,22,2,2,1719,7,'2023-05-08 15:09:30','2023-05-08 15:10:28',NULL),(72,'200',67,22,2,2,442,7,'2023-05-08 15:19:26','2023-05-08 15:20:16',NULL),(73,'CN-ORVC21-74261-275-1DGU6',38,23,1,2,1724,7,'2023-05-09 07:32:33','2023-05-09 07:32:58',NULL),(74,'CN-0T6116-71618-584-ADWU',120,19,2,2,1654,7,'2023-05-09 08:16:41','2023-05-09 08:16:55',NULL),(75,'3CQ3010TTB',23,23,2,2,1730,7,'2023-05-09 10:52:05','2023-05-09 10:52:14',NULL),(76,'HSTND-2741-F1',47,20,1,2,1237,7,'2023-05-09 12:41:58','2023-05-09 12:43:01',NULL),(77,'3CQ3010TTK',23,23,2,2,1211,7,'2023-05-09 13:25:32','2023-05-09 13:25:47',NULL),(78,'CNC028QM7T',87,19,2,2,208,7,'2023-05-13 13:14:01','2023-05-13 13:14:15',NULL),(79,'1S2572MB1V1RZY20',64,22,2,2,90,7,'2023-05-13 13:21:59','2023-05-13 13:22:10',NULL),(80,'ZUJHHMBD810029T',42,18.5,22,1,NULL,12,'2023-05-30 09:24:39','2023-05-30 09:24:39',NULL),(81,'ZUJHHMBD809272M',42,18.5,22,1,NULL,12,'2023-05-30 09:25:50','2023-05-30 09:25:50',NULL),(82,'ZUJHHMBD810046F',42,18.5,22,2,1885,2,'2023-05-30 09:26:33','2023-12-25 14:33:54',NULL),(83,'0A4ZHMCDA03790A',140,18.5,22,1,NULL,12,'2023-05-30 09:27:50','2023-05-30 09:27:50',NULL),(84,'005QHGEDB07738Z',150,18.5,22,2,1892,12,'2023-05-30 11:00:58','2023-05-30 11:01:16',NULL),(85,'3CQ3010TTJ',23,23,13,2,1401,2,'2023-05-30 15:37:29','2023-06-06 11:26:56',NULL),(86,'3CQ3010TTT',23,23,13,2,1116,2,'2023-05-30 15:38:58','2023-06-06 11:12:49',NULL),(87,'3CQ3010TTY',23,23,13,2,1328,2,'2023-05-30 15:40:23','2023-06-06 11:22:56',NULL),(88,'3CQ3010TKJ',23,23,13,2,921,2,'2023-05-30 15:41:08','2023-06-06 10:53:57',NULL),(89,'MMLXKAA003423099184207',47,19.5,13,2,1926,2,'2023-05-30 15:43:53','2023-06-09 13:33:13',NULL),(90,'3CQ3010TSP',23,23,13,2,1898,2,'2023-05-30 15:53:27','2023-06-23 14:13:18',NULL),(91,'3CQ3010TTX',23,23,13,2,559,2,'2023-05-30 15:53:54','2023-06-06 11:57:17',NULL),(92,'ZZNMH4ZNB01970X',158,22,13,2,220,2,'2023-05-30 16:07:01','2023-06-08 13:27:31',NULL),(93,'3CQ3010TVK',23,23,13,2,1927,2,'2023-05-30 16:09:14','2023-06-09 15:33:38',NULL),(94,'ZUJHHMACC01878Y',161,18.5,13,1,NULL,2,'2023-05-30 16:28:49','2023-05-30 16:33:11',NULL),(95,'ZUNMHBC608117D',161,18.5,13,1,NULL,2,'2023-05-30 16:29:36','2023-05-30 16:32:52',NULL),(96,'ZUM5HMCC700923W',160,18.5,13,2,1328,2,'2023-05-30 16:32:42','2023-06-06 11:22:06',NULL),(97,'CNK5450VX1',166,21.5,31,2,1922,2,'2023-05-30 17:19:26','2023-06-08 11:02:53',NULL),(98,'CN5246542DF530',167,23.8,31,2,1929,2,'2023-05-30 17:21:28','2023-06-12 12:44:15',NULL),(99,'3CQ43511CC',168,18.5,31,2,1920,4,'2023-05-30 17:23:56','2023-07-12 15:28:52',NULL),(100,'CNK6510YMW',166,21.5,31,2,1923,2,'2023-05-30 17:26:21','2023-06-08 11:34:14',NULL),(101,'CN0NDMRP7426136P5DHU',170,21.5,13,2,684,2,'2023-05-30 17:39:10','2023-06-09 13:25:42',NULL),(102,'CN0RVC21742612751DGU',170,22,13,2,1329,2,'2023-05-30 17:40:08','2023-06-08 13:01:54',NULL),(103,'CN0X237R6418001C0AYL',171,19,13,2,1925,2,'2023-05-30 17:41:57','2023-06-08 13:22:46',NULL),(104,'PLG73400VF',179,20.1,13,3,NULL,2,'2023-05-31 11:32:32','2023-05-31 11:32:32',NULL),(105,'UE4174342087',199,22,22,2,1887,12,'2023-06-01 08:49:39','2023-06-01 08:49:52',NULL),(106,'UE4171242676',199,22,22,2,1888,12,'2023-06-01 08:51:51','2023-06-01 08:52:11',NULL),(107,'UE4171842294',199,22,22,2,1886,12,'2023-06-01 08:55:25','2023-06-01 08:55:54',NULL),(108,'0A4ZHMCDA03701M',140,18.5,22,1,NULL,12,'2023-06-01 08:58:17','2023-12-25 14:34:22',NULL),(109,'005QHKEF202309P',150,18.5,22,2,1884,12,'2023-06-01 09:03:24','2023-06-01 09:03:38',NULL),(110,'CZ-0W159G-73608-93C-04CI',200,19,22,2,1893,12,'2023-06-01 09:07:39','2023-06-01 09:08:02',NULL),(111,'PJH044501249',223,17,15,2,1755,11,'2023-06-04 10:08:39','2023-06-04 10:09:16',NULL),(112,'ZUJHHMBD207035P',135,19,15,2,1753,11,'2023-06-04 10:10:57','2023-06-04 10:11:19',NULL),(113,'CN-0J712X-72872-27U-AJRU',35,19,15,2,1754,11,'2023-06-04 10:12:56','2023-06-04 10:13:09',NULL),(114,'ZUJHHMBD500936N',224,19,15,2,1751,11,'2023-06-04 10:17:46','2023-06-04 10:18:04',NULL),(115,'6CM51706WZ',225,22,15,2,1765,11,'2023-06-04 10:20:26','2023-06-04 11:17:25',NULL),(116,'005QHGEDC02064V',224,19,15,2,1748,11,'2023-06-04 11:21:10','2023-06-04 11:21:38',NULL),(117,'XU100021-11007',225,22,15,2,1744,11,'2023-06-04 11:23:34','2023-06-04 11:23:49',NULL),(118,'ZZAFH4LG408686T',224,19,15,2,1749,11,'2023-06-04 11:24:35','2023-06-04 11:24:58',NULL),(119,'00B5HKAF600862D',224,19,15,2,1747,11,'2023-06-04 11:25:48','2023-06-04 11:26:05',NULL),(120,'ZUM5HMAC903641K',224,19,15,2,1746,11,'2023-06-04 11:27:08','2023-06-04 11:27:33',NULL),(121,'Z4JHHMBD2560N',232,23,5,1,NULL,5,'2023-06-04 15:23:14','2023-06-04 15:23:14',NULL),(122,'CZC42236XY',66,22,5,1,NULL,5,'2023-06-04 15:24:29','2023-06-04 15:24:29',NULL),(123,'CN00VW5M728721',233,22,5,1,NULL,5,'2023-06-04 15:26:59','2023-06-04 15:26:59',NULL),(124,'3CQ023FK5K',234,22,5,1,NULL,5,'2023-06-04 15:28:30','2023-06-04 15:28:30',NULL),(125,'TRF421070F',170,19,6,1,NULL,5,'2023-06-04 15:29:36','2023-06-04 15:31:17',NULL),(126,'LA2206X2',67,22,5,1,NULL,5,'2023-06-04 15:30:25','2023-06-04 15:30:25',NULL),(127,'1S2572MB1V1KRW46',64,22,5,1,NULL,5,'2023-06-04 15:41:09','2023-06-04 15:41:09',NULL),(128,'015RHKAG101652R',235,22,5,1,NULL,5,'2023-06-04 15:43:18','2023-06-04 15:43:18',NULL),(129,'LA2206X3',67,22,5,1,NULL,5,'2023-06-04 15:44:15','2023-06-04 15:44:15',NULL),(130,'0HX874-64180-82L-1F3H',171,19,5,1,NULL,5,'2023-06-04 15:53:19','2023-06-04 15:53:19',NULL),(131,'CNN7373WL1',67,22,5,1,NULL,5,'2023-06-04 15:54:22','2023-06-04 15:54:22',NULL),(132,'OHPFYK-7887-077-A99I',120,19,5,1,NULL,5,'2023-06-04 15:57:01','2023-06-04 15:57:01',NULL),(133,'CNC929P296',236,19,5,1,NULL,5,'2023-06-04 15:59:25','2023-06-04 15:59:25',NULL),(134,'1W140820331',240,22,5,1,NULL,5,'2023-06-06 13:09:16','2023-06-06 13:09:16',NULL),(135,'3CQ1060383',66,22,5,1,NULL,5,'2023-06-06 13:10:38','2023-06-06 13:10:38',NULL),(136,'4E41718420303',199,22,5,1,NULL,5,'2023-06-06 13:21:17','2023-06-06 13:21:17',NULL),(137,'CN-0RVC21-74261',38,19,5,1,NULL,5,'2023-06-06 13:28:30','2023-06-06 13:28:30',NULL),(138,'UE4172240974',199,22,5,1,NULL,5,'2023-06-06 14:01:12','2023-06-06 14:01:12',NULL),(139,'CNN7373WLL1',67,22,5,1,NULL,5,'2023-06-06 14:02:10','2023-06-06 14:02:10',NULL),(140,'CNC64317R11',109,17,5,1,NULL,5,'2023-06-06 14:04:24','2023-06-06 14:04:24',NULL),(141,'4465wH356',47,19,4,1,NULL,5,'2023-06-06 14:05:31','2023-06-06 14:05:31',NULL),(142,'CN-06433H',233,22,4,1,NULL,5,'2023-06-06 14:06:41','2023-06-06 14:06:41',NULL),(143,'CN5246542DF526',241,23,13,2,165,2,'2023-06-06 15:30:18','2023-06-06 15:30:39',NULL),(144,'UE4171842305',242,22,25,2,1917,7,'2023-06-07 08:11:44','2023-06-07 08:12:01',NULL),(145,'CN5246542DF528',244,22,31,2,1919,2,'2023-06-08 08:44:20','2023-06-08 08:46:07',NULL),(146,'CN5246542DF532',244,22,31,2,1920,2,'2023-06-08 09:07:06','2023-06-08 09:07:31',NULL),(147,'CN5246542DF531',170,21.5,31,2,1921,2,'2023-06-08 09:37:34','2023-06-08 09:38:11',NULL),(148,'zu10111-13008',261,22,13,2,449,4,'2023-07-14 13:12:04','2023-07-14 13:12:24',NULL),(149,'ETLDX0D06004309E408514',270,22,21,2,1990,1,'2023-10-25 15:28:43','2023-12-21 12:35:35',NULL),(150,'H5096T29',261,22,13,2,1978,4,'2023-11-08 16:12:05','2023-11-08 16:12:27',NULL),(151,'CN-ORVC2174261-257-1DGU',38,22,13,2,1993,4,'2024-01-11 13:47:27','2024-01-11 13:47:55',NULL);
/*!40000 ALTER TABLE `screens_inventory` ENABLE KEYS */;
UNLOCK TABLES;

--
-- Table structure for table `servers_inventory`
--

DROP TABLE IF EXISTS `servers_inventory`;
/*!40101 SET @saved_cs_client     = @@character_set_client */;
/*!40101 SET character_set_client = utf8 */;
CREATE TABLE `servers_inventory` (
  `id` int(10) unsigned NOT NULL AUTO_INCREMENT,
  `serial_number` varchar(50) NOT NULL,
  `model_id` int(10) unsigned NOT NULL,
  `cpu_id` int(10) unsigned NOT NULL,
  `gpu1_id` int(10) unsigned NOT NULL,
  `gpu2_id` int(10) unsigned NOT NULL,
  `hdd_storage` int(11) NOT NULL,
  `ssd_storage` int(11) NOT NULL,
  `ram` varchar(50) NOT NULL,
  `os_id` int(10) unsigned NOT NULL,
  `site_activity_id` int(10) unsigned NOT NULL,
  `flag_id` int(10) unsigned NOT NULL,
  `created_by` bigint(20) unsigned NOT NULL,
  `created_at` timestamp NULL DEFAULT NULL,
  `updated_at` timestamp NULL DEFAULT NULL,
  `deleted_at` timestamp NULL DEFAULT NULL,
  PRIMARY KEY (`id`),
  UNIQUE KEY `serial_number` (`serial_number`),
  KEY `servers_created_by_fk` (`created_by`),
  KEY `servers_site_activity_id_fk` (`site_activity_id`),
  KEY `servers_cpu_id_fk` (`cpu_id`),
  KEY `servers_gpu1_id_fk` (`gpu1_id`),
  KEY `servers_gpu2_id_fk` (`gpu2_id`),
  KEY `servers_flag_id_fk` (`flag_id`),
  KEY `servers_os_id_fk` (`os_id`),
  KEY `servers_model_id_fk` (`model_id`),
  CONSTRAINT `servers_cpu_id_fk` FOREIGN KEY (`cpu_id`) REFERENCES `cpu_tb` (`id`),
  CONSTRAINT `servers_created_by_fk` FOREIGN KEY (`created_by`) REFERENCES `users` (`id`),
  CONSTRAINT `servers_flag_id_fk` FOREIGN KEY (`flag_id`) REFERENCES `flags` (`id`),
  CONSTRAINT `servers_gpu1_id_fk` FOREIGN KEY (`gpu1_id`) REFERENCES `gpu_tb` (`id`),
  CONSTRAINT `servers_gpu2_id_fk` FOREIGN KEY (`gpu2_id`) REFERENCES `gpu_tb` (`id`),
  CONSTRAINT `servers_model_id_fk` FOREIGN KEY (`model_id`) REFERENCES `inventory_models` (`id`) ON DELETE NO ACTION ON UPDATE NO ACTION,
  CONSTRAINT `servers_os_id_fk` FOREIGN KEY (`os_id`) REFERENCES `operating_systems` (`id`),
  CONSTRAINT `servers_site_activity_id_fk` FOREIGN KEY (`site_activity_id`) REFERENCES `sites_activities` (`id`)
) ENGINE=InnoDB AUTO_INCREMENT=21 DEFAULT CHARSET=utf8 COLLATE=utf8_unicode_ci;
/*!40101 SET character_set_client = @saved_cs_client */;

--
-- Dumping data for table `servers_inventory`
--

LOCK TABLES `servers_inventory` WRITE;
/*!40000 ALTER TABLE `servers_inventory` DISABLE KEYS */;
INSERT INTO `servers_inventory` VALUES (1,'6LHWXR1',127,40,28,1,2929,0,'512',6,27,1,8,'2023-05-28 14:05:34','2023-05-28 14:06:54',NULL),(2,'FTP52P1',127,40,28,1,3719,0,'256',6,27,1,8,'2023-05-28 14:12:26','2023-05-28 14:12:26',NULL),(3,'04285V00021',131,42,1,1,160,0,'6 GB',9,22,1,2,'2023-05-29 15:06:45','2023-12-25 15:26:33',NULL),(4,'8H20NH1',132,41,1,23,4000,240,'6 GB',9,22,1,2,'2023-05-29 15:16:52','2023-12-25 15:21:00',NULL),(5,'68Y2DH1',132,43,1,49,1233,0,'6 GB',10,22,1,2,'2023-05-29 15:23:13','2023-12-25 15:22:39',NULL),(6,'4JP3RH1',132,41,1,23,1000,240,'6 GB',9,22,1,2,'2023-05-29 15:29:08','2023-12-25 15:19:38',NULL),(7,'04285V00048',131,42,1,1,0,120,'6 GB',11,22,1,2,'2023-05-29 15:30:44','2023-12-25 15:26:03',NULL),(8,'USE205TJ84',131,44,2,2,2000,0,'128',9,5,1,5,'2023-05-29 15:32:31','2023-05-29 15:32:31',NULL),(9,'CSR1TW1',134,19,2,2,16500,0,'128',9,5,1,5,'2023-05-29 15:44:56','2023-05-29 17:13:34',NULL),(11,'GM64TR1',127,56,2,1,2231,0,'256 GB',13,13,1,2,'2023-05-30 17:59:03','2023-06-12 21:17:10',NULL),(12,'2BVHPD2',111,11,2,1,1000,0,'8 GB',9,13,1,2,'2023-05-30 18:02:58','2023-06-01 14:37:07',NULL),(13,'0',18,52,1,1,0,0,'0',14,22,3,12,'2023-06-01 10:30:54','2023-06-01 10:31:04','2023-06-01 10:31:04'),(14,'2UA1360MBC',206,53,39,1,0,480,'16 GB',11,13,1,2,'2023-06-01 14:36:36','2023-06-01 14:36:36',NULL),(15,'7npbbz1',252,58,28,28,2000,0,'16',6,24,1,14,'2023-06-17 10:33:46','2023-06-17 10:33:46',NULL),(16,'d943dz1',252,58,28,28,2000,0,'16G',6,24,1,14,'2023-06-17 10:35:31','2023-06-17 10:35:31',NULL),(17,'byrvGx1',253,50,44,44,2000,0,'64G',6,24,1,14,'2023-06-17 10:42:14','2023-06-17 10:42:14',NULL),(18,'5915JH1',132,52,1,1,0,0,'0',14,22,3,2,'2023-12-25 15:28:03','2023-12-25 15:28:03',NULL),(19,'6KW2RH1',132,52,1,1,0,0,'0',14,22,3,2,'2023-12-25 15:28:43','2023-12-25 15:28:43',NULL),(20,'8H5PQG1',277,52,1,1,0,0,'0',14,22,3,2,'2023-12-25 15:30:44','2023-12-25 15:30:44',NULL);
/*!40000 ALTER TABLE `servers_inventory` ENABLE KEYS */;
UNLOCK TABLES;

--
-- Table structure for table `sites`
--

DROP TABLE IF EXISTS `sites`;
/*!40101 SET @saved_cs_client     = @@character_set_client */;
/*!40101 SET character_set_client = utf8 */;
CREATE TABLE `sites` (
  `id` int(11) unsigned NOT NULL AUTO_INCREMENT,
  `site_name` varchar(255) CHARACTER SET utf8 COLLATE utf8_general_ci NOT NULL,
  `governorate_id` int(11) unsigned NOT NULL,
  `created_at` datetime NOT NULL,
  `updated_at` datetime NOT NULL,
  `created_by` bigint(20) unsigned NOT NULL,
  `deleted_at` datetime DEFAULT NULL,
  PRIMARY KEY (`id`),
  UNIQUE KEY `site_name` (`site_name`),
  KEY `site_governorate_fk` (`governorate_id`),
  KEY `site_created_by_fk` (`created_by`),
  CONSTRAINT `site_created_by_fk` FOREIGN KEY (`created_by`) REFERENCES `users` (`id`),
  CONSTRAINT `site_governorate_fk` FOREIGN KEY (`governorate_id`) REFERENCES `governorates` (`id`)
) ENGINE=InnoDB AUTO_INCREMENT=13 DEFAULT CHARSET=utf8 COLLATE=utf8_unicode_ci;
/*!40101 SET character_set_client = @saved_cs_client */;

--
-- Dumping data for table `sites`
--

LOCK TABLES `sites` WRITE;
/*!40000 ALTER TABLE `sites` DISABLE KEYS */;
INSERT INTO `sites` VALUES (1,'Korba-Floor35',1,'2022-10-01 00:00:00','2023-01-26 23:25:02',1,NULL),(2,'Korba-Palace',1,'2023-02-12 15:49:17','2023-02-12 15:49:17',1,NULL),(3,'Korba-Villa20',1,'2023-02-12 15:49:44','2023-02-12 15:49:44',1,NULL),(4,'Korba-Building19',1,'2023-02-12 15:50:04','2023-02-12 15:50:04',1,NULL),(5,'El Hussien',1,'2023-02-12 15:50:26','2023-02-12 15:50:26',1,NULL),(6,'Obour-Gold Factory',12,'2023-02-12 15:51:00','2023-02-12 15:51:00',1,NULL),(7,'Obour-Silver Factory',12,'2023-02-12 15:51:33','2023-02-12 15:51:33',1,NULL),(8,'Obour-School',12,'2023-02-12 15:51:55','2023-02-12 15:51:55',1,NULL),(9,'Alex',3,'2023-02-12 15:52:29','2023-02-12 15:52:29',1,NULL),(10,'Obour-6Z',1,'2023-05-28 10:56:02','2023-05-28 10:56:02',1,NULL),(11,'Obour-Concept',12,'2023-05-28 11:30:14','2023-05-28 11:30:14',11,NULL);
/*!40000 ALTER TABLE `sites` ENABLE KEYS */;
UNLOCK TABLES;

--
-- Table structure for table `sites_activities`
--

DROP TABLE IF EXISTS `sites_activities`;
/*!40101 SET @saved_cs_client     = @@character_set_client */;
/*!40101 SET character_set_client = utf8 */;
CREATE TABLE `sites_activities` (
  `id` int(10) unsigned NOT NULL AUTO_INCREMENT,
  `site_id` int(10) unsigned NOT NULL,
  `activity_id` int(10) unsigned NOT NULL,
  `created_by` bigint(20) unsigned NOT NULL,
  `created_at` timestamp NULL DEFAULT NULL,
  `updated_at` timestamp NULL DEFAULT NULL,
  `deleted_at` timestamp NULL DEFAULT NULL,
  PRIMARY KEY (`id`),
  KEY `company_activities_created_by_fk` (`created_by`),
  KEY `company_activities_activities_fk` (`activity_id`),
  KEY `company_activities_sites_fk` (`site_id`),
  CONSTRAINT `company_activities_activities_fk` FOREIGN KEY (`activity_id`) REFERENCES `activities` (`id`),
  CONSTRAINT `company_activities_created_by_fk` FOREIGN KEY (`created_by`) REFERENCES `users` (`id`),
  CONSTRAINT `company_activities_sites_fk` FOREIGN KEY (`site_id`) REFERENCES `sites` (`id`)
) ENGINE=InnoDB AUTO_INCREMENT=32 DEFAULT CHARSET=utf8 COLLATE=utf8_unicode_ci;
/*!40101 SET character_set_client = @saved_cs_client */;

--
-- Dumping data for table `sites_activities`
--

LOCK TABLES `sites_activities` WRITE;
/*!40000 ALTER TABLE `sites_activities` DISABLE KEYS */;
INSERT INTO `sites_activities` VALUES (1,1,1,1,'2023-02-09 13:51:52','2023-02-09 13:51:52',NULL),(2,1,2,1,'2023-02-12 14:00:40','2023-02-12 14:00:40',NULL),(3,1,3,1,'2023-02-12 14:00:49','2023-02-12 14:00:49',NULL),(4,2,1,1,'2023-02-12 14:01:18','2023-02-12 14:01:18',NULL),(5,2,2,1,'2023-02-12 14:01:25','2023-02-12 14:01:25',NULL),(6,2,3,1,'2023-02-12 14:01:35','2023-02-12 14:01:35',NULL),(7,2,9,1,'2023-02-12 14:01:51','2023-02-12 14:01:51',NULL),(8,3,6,1,'2023-02-12 14:02:18','2023-02-12 14:02:18',NULL),(9,4,1,1,'2023-02-12 14:03:04','2023-02-12 14:03:04',NULL),(10,4,4,1,'2023-02-12 14:03:18','2023-02-12 14:03:18',NULL),(11,4,7,2,'2023-02-12 14:03:32','2023-05-29 14:19:37',NULL),(12,4,8,1,'2023-02-12 14:03:49','2023-02-12 14:03:49',NULL),(13,5,1,1,'2023-02-12 14:04:01','2023-02-12 14:04:01',NULL),(14,6,1,1,'2023-02-12 14:04:13','2023-02-12 14:04:13',NULL),(15,6,2,1,'2023-02-12 14:04:28','2023-02-12 14:04:28',NULL),(16,6,3,1,'2023-02-12 14:04:48','2023-02-12 14:04:48',NULL),(17,7,7,1,'2023-02-12 14:05:11','2023-02-12 14:05:11',NULL),(18,7,8,1,'2023-02-12 14:05:25','2023-02-12 14:05:25',NULL),(21,9,1,1,'2023-02-12 14:06:38','2023-02-12 14:06:38',NULL),(22,9,2,1,'2023-02-12 14:06:48','2023-02-12 14:06:48',NULL),(23,9,3,1,'2023-02-12 14:06:59','2023-02-12 14:06:59',NULL),(24,8,10,1,'2023-02-12 14:08:14','2023-02-12 14:08:14',NULL),(25,3,11,1,'2023-02-12 15:24:18','2023-02-12 15:24:18',NULL),(26,3,1,1,'2023-02-12 15:30:42','2023-02-12 15:30:42',NULL),(27,4,12,1,'2023-05-28 09:30:35','2023-05-28 09:30:35',NULL),(30,9,4,7,'2023-05-30 11:35:56','2023-05-30 11:35:56',NULL),(31,5,11,2,'2023-05-30 15:31:29','2023-05-30 15:31:29',NULL);
/*!40000 ALTER TABLE `sites_activities` ENABLE KEYS */;
UNLOCK TABLES;

--
-- Table structure for table `switches_inventory`
--

DROP TABLE IF EXISTS `switches_inventory`;
/*!40101 SET @saved_cs_client     = @@character_set_client */;
/*!40101 SET character_set_client = utf8 */;
CREATE TABLE `switches_inventory` (
  `id` int(10) unsigned NOT NULL AUTO_INCREMENT,
  `serial_number` varchar(50) NOT NULL,
  `model_id` int(10) unsigned NOT NULL,
  `ports` int(11) NOT NULL,
  `site_activity_id` int(10) unsigned NOT NULL,
  `flag_id` int(10) unsigned NOT NULL,
  `created_by` bigint(20) unsigned NOT NULL,
  `created_at` timestamp NULL DEFAULT NULL,
  `updated_at` timestamp NULL DEFAULT NULL,
  `deleted_at` timestamp NULL DEFAULT NULL,
  PRIMARY KEY (`id`),
  UNIQUE KEY `serial_number` (`serial_number`),
  KEY `switches_created_by_fk` (`created_by`),
  KEY `switches_site_activity_id_fk` (`site_activity_id`),
  KEY `switches_flag_id_fk` (`flag_id`),
  KEY `switches_model_id_fk` (`model_id`),
  CONSTRAINT `switches_created_by_fk` FOREIGN KEY (`created_by`) REFERENCES `users` (`id`),
  CONSTRAINT `switches_flag_id_fk` FOREIGN KEY (`flag_id`) REFERENCES `flags` (`id`),
  CONSTRAINT `switches_model_id_fk` FOREIGN KEY (`model_id`) REFERENCES `inventory_models` (`id`) ON DELETE NO ACTION ON UPDATE NO ACTION,
  CONSTRAINT `switches_site_activity_id_fk` FOREIGN KEY (`site_activity_id`) REFERENCES `sites_activities` (`id`)
) ENGINE=InnoDB AUTO_INCREMENT=32 DEFAULT CHARSET=utf8 COLLATE=utf8_unicode_ci;
/*!40101 SET character_set_client = @saved_cs_client */;

--
-- Dumping data for table `switches_inventory`
--

LOCK TABLES `switches_inventory` WRITE;
/*!40000 ALTER TABLE `switches_inventory` DISABLE KEYS */;
INSERT INTO `switches_inventory` VALUES (1,'3H04685900B9D',138,24,22,1,12,'2023-05-30 09:17:35','2023-05-30 09:17:35',NULL),(2,'1BW4815L000E8',139,24,22,1,12,'2023-05-30 09:23:12','2023-05-30 09:23:12',NULL),(5,'3105SEU54205461',147,5,22,1,12,'2023-05-30 09:58:15','2023-05-30 09:59:24',NULL),(6,'S31U4JC000597',180,8,13,1,2,'2023-05-31 11:38:24','2023-05-31 11:38:24',NULL),(7,'13W10C9C710433',183,24,13,1,2,'2023-05-31 11:46:25','2023-05-31 11:46:25',NULL),(8,'214C732000081',145,5,13,1,2,'2023-05-31 12:29:49','2023-05-31 12:29:49',NULL),(9,'1YT28C3L000A3',192,48,13,1,2,'2023-05-31 15:28:30','2023-05-31 15:28:30',NULL),(10,'FCQ1724Y02C',193,24,31,1,2,'2023-05-31 15:30:50','2023-06-14 14:36:01',NULL),(11,'RZZH301002380',194,8,13,1,2,'2023-05-31 15:33:44','2023-05-31 15:33:44',NULL),(12,'DNI224700BP',195,48,13,1,2,'2023-05-31 15:52:35','2023-05-31 15:52:35',NULL),(13,'FO1623X0G3',196,24,13,3,2,'2023-05-31 16:17:27','2023-05-31 16:17:36',NULL),(14,'2184085003273',146,8,13,3,2,'2023-05-31 16:18:59','2023-06-02 12:15:56','2023-06-02 12:15:56'),(15,'2189A02007709',146,8,13,3,2,'2023-05-31 16:19:49','2023-06-02 12:15:12','2023-06-02 12:15:12'),(16,'H26P210300614',203,24,22,1,12,'2023-06-01 10:17:26','2023-06-01 10:17:26',NULL),(17,'QS5A219000528',204,8,22,1,12,'2023-06-01 10:19:57','2023-06-01 10:19:57',NULL),(18,'3EH15A3H509FE',216,24,5,1,5,'2023-06-03 14:52:08','2023-06-03 14:52:08',NULL),(19,'3EH15A3H520FE',216,24,7,1,5,'2023-06-03 14:53:41','2023-06-03 14:53:41',NULL),(20,'3EH15A3H525FE',216,24,7,1,5,'2023-06-03 14:54:21','2023-06-03 14:54:21',NULL),(21,'3EH12A3H509FE',216,24,5,1,5,'2023-06-03 14:56:11','2023-06-03 14:56:11',NULL),(22,'3EH15A1H560FE',216,24,6,1,5,'2023-06-03 14:57:43','2023-06-03 14:57:43',NULL),(23,'1BW4855L000E8',139,24,5,1,5,'2023-06-03 15:05:06','2023-06-03 15:05:06',NULL),(24,'3H04486000B9D',138,24,5,1,5,'2023-06-03 15:07:14','2023-06-03 15:07:14',NULL),(25,'FDO1518',219,48,5,1,5,'2023-06-03 15:26:29','2023-06-03 15:52:09',NULL),(26,'FDO1705',219,48,6,1,5,'2023-06-03 15:29:15','2023-06-03 15:29:15',NULL),(27,'1DV1653B0777',220,16,5,1,5,'2023-06-03 15:51:42','2023-06-03 15:51:42',NULL),(28,'CN10BWQ01Y',245,48,13,1,2,'2023-06-08 12:51:41','2023-06-08 12:51:41',NULL),(29,'U8DP12A006826',194,8,13,1,2,'2023-06-09 14:31:36','2023-06-09 14:31:36',NULL),(30,'U8DP12A006929',194,8,13,1,2,'2023-06-09 14:32:29','2023-06-09 14:32:29',NULL),(31,'PSJ160202YS',272,8,22,1,2,'2023-12-15 14:25:26','2023-12-15 14:25:26',NULL);
/*!40000 ALTER TABLE `switches_inventory` ENABLE KEYS */;
UNLOCK TABLES;

--
-- Table structure for table `users`
--

DROP TABLE IF EXISTS `users`;
/*!40101 SET @saved_cs_client     = @@character_set_client */;
/*!40101 SET character_set_client = utf8 */;
CREATE TABLE `users` (
  `id` bigint(20) unsigned NOT NULL AUTO_INCREMENT,
  `name` varchar(255) CHARACTER SET utf8 COLLATE utf8_general_ci NOT NULL,
  `email` varchar(255) CHARACTER SET utf8 COLLATE utf8_general_ci NOT NULL,
  `email_verified_at` timestamp NULL DEFAULT NULL,
  `password` varchar(255) CHARACTER SET utf8 COLLATE utf8_general_ci NOT NULL,
  `remember_token` varchar(100) CHARACTER SET utf8 COLLATE utf8_general_ci DEFAULT NULL,
  `created_at` timestamp NULL DEFAULT NULL,
  `updated_at` timestamp NULL DEFAULT NULL,
  `deleted_at` timestamp NULL DEFAULT NULL,
  `created_by` bigint(20) unsigned NOT NULL,
  `site_id` int(11) unsigned NOT NULL,
  `role_id` int(11) unsigned NOT NULL,
  PRIMARY KEY (`id`),
  UNIQUE KEY `users_email_unique` (`email`),
  KEY `users_created_by_fk` (`created_by`),
  KEY `users_site_id_fk` (`site_id`),
  KEY `users_role_fk` (`role_id`),
  CONSTRAINT `users_created_by_fk` FOREIGN KEY (`created_by`) REFERENCES `users` (`id`),
  CONSTRAINT `users_role_fk` FOREIGN KEY (`role_id`) REFERENCES `roles` (`id`),
  CONSTRAINT `users_site_id_fk` FOREIGN KEY (`site_id`) REFERENCES `sites` (`id`)
) ENGINE=InnoDB AUTO_INCREMENT=20 DEFAULT CHARSET=utf8 COLLATE=utf8_unicode_ci;
/*!40101 SET character_set_client = @saved_cs_client */;

--
-- Dumping data for table `users`
--

LOCK TABLES `users` WRITE;
/*!40000 ALTER TABLE `users` DISABLE KEYS */;
INSERT INTO `users` VALUES (1,'Administrator','administrator@itnassargroup.com',NULL,'$2y$10$SwhOJahk6iy2fn6z1nn4u.rupNej3hj8iI8rCnlvYzSzJg86TD./m','PYNKuIwplpixJS0hbnWbVl6N8utdcBiYekpwQ18Nr9RQ9frVskVQtrALnDmW','2022-10-21 13:31:43','2023-02-09 13:18:12',NULL,1,1,1),(2,'mohamed hassan','mohamed.hassan@itnassargroup.com',NULL,'$2y$10$X9xM7QE6/z/xtJFQA5IZo.0GnLR5qbTVuFwBG4.z/jhdlHCja22rS','DmZAEs8yg01ZHWYM9l9PVUmGUTNicXvJtdxhEzPF0uSWCHB3TYiCPP2aYu7d','2023-02-09 13:05:02','2023-10-17 10:29:03',NULL,2,9,2),(4,'ahmed badawy','ahmed.badawy@itnassargroup.com',NULL,'$2y$10$3xSYTG92AhEgAwZl0B2uPe60u.mU93Ir38qcUQcUM7DafWaXq9CAi','v9KUfJU7U2MlrZbxBuTLJhlBzWdB7z8Eu45nUHy5xXl0dZH9FKfzQDnijvPA','2023-02-09 13:51:13','2023-07-10 15:12:41',NULL,1,5,2),(5,'Ahmed Mansour','a.mansour@itnassargroup.com',NULL,'$2y$10$ZldKKTQV/YFP4FvQHA5yReYusjpiFil70X3Dwau1.SJa5feEBZ9nO','RUnaX1TRUiAW2ApqwkYYqNdN5hNymmZhIDfYKYMFrNVSE9sWgvU3GLZsm2wi','2023-02-12 14:09:56','2023-05-28 09:43:04',NULL,1,2,2),(6,'Mostafa Saeed','m.saeed@itnassargroup.com',NULL,'$2y$10$VoopFwWxPWtKkV0ZBzZbVO22krzgbehwCAIgL.r5HKTTip7yRm2g2',NULL,'2023-02-12 14:10:53','2023-02-12 14:10:53',NULL,1,2,1),(7,'Khaled Tawheed','ktawheed@itnassargroup.com',NULL,'$2y$10$ey/BQCVFpId.L.xJMSTL7.oVU/Yt8s0JDzZtLv9JloHXZ/ME6iXDu','vO1iADLMLpsDeJi7akflG9ECYjW30mv6ZTGeh8coT39BMGJMOcStKMOm3vIg','2023-02-12 14:11:44','2023-05-30 11:24:40',NULL,7,3,1),(8,'mohamed salah','m.salah@itnassargroup.com',NULL,'$2y$10$nfgVKvl51vXamgFs4/JTV.8.y52S.TMcNkLDt2Uvjo2mZqgmvsULW','CRTFvzMFqLw6YEtIIWgq7P3uzTLXvG5KNzjZ6DWqKk1g744pPfZlUyMtTuQ6','2023-02-12 14:12:31','2023-05-28 09:28:24',NULL,1,4,1),(9,'mahmoud terzaki','m.terzaki@itnassargroup.com',NULL,'$2y$10$y9G5j1J7YOfoOUwOJgsxieghNgn8yuUwyqzOqTKXkkJ5Hvp9XZZCu','NUGwX0wKEBaO9MIVwEZQJPzTwtukUNMG3ElGK9DofoQRzAKAC8J4mdBdQUBd','2023-02-12 14:13:12','2023-07-05 13:12:45',NULL,1,4,1),(11,'Mahmoud Helal','m.helal@itnassargroup.com',NULL,'$2y$10$Psm7YfZtPC6RhiQFENmKGuYCh7WiMvqRlBkyECc0u1WQaoXpB26KK',NULL,'2023-02-12 14:15:19','2023-05-28 09:34:46',NULL,11,6,1),(12,'M.Rihan','m.rihan@itnassargroup.com',NULL,'$2y$10$1aC05RkkVUqJzWk0tn9MpOT4aFy2yNNZZrtnit4tBarlbJRDlM9MO',NULL,'2023-05-28 08:58:59','2023-09-18 11:38:37',NULL,2,9,2),(13,'Mahmoud Abdelsamad','mahmoud.abdelsamad@itnassargroup.com',NULL,'$2y$10$/hzSFzQFFhAM.wXbMNV0lOS.INxuPrt0Bskp/uGuWef2EIojXV8ES',NULL,'2023-05-28 09:32:59','2023-05-28 09:32:59',NULL,11,7,2),(14,'Ali Ashraf','ali.ashraf@itnassargroup.com',NULL,'$2y$10$zdzGXX9Xqs613CAjnq61B.0rqdfLfnHibex/jqATfKbFLkYOksHHy',NULL,'2023-05-28 09:34:06','2023-05-28 09:34:06',NULL,11,8,2),(15,'mohamed.gamal','m.gamal@itnassargroup.com',NULL,'$2y$10$u1.ieR4H90o3JI0O9.5AFO0WwvRmEd9qoP9Yn8hXJUrke9azGY2mO','YOVY9v4Qm45RrwSiAH8d6ryZTFSHnWT8TJvSAtxovhUfCLTE92laRvju2RYT','2023-05-29 13:56:30','2023-08-28 14:27:10',NULL,2,1,1),(16,'youssef.ahmed','y.ahmed@itnassargroup.com',NULL,'$2y$10$3NPutN50dqYSg82yQ38LK.5eIv5ME9gWHU5X5mJgXq18ExjPL52JO','bOkcJvAroBhj4yZgZpx8zHLdFoDMnDSgg1exDrBNUCxRiqukjMG7Y6ISs1rP','2023-07-04 11:36:14','2023-07-04 11:36:14',NULL,7,1,2),(17,'m.tantawy','m.tantawy@itnassargroup.com',NULL,'$2y$10$zmsbT6zrUxKI5K2BclxaQ.sLgKdhVZdaqWtv2cbA28byZXY.qXQK6','9S316kfrLp0wdFJfk0W8UU4gtR9e9zdFoP7ad16G1bJWrEPWFfIN16NUsH3F','2023-07-26 15:58:39','2023-07-26 15:58:39',NULL,1,1,1),(18,'Hamdy Elhamahmy','hamdy@itnassargroup.com',NULL,'$2y$10$WfEWJvKS9hbtYblXVoazfu5K8/GNkXsVPwGntdUwKglPVOvWUIT9m',NULL,'2023-08-28 14:28:37','2023-08-28 14:28:37',NULL,2,1,1),(19,'Mohamed Ashraf','mohamed.ashraf@itnassargrup.com',NULL,'$2y$10$McZpZ1J0ARiJGxxp4dsJSeYUSVDVnkYVXPDoh6Ybe4PbmHPJecNVO','cbrS9rpJNci6GR7IGewWI9ujVpbdKICeSWgCOKBaO53tMBJV22zyPfuW29x5','2023-09-18 11:35:47','2023-09-18 11:36:25',NULL,2,1,1);
/*!40000 ALTER TABLE `users` ENABLE KEYS */;
UNLOCK TABLES;
/*!40103 SET TIME_ZONE=@OLD_TIME_ZONE */;

/*!40101 SET SQL_MODE=@OLD_SQL_MODE */;
/*!40014 SET FOREIGN_KEY_CHECKS=@OLD_FOREIGN_KEY_CHECKS */;
/*!40014 SET UNIQUE_CHECKS=@OLD_UNIQUE_CHECKS */;
/*!40101 SET CHARACTER_SET_CLIENT=@OLD_CHARACTER_SET_CLIENT */;
/*!40101 SET CHARACTER_SET_RESULTS=@OLD_CHARACTER_SET_RESULTS */;
/*!40101 SET COLLATION_CONNECTION=@OLD_COLLATION_CONNECTION */;
/*!40111 SET SQL_NOTES=@OLD_SQL_NOTES */;

-- Dump completed on 2024-02-05 19:10:47
